coreid,identifier,accessURI,thumbnailAccessURI,goodQualityAccessURI,rights,Owner,creator,UsageTerms,WebStatement,caption,comments,providerManagedID,MetadataDate,format,associatedSpecimenReference,type,subtype,metadataLanguage
681444,https://localhost/bndb/imagelib/INABIOEC_MECN-DP/00000/MECN-DP_747_1578518897_lg.jpg,https://localhost/bndb/imagelib/INABIOEC_MECN-DP/00000/MECN-DP_747_1578518897_lg.jpg,https://localhost/bndb/imagelib/INABIOEC_MECN-DP/00000/MECN-DP_747_1578518897_tn.jpg,https://localhost/bndb/imagelib/INABIOEC_MECN-DP/00000/MECN-DP_747_1578518897.jpg,http://creativecommons.org/licenses/by-nc/4.0/,"Gobierno del Ecuador- INABIO",,"CC BY-NC-SA (Attribution-NonCommercial-ShareAlike)","Sin fines de lucro","Hemigrammus sp.",,urn:uuid:3265f155-a8aa-46f0-b525-c77907cd0d4e,"2022-04-15 17:45:21",image/jpeg,https://localhost/bndb/collections/individual/index.php?occid=681444,StillImage,Photograph,en
681445,https://localhost/bndb/imagelib/INABIOEC_MECN-DP/00000/MECN-DP_748_1578519079_lg.jpg,https://localhost/bndb/imagelib/INABIOEC_MECN-DP/00000/MECN-DP_748_1578519079_lg.jpg,https://localhost/bndb/imagelib/INABIOEC_MECN-DP/00000/MECN-DP_748_1578519079_tn.jpg,https://localhost/bndb/imagelib/INABIOEC_MECN-DP/00000/MECN-DP_748_1578519079.jpg,http://creativecommons.org/licenses/by-nc/4.0/,"Gobierno del Ecuador- INABIO",,"CC BY-NC-SA (Attribution-NonCommercial-ShareAlike)","Sin fines de lucro","Hyphessobrycon cf. ecuadorensis",,urn:uuid:f4ce32ec-25d7-46e8-b0d3-1a1872f37a0e,"2022-04-15 17:45:21",image/jpeg,https://localhost/bndb/collections/individual/index.php?occid=681445,StillImage,Photograph,en
681446,https://localhost/bndb/imagelib/INABIOEC_MECN-DP/00000/MECN-DP_749_1578519144_lg.jpg,https://localhost/bndb/imagelib/INABIOEC_MECN-DP/00000/MECN-DP_749_1578519144_lg.jpg,https://localhost/bndb/imagelib/INABIOEC_MECN-DP/00000/MECN-DP_749_1578519144_tn.jpg,https://localhost/bndb/imagelib/INABIOEC_MECN-DP/00000/MECN-DP_749_1578519144.jpg,http://creativecommons.org/licenses/by-nc/4.0/,"Gobierno del Ecuador- INABIO",,"CC BY-NC-SA (Attribution-NonCommercial-ShareAlike)","Sin fines de lucro","Characidium cf. fasciatum",,urn:uuid:697b4254-2ef6-4e97-aa5c-9da9e5eb920d,"2022-04-15 17:45:21",image/jpeg,https://localhost/bndb/collections/individual/index.php?occid=681446,StillImage,Photograph,en
681448,https://localhost/bndb/imagelib/INABIOEC_MECN-DP/00000/MECN-DP_750_1578519302_lg.jpg,https://localhost/bndb/imagelib/INABIOEC_MECN-DP/00000/MECN-DP_750_1578519302_lg.jpg,https://localhost/bndb/imagelib/INABIOEC_MECN-DP/00000/MECN-DP_750_1578519302_tn.jpg,https://localhost/bndb/imagelib/INABIOEC_MECN-DP/00000/MECN-DP_750_1578519302.jpg,http://creativecommons.org/licenses/by-nc/4.0/,"Gobierno del Ecuador- INABIO",,"CC BY-NC-SA (Attribution-NonCommercial-ShareAlike)","Sin fines de lucro","Knodus sp.",,urn:uuid:26d3e180-9d9c-4f42-8e47-5e7bc7203c66,"2022-04-15 17:45:21",image/jpeg,https://localhost/bndb/collections/individual/index.php?occid=681448,StillImage,Photograph,en
681449,https://localhost/bndb/imagelib/INABIOEC_MECN-DP/00000/MECN-DP_751_1578519353_lg.jpg,https://localhost/bndb/imagelib/INABIOEC_MECN-DP/00000/MECN-DP_751_1578519353_lg.jpg,https://localhost/bndb/imagelib/INABIOEC_MECN-DP/00000/MECN-DP_751_1578519353_tn.jpg,https://localhost/bndb/imagelib/INABIOEC_MECN-DP/00000/MECN-DP_751_1578519353.jpg,http://creativecommons.org/licenses/by-nc/4.0/,"Gobierno del Ecuador- INABIO",,"CC BY-NC-SA (Attribution-NonCommercial-ShareAlike)","Sin fines de lucro","Bujurquina mariae",,urn:uuid:0b70af27-c970-4b80-a7f5-ef1e97ec98f9,"2022-04-15 17:45:21",image/jpeg,https://localhost/bndb/collections/individual/index.php?occid=681449,StillImage,Photograph,en
681450,https://localhost/bndb/imagelib/INABIOEC_MECN-DP/00000/MECN-DP_752_1578519394_lg.jpg,https://localhost/bndb/imagelib/INABIOEC_MECN-DP/00000/MECN-DP_752_1578519394_lg.jpg,https://localhost/bndb/imagelib/INABIOEC_MECN-DP/00000/MECN-DP_752_1578519394_tn.jpg,https://localhost/bndb/imagelib/INABIOEC_MECN-DP/00000/MECN-DP_752_1578519394.jpg,http://creativecommons.org/licenses/by-nc/4.0/,"Gobierno del Ecuador- INABIO",,"CC BY-NC-SA (Attribution-NonCommercial-ShareAlike)","Sin fines de lucro","Pseudotylosurus angusticeps",,urn:uuid:73a915e3-dd42-4024-b23e-64d1182677a9,"2022-04-15 17:45:21",image/jpeg,https://localhost/bndb/collections/individual/index.php?occid=681450,StillImage,Photograph,en
681451,https://localhost/bndb/imagelib/INABIOEC_MECN-DP/00000/MECN-DP_753_1578519531_lg.jpg,https://localhost/bndb/imagelib/INABIOEC_MECN-DP/00000/MECN-DP_753_1578519531_lg.jpg,https://localhost/bndb/imagelib/INABIOEC_MECN-DP/00000/MECN-DP_753_1578519531_tn.jpg,https://localhost/bndb/imagelib/INABIOEC_MECN-DP/00000/MECN-DP_753_1578519531.jpg,http://creativecommons.org/licenses/by-nc/4.0/,"Gobierno del Ecuador- INABIO",,"CC BY-NC-SA (Attribution-NonCommercial-ShareAlike)","Sin fines de lucro","Rineloricaria sp.",,urn:uuid:009c6403-6f08-4d7c-9abd-24bd048436d7,"2022-04-15 17:45:21",image/jpeg,https://localhost/bndb/collections/individual/index.php?occid=681451,StillImage,Photograph,en
681452,https://localhost/bndb/imagelib/INABIOEC_MECN-DP/00000/MECN-DP_754_1578519578_lg.jpg,https://localhost/bndb/imagelib/INABIOEC_MECN-DP/00000/MECN-DP_754_1578519578_lg.jpg,https://localhost/bndb/imagelib/INABIOEC_MECN-DP/00000/MECN-DP_754_1578519578_tn.jpg,https://localhost/bndb/imagelib/INABIOEC_MECN-DP/00000/MECN-DP_754_1578519578.jpg,http://creativecommons.org/licenses/by-nc/4.0/,"Gobierno del Ecuador- INABIO",,"CC BY-NC-SA (Attribution-NonCommercial-ShareAlike)","Sin fines de lucro","Caquetaia myersi",,urn:uuid:e02662a4-be1d-4020-969e-06670a8d89a6,"2022-04-15 17:45:21",image/jpeg,https://localhost/bndb/collections/individual/index.php?occid=681452,StillImage,Photograph,en
681453,https://localhost/bndb/imagelib/INABIOEC_MECN-DP/00000/MECN-DP_755_1578519646_lg.jpg,https://localhost/bndb/imagelib/INABIOEC_MECN-DP/00000/MECN-DP_755_1578519646_lg.jpg,https://localhost/bndb/imagelib/INABIOEC_MECN-DP/00000/MECN-DP_755_1578519646_tn.jpg,https://localhost/bndb/imagelib/INABIOEC_MECN-DP/00000/MECN-DP_755_1578519646.jpg,http://creativecommons.org/licenses/by-nc/4.0/,"Gobierno del Ecuador- INABIO",,"CC BY-NC-SA (Attribution-NonCommercial-ShareAlike)","Sin fines de lucro","Knodus sp2",,urn:uuid:91dc7585-1d84-407b-ab81-164b2a7a30e9,"2022-04-15 17:45:21",image/jpeg,https://localhost/bndb/collections/individual/index.php?occid=681453,StillImage,Photograph,en
681454,https://localhost/bndb/imagelib/INABIOEC_MECN-DP/00000/MECN-DP_756_1578519704_lg.jpg,https://localhost/bndb/imagelib/INABIOEC_MECN-DP/00000/MECN-DP_756_1578519704_lg.jpg,https://localhost/bndb/imagelib/INABIOEC_MECN-DP/00000/MECN-DP_756_1578519704_tn.jpg,https://localhost/bndb/imagelib/INABIOEC_MECN-DP/00000/MECN-DP_756_1578519704.jpg,http://creativecommons.org/licenses/by-nc/4.0/,"Gobierno del Ecuador- INABIO",,"CC BY-NC-SA (Attribution-NonCommercial-ShareAlike)","Sin fines de lucro","Creagrutus barrigai",,urn:uuid:8c49f7ac-d513-4561-9a94-9a40489f80d2,"2022-04-15 17:45:21",image/jpeg,https://localhost/bndb/collections/individual/index.php?occid=681454,StillImage,Photograph,en
681455,https://localhost/bndb/imagelib/INABIOEC_MECN-DP/00000/MECN-DP_757_D_1578519822_lg.jpg,https://localhost/bndb/imagelib/INABIOEC_MECN-DP/00000/MECN-DP_757_D_1578519822_lg.jpg,https://localhost/bndb/imagelib/INABIOEC_MECN-DP/00000/MECN-DP_757_D_1578519822_tn.jpg,https://localhost/bndb/imagelib/INABIOEC_MECN-DP/00000/MECN-DP_757_D_1578519822.jpg,http://creativecommons.org/licenses/by-nc/4.0/,"Gobierno del Ecuador- INABIO",,"CC BY-NC-SA (Attribution-NonCommercial-ShareAlike)","Sin fines de lucro","Limatulichthys sp.",,urn:uuid:84e4804f-17ad-4938-88d6-e072f5a30b76,"2022-04-15 17:45:21",image/jpeg,https://localhost/bndb/collections/individual/index.php?occid=681455,StillImage,Photograph,en
681455,https://localhost/bndb/imagelib/INABIOEC_MECN-DP/00000/MECN-DP_757_V_1578519869_lg.jpg,https://localhost/bndb/imagelib/INABIOEC_MECN-DP/00000/MECN-DP_757_V_1578519869_lg.jpg,https://localhost/bndb/imagelib/INABIOEC_MECN-DP/00000/MECN-DP_757_V_1578519869_tn.jpg,https://localhost/bndb/imagelib/INABIOEC_MECN-DP/00000/MECN-DP_757_V_1578519869.jpg,http://creativecommons.org/licenses/by-nc/4.0/,"Gobierno del Ecuador- INABIO",,"CC BY-NC-SA (Attribution-NonCommercial-ShareAlike)","Sin fines de lucro","Limatulichthys sp.",,urn:uuid:0917263d-9fcf-41e7-9ecd-949d17d85f4d,"2022-04-15 17:45:21",image/jpeg,https://localhost/bndb/collections/individual/index.php?occid=681455,StillImage,Photograph,en
681456,https://localhost/bndb/imagelib/INABIOEC_MECN-DP/00000/MECN-DP_758_1578520007_lg.jpg,https://localhost/bndb/imagelib/INABIOEC_MECN-DP/00000/MECN-DP_758_1578520007_lg.jpg,https://localhost/bndb/imagelib/INABIOEC_MECN-DP/00000/MECN-DP_758_1578520007_tn.jpg,https://localhost/bndb/imagelib/INABIOEC_MECN-DP/00000/MECN-DP_758_1578520007.jpg,http://creativecommons.org/licenses/by-nc/4.0/,"Gobierno del Ecuador- INABIO",,"CC BY-NC-SA (Attribution-NonCommercial-ShareAlike)","Sin fines de lucro","Ochmacanthus cf. reinhardtii",,urn:uuid:fafea7f4-ed2c-4eff-aa7e-6f50c6033cee,"2022-04-15 17:45:21",image/jpeg,https://localhost/bndb/collections/individual/index.php?occid=681456,StillImage,Photograph,en
681457,https://localhost/bndb/imagelib/INABIOEC_MECN-DP/00000/MECN-DP_759_1578520075_lg.jpg,https://localhost/bndb/imagelib/INABIOEC_MECN-DP/00000/MECN-DP_759_1578520075_lg.jpg,https://localhost/bndb/imagelib/INABIOEC_MECN-DP/00000/MECN-DP_759_1578520075_tn.jpg,https://localhost/bndb/imagelib/INABIOEC_MECN-DP/00000/MECN-DP_759_1578520075.jpg,http://creativecommons.org/licenses/by-nc/4.0/,"Gobierno del Ecuador- INABIO",,"CC BY-NC-SA (Attribution-NonCommercial-ShareAlike)","Sin fines de lucro","Knodus sp.",,urn:uuid:8dfcdb42-8575-4f07-874c-a7ba23b30704,"2022-04-15 17:45:21",image/jpeg,https://localhost/bndb/collections/individual/index.php?occid=681457,StillImage,Photograph,en
681459,https://localhost/bndb/imagelib/INABIOEC_MECN-DP/00000/MECN-DP_760_1578520149_lg.jpg,https://localhost/bndb/imagelib/INABIOEC_MECN-DP/00000/MECN-DP_760_1578520149_lg.jpg,https://localhost/bndb/imagelib/INABIOEC_MECN-DP/00000/MECN-DP_760_1578520149_tn.jpg,https://localhost/bndb/imagelib/INABIOEC_MECN-DP/00000/MECN-DP_760_1578520149.jpg,http://creativecommons.org/licenses/by-nc/4.0/,"Gobierno del Ecuador- INABIO",,"CC BY-NC-SA (Attribution-NonCommercial-ShareAlike)","Sin fines de lucro","Moenkhausia sp.",,urn:uuid:150cad1e-a9fe-48b7-929f-077c5b820390,"2022-04-15 17:45:21",image/jpeg,https://localhost/bndb/collections/individual/index.php?occid=681459,StillImage,Photograph,en
681460,https://localhost/bndb/imagelib/INABIOEC_MECN-DP/00000/MECN-DP_761_1578520282_lg.jpg,https://localhost/bndb/imagelib/INABIOEC_MECN-DP/00000/MECN-DP_761_1578520282_lg.jpg,https://localhost/bndb/imagelib/INABIOEC_MECN-DP/00000/MECN-DP_761_1578520282_tn.jpg,https://localhost/bndb/imagelib/INABIOEC_MECN-DP/00000/MECN-DP_761_1578520282.jpg,http://creativecommons.org/licenses/by-nc/4.0/,"Gobierno del Ecuador- INABIO",,"CC BY-NC-SA (Attribution-NonCommercial-ShareAlike)","Sin fines de lucro","Characidae sp.",,urn:uuid:180dd826-5e24-40eb-ad44-7aa9d08f646e,"2022-04-15 17:45:21",image/jpeg,https://localhost/bndb/collections/individual/index.php?occid=681460,StillImage,Photograph,en
681461,https://localhost/bndb/imagelib/INABIOEC_MECN-DP/00000/MECN-DP_762_1578520390_lg.jpg,https://localhost/bndb/imagelib/INABIOEC_MECN-DP/00000/MECN-DP_762_1578520390_lg.jpg,https://localhost/bndb/imagelib/INABIOEC_MECN-DP/00000/MECN-DP_762_1578520390_tn.jpg,https://localhost/bndb/imagelib/INABIOEC_MECN-DP/00000/MECN-DP_762_1578520390.jpg,http://creativecommons.org/licenses/by-nc/4.0/,"Gobierno del Ecuador- INABIO",,"CC BY-NC-SA (Attribution-NonCommercial-ShareAlike)","Sin fines de lucro","Bujurquina mariae",,urn:uuid:7fb6f207-3173-462a-b15d-0327639872a9,"2022-04-15 17:45:21",image/jpeg,https://localhost/bndb/collections/individual/index.php?occid=681461,StillImage,Photograph,en
681462,https://localhost/bndb/imagelib/INABIOEC_MECN-DP/00000/MECN-DP_763_1578520440_lg.jpg,https://localhost/bndb/imagelib/INABIOEC_MECN-DP/00000/MECN-DP_763_1578520440_lg.jpg,https://localhost/bndb/imagelib/INABIOEC_MECN-DP/00000/MECN-DP_763_1578520440_tn.jpg,https://localhost/bndb/imagelib/INABIOEC_MECN-DP/00000/MECN-DP_763_1578520440.jpg,http://creativecommons.org/licenses/by-nc/4.0/,"Gobierno del Ecuador- INABIO",,"CC BY-NC-SA (Attribution-NonCommercial-ShareAlike)","Sin fines de lucro","Knodus sp.",,urn:uuid:e002cb5b-a4f7-4571-8b6e-095285d589e5,"2022-04-15 17:45:21",image/jpeg,https://localhost/bndb/collections/individual/index.php?occid=681462,StillImage,Photograph,en
681463,https://localhost/bndb/imagelib/INABIOEC_MECN-DP/00000/MECN-DP_764_D_1578520674_lg.jpg,https://localhost/bndb/imagelib/INABIOEC_MECN-DP/00000/MECN-DP_764_D_1578520674_lg.jpg,https://localhost/bndb/imagelib/INABIOEC_MECN-DP/00000/MECN-DP_764_D_1578520674_tn.jpg,https://localhost/bndb/imagelib/INABIOEC_MECN-DP/00000/MECN-DP_764_D_1578520674.jpg,http://creativecommons.org/licenses/by-nc/4.0/,"Gobierno del Ecuador- INABIO",,"CC BY-NC-SA (Attribution-NonCommercial-ShareAlike)","Sin fines de lucro","Chaetostoma sp.",,urn:uuid:7271a3fd-5b5c-4001-9609-9c4b1b548a10,"2022-04-15 17:45:21",image/jpeg,https://localhost/bndb/collections/individual/index.php?occid=681463,StillImage,Photograph,en
681463,https://localhost/bndb/imagelib/INABIOEC_MECN-DP/00000/MECN-DP_764_V_1578520696_lg.jpg,https://localhost/bndb/imagelib/INABIOEC_MECN-DP/00000/MECN-DP_764_V_1578520696_lg.jpg,https://localhost/bndb/imagelib/INABIOEC_MECN-DP/00000/MECN-DP_764_V_1578520696_tn.jpg,https://localhost/bndb/imagelib/INABIOEC_MECN-DP/00000/MECN-DP_764_V_1578520696.jpg,http://creativecommons.org/licenses/by-nc/4.0/,"Gobierno del Ecuador- INABIO",,"CC BY-NC-SA (Attribution-NonCommercial-ShareAlike)","Sin fines de lucro","Chaetostoma sp.",,urn:uuid:88ee72f6-1095-4fa4-ab39-0cadda785c6a,"2022-04-15 17:45:21",image/jpeg,https://localhost/bndb/collections/individual/index.php?occid=681463,StillImage,Photograph,en
681464,https://localhost/bndb/imagelib/INABIOEC_MECN-DP/00000/MECN-DP_765_1578520735_lg.jpg,https://localhost/bndb/imagelib/INABIOEC_MECN-DP/00000/MECN-DP_765_1578520735_lg.jpg,https://localhost/bndb/imagelib/INABIOEC_MECN-DP/00000/MECN-DP_765_1578520735_tn.jpg,https://localhost/bndb/imagelib/INABIOEC_MECN-DP/00000/MECN-DP_765_1578520735.jpg,http://creativecommons.org/licenses/by-nc/4.0/,"Gobierno del Ecuador- INABIO",,"CC BY-NC-SA (Attribution-NonCommercial-ShareAlike)","Sin fines de lucro","Caquetaia myersi",,urn:uuid:8b4a57c5-2209-495b-bb7b-ba086dda8049,"2022-04-15 17:45:21",image/jpeg,https://localhost/bndb/collections/individual/index.php?occid=681464,StillImage,Photograph,en
681465,https://localhost/bndb/imagelib/INABIOEC_MECN-DP/00000/MECN-DP_766_D_1578520861_lg.jpg,https://localhost/bndb/imagelib/INABIOEC_MECN-DP/00000/MECN-DP_766_D_1578520861_lg.jpg,https://localhost/bndb/imagelib/INABIOEC_MECN-DP/00000/MECN-DP_766_D_1578520861_tn.jpg,https://localhost/bndb/imagelib/INABIOEC_MECN-DP/00000/MECN-DP_766_D_1578520861.jpg,http://creativecommons.org/licenses/by-nc/4.0/,"Gobierno del Ecuador- INABIO",,"CC BY-NC-SA (Attribution-NonCommercial-ShareAlike)","Sin fines de lucro","Pseudotylosurus angusticeps",,urn:uuid:3bbbf85d-5c87-475e-a014-3135f405d854,"2022-04-15 17:45:21",image/jpeg,https://localhost/bndb/collections/individual/index.php?occid=681465,StillImage,Photograph,en
681465,https://localhost/bndb/imagelib/INABIOEC_MECN-DP/00000/MECN-DP_766_V_1578520895_lg.jpg,https://localhost/bndb/imagelib/INABIOEC_MECN-DP/00000/MECN-DP_766_V_1578520895_lg.jpg,https://localhost/bndb/imagelib/INABIOEC_MECN-DP/00000/MECN-DP_766_V_1578520895_tn.jpg,https://localhost/bndb/imagelib/INABIOEC_MECN-DP/00000/MECN-DP_766_V_1578520895.jpg,http://creativecommons.org/licenses/by-nc/4.0/,"Gobierno del Ecuador- INABIO",,"CC BY-NC-SA (Attribution-NonCommercial-ShareAlike)","Sin fines de lucro","Pseudotylosurus angusticeps",,urn:uuid:d6bcc810-8c6d-40e6-b43c-456a2da8882b,"2022-04-15 17:45:21",image/jpeg,https://localhost/bndb/collections/individual/index.php?occid=681465,StillImage,Photograph,en
681466,https://localhost/bndb/imagelib/INABIOEC_MECN-DP/00000/MECN-DP_767_1578521078_lg.jpg,https://localhost/bndb/imagelib/INABIOEC_MECN-DP/00000/MECN-DP_767_1578521078_lg.jpg,https://localhost/bndb/imagelib/INABIOEC_MECN-DP/00000/MECN-DP_767_1578521078_tn.jpg,https://localhost/bndb/imagelib/INABIOEC_MECN-DP/00000/MECN-DP_767_1578521078.jpg,http://creativecommons.org/licenses/by-nc/4.0/,"Gobierno del Ecuador- INABIO",,"CC BY-NC-SA (Attribution-NonCommercial-ShareAlike)","Sin fines de lucro","Aphyocharax alburnus",,urn:uuid:73a05f20-254e-4c5f-8e17-17ed444e8a25,"2022-04-15 17:45:21",image/jpeg,https://localhost/bndb/collections/individual/index.php?occid=681466,StillImage,Photograph,en
681467,https://localhost/bndb/imagelib/INABIOEC_MECN-DP/00000/MECN-DP_768_1578521121_lg.jpg,https://localhost/bndb/imagelib/INABIOEC_MECN-DP/00000/MECN-DP_768_1578521121_lg.jpg,https://localhost/bndb/imagelib/INABIOEC_MECN-DP/00000/MECN-DP_768_1578521121_tn.jpg,https://localhost/bndb/imagelib/INABIOEC_MECN-DP/00000/MECN-DP_768_1578521121.jpg,http://creativecommons.org/licenses/by-nc/4.0/,"Gobierno del Ecuador- INABIO",,"CC BY-NC-SA (Attribution-NonCommercial-ShareAlike)","Sin fines de lucro","Knodus delta",,urn:uuid:43ec5cd4-0b25-4cfd-a620-940558cf6d8d,"2022-04-15 17:45:21",image/jpeg,https://localhost/bndb/collections/individual/index.php?occid=681467,StillImage,Photograph,en
681468,https://localhost/bndb/imagelib/INABIOEC_MECN-DP/00000/MECN-DP_769_1578521160_lg.jpg,https://localhost/bndb/imagelib/INABIOEC_MECN-DP/00000/MECN-DP_769_1578521160_lg.jpg,https://localhost/bndb/imagelib/INABIOEC_MECN-DP/00000/MECN-DP_769_1578521160_tn.jpg,https://localhost/bndb/imagelib/INABIOEC_MECN-DP/00000/MECN-DP_769_1578521160.jpg,http://creativecommons.org/licenses/by-nc/4.0/,"Gobierno del Ecuador- INABIO",,"CC BY-NC-SA (Attribution-NonCommercial-ShareAlike)","Sin fines de lucro","Knodus sp.",,urn:uuid:1e6e2126-c63c-4412-a812-897063507302,"2022-04-15 17:45:21",image/jpeg,https://localhost/bndb/collections/individual/index.php?occid=681468,StillImage,Photograph,en
681470,https://localhost/bndb/imagelib/INABIOEC_MECN-DP/00000/MECN-DP_770_D_1578521284_lg.jpg,https://localhost/bndb/imagelib/INABIOEC_MECN-DP/00000/MECN-DP_770_D_1578521284_lg.jpg,https://localhost/bndb/imagelib/INABIOEC_MECN-DP/00000/MECN-DP_770_D_1578521284_tn.jpg,https://localhost/bndb/imagelib/INABIOEC_MECN-DP/00000/MECN-DP_770_D_1578521284.jpg,http://creativecommons.org/licenses/by-nc/4.0/,"Gobierno del Ecuador- INABIO",,"CC BY-NC-SA (Attribution-NonCommercial-ShareAlike)","Sin fines de lucro","Farlowella cf. odontotumulus",,urn:uuid:e6a0afb9-52b4-484b-96d6-8c1f8a02c3e3,"2022-04-15 17:45:21",image/jpeg,https://localhost/bndb/collections/individual/index.php?occid=681470,StillImage,Photograph,en
681470,https://localhost/bndb/imagelib/INABIOEC_MECN-DP/00000/MECN-DP_770_V_1578521327_lg.jpg,https://localhost/bndb/imagelib/INABIOEC_MECN-DP/00000/MECN-DP_770_V_1578521327_lg.jpg,https://localhost/bndb/imagelib/INABIOEC_MECN-DP/00000/MECN-DP_770_V_1578521327_tn.jpg,https://localhost/bndb/imagelib/INABIOEC_MECN-DP/00000/MECN-DP_770_V_1578521327.jpg,http://creativecommons.org/licenses/by-nc/4.0/,"Gobierno del Ecuador- INABIO",,"CC BY-NC-SA (Attribution-NonCommercial-ShareAlike)","Sin fines de lucro","Farlowella cf. odontotumulus",,urn:uuid:549a9908-b039-4ca2-bab2-9b8a84049548,"2022-04-15 17:45:21",image/jpeg,https://localhost/bndb/collections/individual/index.php?occid=681470,StillImage,Photograph,en
681471,https://localhost/bndb/imagelib/INABIOEC_MECN-DP/00000/MECN-DP_771_1578521389_lg.jpg,https://localhost/bndb/imagelib/INABIOEC_MECN-DP/00000/MECN-DP_771_1578521389_lg.jpg,https://localhost/bndb/imagelib/INABIOEC_MECN-DP/00000/MECN-DP_771_1578521389_tn.jpg,https://localhost/bndb/imagelib/INABIOEC_MECN-DP/00000/MECN-DP_771_1578521389.jpg,http://creativecommons.org/licenses/by-nc/4.0/,"Gobierno del Ecuador- INABIO",,"CC BY-NC-SA (Attribution-NonCommercial-ShareAlike)","Sin fines de lucro","Spatuloricaria sp.",,urn:uuid:052292de-e960-4b27-b153-2522fbfecfa2,"2022-04-15 17:45:21",image/jpeg,https://localhost/bndb/collections/individual/index.php?occid=681471,StillImage,Photograph,en
681472,https://localhost/bndb/imagelib/INABIOEC_MECN-DP/00000/MECN-DP_772_1578521423_lg.jpg,https://localhost/bndb/imagelib/INABIOEC_MECN-DP/00000/MECN-DP_772_1578521423_lg.jpg,https://localhost/bndb/imagelib/INABIOEC_MECN-DP/00000/MECN-DP_772_1578521423_tn.jpg,https://localhost/bndb/imagelib/INABIOEC_MECN-DP/00000/MECN-DP_772_1578521423.jpg,http://creativecommons.org/licenses/by-nc/4.0/,"Gobierno del Ecuador- INABIO",,"CC BY-NC-SA (Attribution-NonCommercial-ShareAlike)","Sin fines de lucro","Tetragonopterus argenteus",,urn:uuid:1958a43a-dce8-48d6-8369-857fe5e2e6ce,"2022-04-15 17:45:21",image/jpeg,https://localhost/bndb/collections/individual/index.php?occid=681472,StillImage,Photograph,en
681473,https://localhost/bndb/imagelib/INABIOEC_MECN-DP/00000/MECN-DP_773_D_1578521488_lg.jpg,https://localhost/bndb/imagelib/INABIOEC_MECN-DP/00000/MECN-DP_773_D_1578521488_lg.jpg,https://localhost/bndb/imagelib/INABIOEC_MECN-DP/00000/MECN-DP_773_D_1578521488_tn.jpg,https://localhost/bndb/imagelib/INABIOEC_MECN-DP/00000/MECN-DP_773_D_1578521488.jpg,http://creativecommons.org/licenses/by-nc/4.0/,"Gobierno del Ecuador- INABIO",,"CC BY-NC-SA (Attribution-NonCommercial-ShareAlike)","Sin fines de lucro","Corydoras aeneus",,urn:uuid:46ff1680-f2ad-45be-9c56-8b1dbd0f7285,"2022-04-15 17:45:21",image/jpeg,https://localhost/bndb/collections/individual/index.php?occid=681473,StillImage,Photograph,en
681474,https://localhost/bndb/imagelib/INABIOEC_MECN-DP/00000/MECN-DP_774_1578521557_lg.jpg,https://localhost/bndb/imagelib/INABIOEC_MECN-DP/00000/MECN-DP_774_1578521557_lg.jpg,https://localhost/bndb/imagelib/INABIOEC_MECN-DP/00000/MECN-DP_774_1578521557_tn.jpg,https://localhost/bndb/imagelib/INABIOEC_MECN-DP/00000/MECN-DP_774_1578521557.jpg,http://creativecommons.org/licenses/by-nc/4.0/,"Gobierno del Ecuador- INABIO",,"CC BY-NC-SA (Attribution-NonCommercial-ShareAlike)","Sin fines de lucro","Bujurquina mariae",,urn:uuid:42dafafb-35da-47fa-aeb4-340befb79cab,"2022-04-15 17:45:21",image/jpeg,https://localhost/bndb/collections/individual/index.php?occid=681474,StillImage,Photograph,en
681475,https://localhost/bndb/imagelib/INABIOEC_MECN-DP/00000/MECN-DP_775_1578521627_lg.jpg,https://localhost/bndb/imagelib/INABIOEC_MECN-DP/00000/MECN-DP_775_1578521627_lg.jpg,https://localhost/bndb/imagelib/INABIOEC_MECN-DP/00000/MECN-DP_775_1578521627_tn.jpg,https://localhost/bndb/imagelib/INABIOEC_MECN-DP/00000/MECN-DP_775_1578521627.jpg,http://creativecommons.org/licenses/by-nc/4.0/,"Gobierno del Ecuador- INABIO",,"CC BY-NC-SA (Attribution-NonCommercial-ShareAlike)","Sin fines de lucro","Knodus sp.",,urn:uuid:c5e115ac-11c6-4df8-bd5c-336fc64cf549,"2022-04-15 17:45:21",image/jpeg,https://localhost/bndb/collections/individual/index.php?occid=681475,StillImage,Photograph,en
681476,https://localhost/bndb/imagelib/INABIOEC_MECN-DP/00000/MECN-DP_776_1578521711_lg.jpg,https://localhost/bndb/imagelib/INABIOEC_MECN-DP/00000/MECN-DP_776_1578521711_lg.jpg,https://localhost/bndb/imagelib/INABIOEC_MECN-DP/00000/MECN-DP_776_1578521711_tn.jpg,https://localhost/bndb/imagelib/INABIOEC_MECN-DP/00000/MECN-DP_776_1578521711.jpg,http://creativecommons.org/licenses/by-nc/4.0/,"Gobierno del Ecuador- INABIO",,"CC BY-NC-SA (Attribution-NonCommercial-ShareAlike)","Sin fines de lucro","Eigenmannia virescens",,urn:uuid:af063d64-82e8-471f-b453-18160c63523c,"2022-04-15 17:45:21",image/jpeg,https://localhost/bndb/collections/individual/index.php?occid=681476,StillImage,Photograph,en
681477,https://localhost/bndb/imagelib/INABIOEC_MECN-DP/00000/MECN-DP_777_1578521759_lg.jpg,https://localhost/bndb/imagelib/INABIOEC_MECN-DP/00000/MECN-DP_777_1578521759_lg.jpg,https://localhost/bndb/imagelib/INABIOEC_MECN-DP/00000/MECN-DP_777_1578521759_tn.jpg,https://localhost/bndb/imagelib/INABIOEC_MECN-DP/00000/MECN-DP_777_1578521759.jpg,http://creativecommons.org/licenses/by-nc/4.0/,"Gobierno del Ecuador- INABIO",,"CC BY-NC-SA (Attribution-NonCommercial-ShareAlike)","Sin fines de lucro","Sternarchorhynchus curvirostris",,urn:uuid:342f1b32-a139-425d-904c-c1af3afa3bc9,"2022-04-15 17:45:21",image/jpeg,https://localhost/bndb/collections/individual/index.php?occid=681477,StillImage,Photograph,en
681478,https://localhost/bndb/imagelib/INABIOEC_MECN-DP/00000/MECN-DP_778_L_1578521793_lg.jpg,https://localhost/bndb/imagelib/INABIOEC_MECN-DP/00000/MECN-DP_778_L_1578521793_lg.jpg,https://localhost/bndb/imagelib/INABIOEC_MECN-DP/00000/MECN-DP_778_L_1578521793_tn.jpg,https://localhost/bndb/imagelib/INABIOEC_MECN-DP/00000/MECN-DP_778_L_1578521793.jpg,http://creativecommons.org/licenses/by-nc/4.0/,"Gobierno del Ecuador- INABIO",,"CC BY-NC-SA (Attribution-NonCommercial-ShareAlike)","Sin fines de lucro","Centromochlus perugiae",,urn:uuid:0fcf40c0-ab13-40e0-9874-032f9e45922c,"2022-04-15 17:45:21",image/jpeg,https://localhost/bndb/collections/individual/index.php?occid=681478,StillImage,Photograph,en
681479,https://localhost/bndb/imagelib/INABIOEC_MECN-DP/00000/MECN-DP_779_1578521876_lg.jpg,https://localhost/bndb/imagelib/INABIOEC_MECN-DP/00000/MECN-DP_779_1578521876_lg.jpg,https://localhost/bndb/imagelib/INABIOEC_MECN-DP/00000/MECN-DP_779_1578521876_tn.jpg,https://localhost/bndb/imagelib/INABIOEC_MECN-DP/00000/MECN-DP_779_1578521876.jpg,http://creativecommons.org/licenses/by-nc/4.0/,"Gobierno del Ecuador- INABIO",,"CC BY-NC-SA (Attribution-NonCommercial-ShareAlike)","Sin fines de lucro","Thoracocharax stellatus",,urn:uuid:e0f16587-cb59-48a2-9f24-ee85b8fc2990,"2022-04-15 17:45:21",image/jpeg,https://localhost/bndb/collections/individual/index.php?occid=681479,StillImage,Photograph,en
681481,https://localhost/bndb/imagelib/INABIOEC_MECN-DP/00000/MECN-DP_780_D_1578521923.jpg,https://localhost/bndb/imagelib/INABIOEC_MECN-DP/00000/MECN-DP_780_D_1578521923.jpg,https://localhost/bndb/imagelib/INABIOEC_MECN-DP/00000/MECN-DP_780_D_1578521923_tn.jpg,https://localhost/bndb/imagelib/INABIOEC_MECN-DP/00000/MECN-DP_780_D_1578521923.jpg,http://creativecommons.org/licenses/by-nc/4.0/,"Gobierno del Ecuador- INABIO",,"CC BY-NC-SA (Attribution-NonCommercial-ShareAlike)","Sin fines de lucro","Vandellia cirrhosa",,urn:uuid:aa3bf538-02f2-4f6b-aba0-d1f5c4525864,"2022-04-15 17:45:21",image/jpeg,https://localhost/bndb/collections/individual/index.php?occid=681481,StillImage,Photograph,en
681482,https://localhost/bndb/imagelib/INABIOEC_MECN-DP/00000/MECN-DP_781_1578521963_lg.jpg,https://localhost/bndb/imagelib/INABIOEC_MECN-DP/00000/MECN-DP_781_1578521963_lg.jpg,https://localhost/bndb/imagelib/INABIOEC_MECN-DP/00000/MECN-DP_781_1578521963_tn.jpg,https://localhost/bndb/imagelib/INABIOEC_MECN-DP/00000/MECN-DP_781_1578521963.jpg,http://creativecommons.org/licenses/by-nc/4.0/,"Gobierno del Ecuador- INABIO",,"CC BY-NC-SA (Attribution-NonCommercial-ShareAlike)","Sin fines de lucro","Pseudocetopsis plumbea",,urn:uuid:0a5bee27-1cd7-4b8a-a0fe-bfddaa77758f,"2022-04-15 17:45:21",image/jpeg,https://localhost/bndb/collections/individual/index.php?occid=681482,StillImage,Photograph,en
681483,https://localhost/bndb/imagelib/INABIOEC_MECN-DP/00000/MECN-DP_782_V_1578522001_lg.jpg,https://localhost/bndb/imagelib/INABIOEC_MECN-DP/00000/MECN-DP_782_V_1578522001_lg.jpg,https://localhost/bndb/imagelib/INABIOEC_MECN-DP/00000/MECN-DP_782_V_1578522001_tn.jpg,https://localhost/bndb/imagelib/INABIOEC_MECN-DP/00000/MECN-DP_782_V_1578522001.jpg,http://creativecommons.org/licenses/by-nc/4.0/,"Gobierno del Ecuador- INABIO",,"CC BY-NC-SA (Attribution-NonCommercial-ShareAlike)","Sin fines de lucro","Pimelodella sp.",,urn:uuid:802baf05-ac6f-440b-800c-9af4da5cda8e,"2022-04-15 17:45:21",image/jpeg,https://localhost/bndb/collections/individual/index.php?occid=681483,StillImage,Photograph,en
681483,https://localhost/bndb/imagelib/INABIOEC_MECN-DP/00000/MECN-DP_782_1578522098_lg.jpg,https://localhost/bndb/imagelib/INABIOEC_MECN-DP/00000/MECN-DP_782_1578522098_lg.jpg,https://localhost/bndb/imagelib/INABIOEC_MECN-DP/00000/MECN-DP_782_1578522098_tn.jpg,https://localhost/bndb/imagelib/INABIOEC_MECN-DP/00000/MECN-DP_782_1578522098.jpg,http://creativecommons.org/licenses/by-nc/4.0/,"Gobierno del Ecuador- INABIO",,"CC BY-NC-SA (Attribution-NonCommercial-ShareAlike)","Sin fines de lucro","Pimelodella sp.",,urn:uuid:fe92896d-5287-4a75-bbc3-75e77ce9b172,"2022-04-15 17:45:21",image/jpeg,https://localhost/bndb/collections/individual/index.php?occid=681483,StillImage,Photograph,en
681485,https://localhost/bndb/imagelib/INABIOEC_MECN-DP/00000/MECN-DP_784_D_1578522144_lg.jpg,https://localhost/bndb/imagelib/INABIOEC_MECN-DP/00000/MECN-DP_784_D_1578522144_lg.jpg,https://localhost/bndb/imagelib/INABIOEC_MECN-DP/00000/MECN-DP_784_D_1578522144_tn.jpg,https://localhost/bndb/imagelib/INABIOEC_MECN-DP/00000/MECN-DP_784_D_1578522144.jpg,http://creativecommons.org/licenses/by-nc/4.0/,"Gobierno del Ecuador- INABIO",,"CC BY-NC-SA (Attribution-NonCommercial-ShareAlike)","Sin fines de lucro","Chaetostoma vagum",,urn:uuid:9c049572-7d81-4d1a-bb41-fc47966f847c,"2022-04-15 17:45:21",image/jpeg,https://localhost/bndb/collections/individual/index.php?occid=681485,StillImage,Photograph,en
681485,https://localhost/bndb/imagelib/INABIOEC_MECN-DP/00000/MECN-DP_784_L_1578522170_lg.jpg,https://localhost/bndb/imagelib/INABIOEC_MECN-DP/00000/MECN-DP_784_L_1578522170_lg.jpg,https://localhost/bndb/imagelib/INABIOEC_MECN-DP/00000/MECN-DP_784_L_1578522170_tn.jpg,https://localhost/bndb/imagelib/INABIOEC_MECN-DP/00000/MECN-DP_784_L_1578522170.jpg,http://creativecommons.org/licenses/by-nc/4.0/,"Gobierno del Ecuador- INABIO",,"CC BY-NC-SA (Attribution-NonCommercial-ShareAlike)","Sin fines de lucro","Chaetostoma vagum",,urn:uuid:0e10effc-c340-4913-8f26-22d1a7b30d66,"2022-04-15 17:45:21",image/jpeg,https://localhost/bndb/collections/individual/index.php?occid=681485,StillImage,Photograph,en
681486,https://localhost/bndb/imagelib/INABIOEC_MECN-DP/00000/MECN-DP_785_V_1578522218_lg.jpg,https://localhost/bndb/imagelib/INABIOEC_MECN-DP/00000/MECN-DP_785_V_1578522218_lg.jpg,https://localhost/bndb/imagelib/INABIOEC_MECN-DP/00000/MECN-DP_785_V_1578522218_tn.jpg,https://localhost/bndb/imagelib/INABIOEC_MECN-DP/00000/MECN-DP_785_V_1578522218.jpg,http://creativecommons.org/licenses/by-nc/4.0/,"Gobierno del Ecuador- INABIO",,"CC BY-NC-SA (Attribution-NonCommercial-ShareAlike)","Sin fines de lucro","Pseudostegophilus nemurus",,urn:uuid:a556c635-7a81-41e9-8c62-8014fdcaae4a,"2022-04-15 17:45:21",image/jpeg,https://localhost/bndb/collections/individual/index.php?occid=681486,StillImage,Photograph,en
681487,https://localhost/bndb/imagelib/INABIOEC_MECN-DP/00000/MECN-DP_786_1578522252_lg.jpg,https://localhost/bndb/imagelib/INABIOEC_MECN-DP/00000/MECN-DP_786_1578522252_lg.jpg,https://localhost/bndb/imagelib/INABIOEC_MECN-DP/00000/MECN-DP_786_1578522252_tn.jpg,https://localhost/bndb/imagelib/INABIOEC_MECN-DP/00000/MECN-DP_786_1578522252.jpg,http://creativecommons.org/licenses/by-nc/4.0/,"Gobierno del Ecuador- INABIO",,"CC BY-NC-SA (Attribution-NonCommercial-ShareAlike)","Sin fines de lucro","Chrysobrycon hesperus",,urn:uuid:34d94bb1-a201-471b-ae92-07f9cec34b7b,"2022-04-15 17:45:21",image/jpeg,https://localhost/bndb/collections/individual/index.php?occid=681487,StillImage,Photograph,en
681488,https://localhost/bndb/imagelib/INABIOEC_MECN-DP/00000/MECN-DP_787_1578522289_lg.jpg,https://localhost/bndb/imagelib/INABIOEC_MECN-DP/00000/MECN-DP_787_1578522289_lg.jpg,https://localhost/bndb/imagelib/INABIOEC_MECN-DP/00000/MECN-DP_787_1578522289_tn.jpg,https://localhost/bndb/imagelib/INABIOEC_MECN-DP/00000/MECN-DP_787_1578522289.jpg,http://creativecommons.org/licenses/by-nc/4.0/,"Gobierno del Ecuador- INABIO",,"CC BY-NC-SA (Attribution-NonCommercial-ShareAlike)","Sin fines de lucro","Acestrocephalus boehlkei",,urn:uuid:e2054b3a-2c13-4ddc-94ec-38aba0bc6df6,"2022-04-15 17:45:21",image/jpeg,https://localhost/bndb/collections/individual/index.php?occid=681488,StillImage,Photograph,en
681489,https://localhost/bndb/imagelib/INABIOEC_MECN-DP/00000/MECN-DP_788_D_1578579594_lg.jpg,https://localhost/bndb/imagelib/INABIOEC_MECN-DP/00000/MECN-DP_788_D_1578579594_lg.jpg,https://localhost/bndb/imagelib/INABIOEC_MECN-DP/00000/MECN-DP_788_D_1578579594_tn.jpg,https://localhost/bndb/imagelib/INABIOEC_MECN-DP/00000/MECN-DP_788_D_1578579594.jpg,http://creativecommons.org/licenses/by-nc/4.0/,"Gobierno del Ecuador- INABIO",,"CC BY-NC-SA (Attribution-NonCommercial-ShareAlike)","Sin fines de lucro","Hypostomus niceforoi",,urn:uuid:54c8a890-66c3-46ab-becd-65c7271b6fd9,"2022-04-15 17:45:21",image/jpeg,https://localhost/bndb/collections/individual/index.php?occid=681489,StillImage,Photograph,en
681489,https://localhost/bndb/imagelib/INABIOEC_MECN-DP/00000/MECN-DP_788_L_1578579630_lg.jpg,https://localhost/bndb/imagelib/INABIOEC_MECN-DP/00000/MECN-DP_788_L_1578579630_lg.jpg,https://localhost/bndb/imagelib/INABIOEC_MECN-DP/00000/MECN-DP_788_L_1578579630_tn.jpg,https://localhost/bndb/imagelib/INABIOEC_MECN-DP/00000/MECN-DP_788_L_1578579630.jpg,http://creativecommons.org/licenses/by-nc/4.0/,"Gobierno del Ecuador- INABIO",,"CC BY-NC-SA (Attribution-NonCommercial-ShareAlike)","Sin fines de lucro","Hypostomus niceforoi",,urn:uuid:52b9d5aa-8c68-4e70-85b5-8366052b829f,"2022-04-15 17:45:21",image/jpeg,https://localhost/bndb/collections/individual/index.php?occid=681489,StillImage,Photograph,en
681490,https://localhost/bndb/imagelib/INABIOEC_MECN-DP/00000/MECN-DP_789_1578579680_lg.jpg,https://localhost/bndb/imagelib/INABIOEC_MECN-DP/00000/MECN-DP_789_1578579680_lg.jpg,https://localhost/bndb/imagelib/INABIOEC_MECN-DP/00000/MECN-DP_789_1578579680_tn.jpg,https://localhost/bndb/imagelib/INABIOEC_MECN-DP/00000/MECN-DP_789_1578579680.jpg,http://creativecommons.org/licenses/by-nc/4.0/,"Gobierno del Ecuador- INABIO",,"CC BY-NC-SA (Attribution-NonCommercial-ShareAlike)","Sin fines de lucro","Creagrutus barrigai",,urn:uuid:aaa6d737-e402-4ce4-954c-d31331fb3e40,"2022-04-15 17:45:21",image/jpeg,https://localhost/bndb/collections/individual/index.php?occid=681490,StillImage,Photograph,en
681492,https://localhost/bndb/imagelib/INABIOEC_MECN-DP/00000/MECN-DP_790_D_1578579717_lg.jpg,https://localhost/bndb/imagelib/INABIOEC_MECN-DP/00000/MECN-DP_790_D_1578579717_lg.jpg,https://localhost/bndb/imagelib/INABIOEC_MECN-DP/00000/MECN-DP_790_D_1578579717_tn.jpg,https://localhost/bndb/imagelib/INABIOEC_MECN-DP/00000/MECN-DP_790_D_1578579717.jpg,http://creativecommons.org/licenses/by-nc/4.0/,"Gobierno del Ecuador- INABIO",,"CC BY-NC-SA (Attribution-NonCommercial-ShareAlike)","Sin fines de lucro","Cetopsorhamdia orinoco",,urn:uuid:175916a3-7841-47d8-a8f9-82b2ff333fbc,"2022-04-15 17:45:21",image/jpeg,https://localhost/bndb/collections/individual/index.php?occid=681492,StillImage,Photograph,en
681492,https://localhost/bndb/imagelib/INABIOEC_MECN-DP/00000/MECN-DP_790_L_1578580337_lg.jpg,https://localhost/bndb/imagelib/INABIOEC_MECN-DP/00000/MECN-DP_790_L_1578580337_lg.jpg,https://localhost/bndb/imagelib/INABIOEC_MECN-DP/00000/MECN-DP_790_L_1578580337_tn.jpg,https://localhost/bndb/imagelib/INABIOEC_MECN-DP/00000/MECN-DP_790_L_1578580337.jpg,http://creativecommons.org/licenses/by-nc/4.0/,"Gobierno del Ecuador- INABIO",,"CC BY-NC-SA (Attribution-NonCommercial-ShareAlike)","Sin fines de lucro","Cetopsorhamdia orinoco",,urn:uuid:f8b3298e-231a-4189-b9ba-3625ec6c08bd,"2022-04-15 17:45:21",image/jpeg,https://localhost/bndb/collections/individual/index.php?occid=681492,StillImage,Photograph,en
681493,https://localhost/bndb/imagelib/INABIOEC_MECN-DP/00000/MECN-DP_791_1578580385_lg.jpg,https://localhost/bndb/imagelib/INABIOEC_MECN-DP/00000/MECN-DP_791_1578580385_lg.jpg,https://localhost/bndb/imagelib/INABIOEC_MECN-DP/00000/MECN-DP_791_1578580385_tn.jpg,https://localhost/bndb/imagelib/INABIOEC_MECN-DP/00000/MECN-DP_791_1578580385.jpg,http://creativecommons.org/licenses/by-nc/4.0/,"Gobierno del Ecuador- INABIO",,"CC BY-NC-SA (Attribution-NonCommercial-ShareAlike)","Sin fines de lucro","Moenkhausia sp.",,urn:uuid:f67544c6-b6c7-4492-b17d-ca79532d5964,"2022-04-15 17:45:21",image/jpeg,https://localhost/bndb/collections/individual/index.php?occid=681493,StillImage,Photograph,en
681494,https://localhost/bndb/imagelib/INABIOEC_MECN-DP/00000/MECN-DP_792_1578580434_lg.jpg,https://localhost/bndb/imagelib/INABIOEC_MECN-DP/00000/MECN-DP_792_1578580434_lg.jpg,https://localhost/bndb/imagelib/INABIOEC_MECN-DP/00000/MECN-DP_792_1578580434_tn.jpg,https://localhost/bndb/imagelib/INABIOEC_MECN-DP/00000/MECN-DP_792_1578580434.jpg,http://creativecommons.org/licenses/by-nc/4.0/,"Gobierno del Ecuador- INABIO",,"CC BY-NC-SA (Attribution-NonCommercial-ShareAlike)","Sin fines de lucro","Knodus sp.",,urn:uuid:ec3b337a-8c4e-4b1d-9d8f-4c5756d2ec4d,"2022-04-15 17:45:21",image/jpeg,https://localhost/bndb/collections/individual/index.php?occid=681494,StillImage,Photograph,en
681495,https://localhost/bndb/imagelib/INABIOEC_MECN-DP/00000/MECN-DP_793_1578580478_lg.jpg,https://localhost/bndb/imagelib/INABIOEC_MECN-DP/00000/MECN-DP_793_1578580478_lg.jpg,https://localhost/bndb/imagelib/INABIOEC_MECN-DP/00000/MECN-DP_793_1578580478_tn.jpg,https://localhost/bndb/imagelib/INABIOEC_MECN-DP/00000/MECN-DP_793_1578580478.jpg,http://creativecommons.org/licenses/by-nc/4.0/,"Gobierno del Ecuador- INABIO",,"CC BY-NC-SA (Attribution-NonCommercial-ShareAlike)","Sin fines de lucro","Knodus sp.",,urn:uuid:a8041c53-ecae-4c09-91c9-b952c42d901e,"2022-04-15 17:45:21",image/jpeg,https://localhost/bndb/collections/individual/index.php?occid=681495,StillImage,Photograph,en
681496,https://localhost/bndb/imagelib/INABIOEC_MECN-DP/00000/MECN-DP_794_1578580520_lg.jpg,https://localhost/bndb/imagelib/INABIOEC_MECN-DP/00000/MECN-DP_794_1578580520_lg.jpg,https://localhost/bndb/imagelib/INABIOEC_MECN-DP/00000/MECN-DP_794_1578580520_tn.jpg,https://localhost/bndb/imagelib/INABIOEC_MECN-DP/00000/MECN-DP_794_1578580520.jpg,http://creativecommons.org/licenses/by-nc/4.0/,"Gobierno del Ecuador- INABIO",,"CC BY-NC-SA (Attribution-NonCommercial-ShareAlike)","Sin fines de lucro","Knodus sp.",,urn:uuid:a935910f-9e27-4104-8be0-3f530673fa16,"2022-04-15 17:45:21",image/jpeg,https://localhost/bndb/collections/individual/index.php?occid=681496,StillImage,Photograph,en
681497,https://localhost/bndb/imagelib/INABIOEC_MECN-DP/00000/MECN-DP_795_D_1578580557.jpg,https://localhost/bndb/imagelib/INABIOEC_MECN-DP/00000/MECN-DP_795_D_1578580557.jpg,https://localhost/bndb/imagelib/INABIOEC_MECN-DP/00000/MECN-DP_795_D_1578580557_tn.jpg,https://localhost/bndb/imagelib/INABIOEC_MECN-DP/00000/MECN-DP_795_D_1578580557.jpg,http://creativecommons.org/licenses/by-nc/4.0/,"Gobierno del Ecuador- INABIO",,"CC BY-NC-SA (Attribution-NonCommercial-ShareAlike)","Sin fines de lucro","Ancistrus malacops",,urn:uuid:ce032300-c1f7-4ef4-b4c3-fa51e6508112,"2022-04-15 17:45:21",image/jpeg,https://localhost/bndb/collections/individual/index.php?occid=681497,StillImage,Photograph,en
681497,https://localhost/bndb/imagelib/INABIOEC_MECN-DP/00000/MECN-DP_795_L_1578580578.jpg,https://localhost/bndb/imagelib/INABIOEC_MECN-DP/00000/MECN-DP_795_L_1578580578.jpg,https://localhost/bndb/imagelib/INABIOEC_MECN-DP/00000/MECN-DP_795_L_1578580578_tn.jpg,https://localhost/bndb/imagelib/INABIOEC_MECN-DP/00000/MECN-DP_795_L_1578580578.jpg,http://creativecommons.org/licenses/by-nc/4.0/,"Gobierno del Ecuador- INABIO",,"CC BY-NC-SA (Attribution-NonCommercial-ShareAlike)","Sin fines de lucro","Ancistrus malacops",,urn:uuid:6c8b5308-de81-4b4f-a210-fe37c603d57d,"2022-04-15 17:45:21",image/jpeg,https://localhost/bndb/collections/individual/index.php?occid=681497,StillImage,Photograph,en
681498,https://localhost/bndb/imagelib/INABIOEC_MECN-DP/00000/MECN-DP_796_1578580618_lg.jpg,https://localhost/bndb/imagelib/INABIOEC_MECN-DP/00000/MECN-DP_796_1578580618_lg.jpg,https://localhost/bndb/imagelib/INABIOEC_MECN-DP/00000/MECN-DP_796_1578580618_tn.jpg,https://localhost/bndb/imagelib/INABIOEC_MECN-DP/00000/MECN-DP_796_1578580618.jpg,http://creativecommons.org/licenses/by-nc/4.0/,"Gobierno del Ecuador- INABIO",,"CC BY-NC-SA (Attribution-NonCommercial-ShareAlike)","Sin fines de lucro","Apistogramma payaminonis",,urn:uuid:11b04e23-2f17-4eaa-af3b-8f25d9146ee8,"2022-04-15 17:45:21",image/jpeg,https://localhost/bndb/collections/individual/index.php?occid=681498,StillImage,Photograph,en
681499,https://localhost/bndb/imagelib/INABIOEC_MECN-DP/00000/MECN-DP_797_1578580661_lg.jpg,https://localhost/bndb/imagelib/INABIOEC_MECN-DP/00000/MECN-DP_797_1578580661_lg.jpg,https://localhost/bndb/imagelib/INABIOEC_MECN-DP/00000/MECN-DP_797_1578580661_tn.jpg,https://localhost/bndb/imagelib/INABIOEC_MECN-DP/00000/MECN-DP_797_1578580661.jpg,http://creativecommons.org/licenses/by-nc/4.0/,"Gobierno del Ecuador- INABIO",,"CC BY-NC-SA (Attribution-NonCommercial-ShareAlike)","Sin fines de lucro","Moenkhausia oligolepis",,urn:uuid:3b9e4eda-70e8-4fb7-9915-a00dfaa98913,"2022-04-15 17:45:21",image/jpeg,https://localhost/bndb/collections/individual/index.php?occid=681499,StillImage,Photograph,en
681500,https://localhost/bndb/imagelib/INABIOEC_MECN-DP/00000/MECN-DP_798_D_1578582175_lg.jpg,https://localhost/bndb/imagelib/INABIOEC_MECN-DP/00000/MECN-DP_798_D_1578582175_lg.jpg,https://localhost/bndb/imagelib/INABIOEC_MECN-DP/00000/MECN-DP_798_D_1578582175_tn.jpg,https://localhost/bndb/imagelib/INABIOEC_MECN-DP/00000/MECN-DP_798_D_1578582175.jpg,http://creativecommons.org/licenses/by-nc/4.0/,"Gobierno del Ecuador- INABIO",,"CC BY-NC-SA (Attribution-NonCommercial-ShareAlike)","Sin fines de lucro","Heptapterus sp.",,urn:uuid:0bce8155-ad06-41ac-88de-e1dca6654004,"2022-04-15 17:45:21",image/jpeg,https://localhost/bndb/collections/individual/index.php?occid=681500,StillImage,Photograph,en
681501,https://localhost/bndb/imagelib/INABIOEC_MECN-DP/00000/MECN-DP_799_1578582419_lg.jpg,https://localhost/bndb/imagelib/INABIOEC_MECN-DP/00000/MECN-DP_799_1578582419_lg.jpg,https://localhost/bndb/imagelib/INABIOEC_MECN-DP/00000/MECN-DP_799_1578582419_tn.jpg,https://localhost/bndb/imagelib/INABIOEC_MECN-DP/00000/MECN-DP_799_1578582419.jpg,http://creativecommons.org/licenses/by-nc/4.0/,"Gobierno del Ecuador- INABIO",,"CC BY-NC-SA (Attribution-NonCommercial-ShareAlike)","Sin fines de lucro","Bujurquina mariae",,urn:uuid:2239e513-268f-427d-8597-a6696cbe53c2,"2022-04-15 17:45:21",image/jpeg,https://localhost/bndb/collections/individual/index.php?occid=681501,StillImage,Photograph,en
681504,https://localhost/bndb/imagelib/INABIOEC_MECN-DP/00000/MECN-DP_800_1578582583_lg.jpg,https://localhost/bndb/imagelib/INABIOEC_MECN-DP/00000/MECN-DP_800_1578582583_lg.jpg,https://localhost/bndb/imagelib/INABIOEC_MECN-DP/00000/MECN-DP_800_1578582583_tn.jpg,https://localhost/bndb/imagelib/INABIOEC_MECN-DP/00000/MECN-DP_800_1578582583.jpg,http://creativecommons.org/licenses/by-nc/4.0/,"Gobierno del Ecuador- INABIO",,"CC BY-NC-SA (Attribution-NonCommercial-ShareAlike)","Sin fines de lucro","Eigenmannia virescens",,urn:uuid:0ac3885d-dcb4-4bc4-894b-05522764c303,"2022-04-15 17:45:21",image/jpeg,https://localhost/bndb/collections/individual/index.php?occid=681504,StillImage,Photograph,en
681505,https://localhost/bndb/imagelib/INABIOEC_MECN-DP/00000/MECN-DP_801_1578582701_lg.jpg,https://localhost/bndb/imagelib/INABIOEC_MECN-DP/00000/MECN-DP_801_1578582701_lg.jpg,https://localhost/bndb/imagelib/INABIOEC_MECN-DP/00000/MECN-DP_801_1578582701_tn.jpg,https://localhost/bndb/imagelib/INABIOEC_MECN-DP/00000/MECN-DP_801_1578582701.jpg,http://creativecommons.org/licenses/by-nc/4.0/,"Gobierno del Ecuador- INABIO",,"CC BY-NC-SA (Attribution-NonCommercial-ShareAlike)","Sin fines de lucro","Moenkhausia comma",,urn:uuid:968d3480-bba4-4362-b539-a1f23148ce62,"2022-04-15 17:45:21",image/jpeg,https://localhost/bndb/collections/individual/index.php?occid=681505,StillImage,Photograph,en
681506,https://localhost/bndb/imagelib/INABIOEC_MECN-DP/00000/MECN-DP_802_1578582740_lg.jpg,https://localhost/bndb/imagelib/INABIOEC_MECN-DP/00000/MECN-DP_802_1578582740_lg.jpg,https://localhost/bndb/imagelib/INABIOEC_MECN-DP/00000/MECN-DP_802_1578582740_tn.jpg,https://localhost/bndb/imagelib/INABIOEC_MECN-DP/00000/MECN-DP_802_1578582740.jpg,http://creativecommons.org/licenses/by-nc/4.0/,"Gobierno del Ecuador- INABIO",,"CC BY-NC-SA (Attribution-NonCommercial-ShareAlike)","Sin fines de lucro","Characidium boehlkei",,urn:uuid:7a16b217-4834-4447-b3de-7ca151a5f54d,"2022-04-15 17:45:21",image/jpeg,https://localhost/bndb/collections/individual/index.php?occid=681506,StillImage,Photograph,en
681507,https://localhost/bndb/imagelib/INABIOEC_MECN-DP/00000/MECN-DP_803_1578582979_lg.jpg,https://localhost/bndb/imagelib/INABIOEC_MECN-DP/00000/MECN-DP_803_1578582979_lg.jpg,https://localhost/bndb/imagelib/INABIOEC_MECN-DP/00000/MECN-DP_803_1578582979_tn.jpg,https://localhost/bndb/imagelib/INABIOEC_MECN-DP/00000/MECN-DP_803_1578582979.jpg,http://creativecommons.org/licenses/by-nc/4.0/,"Gobierno del Ecuador- INABIO",,"CC BY-NC-SA (Attribution-NonCommercial-ShareAlike)","Sin fines de lucro","Cyphocharax sp.",,urn:uuid:b699300a-4c3a-48be-9c66-af55e7fccebe,"2022-04-15 17:45:21",image/jpeg,https://localhost/bndb/collections/individual/index.php?occid=681507,StillImage,Photograph,en
681508,https://localhost/bndb/imagelib/INABIOEC_MECN-DP/00000/MECN-DP_804_1578583112_lg.jpg,https://localhost/bndb/imagelib/INABIOEC_MECN-DP/00000/MECN-DP_804_1578583112_lg.jpg,https://localhost/bndb/imagelib/INABIOEC_MECN-DP/00000/MECN-DP_804_1578583112_tn.jpg,https://localhost/bndb/imagelib/INABIOEC_MECN-DP/00000/MECN-DP_804_1578583112.jpg,http://creativecommons.org/licenses/by-nc/4.0/,"Gobierno del Ecuador- INABIO",,"CC BY-NC-SA (Attribution-NonCommercial-ShareAlike)","Sin fines de lucro","Crenicichla sp.",,urn:uuid:c34155f1-1b0a-4bd7-9462-2d975ab354b1,"2022-04-15 17:45:21",image/jpeg,https://localhost/bndb/collections/individual/index.php?occid=681508,StillImage,Photograph,en
681509,https://localhost/bndb/imagelib/INABIOEC_MECN-DP/00000/MECN-DP_805_1578583172_lg.jpg,https://localhost/bndb/imagelib/INABIOEC_MECN-DP/00000/MECN-DP_805_1578583172_lg.jpg,https://localhost/bndb/imagelib/INABIOEC_MECN-DP/00000/MECN-DP_805_1578583172_tn.jpg,https://localhost/bndb/imagelib/INABIOEC_MECN-DP/00000/MECN-DP_805_1578583172.jpg,http://creativecommons.org/licenses/by-nc/4.0/,"Gobierno del Ecuador- INABIO",,"CC BY-NC-SA (Attribution-NonCommercial-ShareAlike)","Sin fines de lucro","Bujurquina mariae",,urn:uuid:179226bf-86fd-4112-b9d6-b0e385203198,"2022-04-15 17:45:21",image/jpeg,https://localhost/bndb/collections/individual/index.php?occid=681509,StillImage,Photograph,en
681510,https://localhost/bndb/imagelib/INABIOEC_MECN-DP/00000/MECN-DP_806_1578583220_lg.jpg,https://localhost/bndb/imagelib/INABIOEC_MECN-DP/00000/MECN-DP_806_1578583220_lg.jpg,https://localhost/bndb/imagelib/INABIOEC_MECN-DP/00000/MECN-DP_806_1578583220_tn.jpg,https://localhost/bndb/imagelib/INABIOEC_MECN-DP/00000/MECN-DP_806_1578583220.jpg,http://creativecommons.org/licenses/by-nc/4.0/,"Gobierno del Ecuador- INABIO",,"CC BY-NC-SA (Attribution-NonCommercial-ShareAlike)","Sin fines de lucro",Cyphocharax,,urn:uuid:7ccfb0cd-1e48-4407-b9a2-706ee371998d,"2022-04-15 17:45:21",image/jpeg,https://localhost/bndb/collections/individual/index.php?occid=681510,StillImage,Photograph,en
681511,https://localhost/bndb/imagelib/INABIOEC_MECN-DP/00000/MECN-DP_807_1578583269_lg.jpg,https://localhost/bndb/imagelib/INABIOEC_MECN-DP/00000/MECN-DP_807_1578583269_lg.jpg,https://localhost/bndb/imagelib/INABIOEC_MECN-DP/00000/MECN-DP_807_1578583269_tn.jpg,https://localhost/bndb/imagelib/INABIOEC_MECN-DP/00000/MECN-DP_807_1578583269.jpg,http://creativecommons.org/licenses/by-nc/4.0/,"Gobierno del Ecuador- INABIO",,"CC BY-NC-SA (Attribution-NonCommercial-ShareAlike)","Sin fines de lucro","Pyrrhulina brevis",,urn:uuid:a899ac21-c7f5-4bb0-8168-d8dcbb2134d3,"2022-04-15 17:45:21",image/jpeg,https://localhost/bndb/collections/individual/index.php?occid=681511,StillImage,Photograph,en
681512,https://localhost/bndb/imagelib/INABIOEC_MECN-DP/00000/MECN-DP_808_1578583315_lg.jpg,https://localhost/bndb/imagelib/INABIOEC_MECN-DP/00000/MECN-DP_808_1578583315_lg.jpg,https://localhost/bndb/imagelib/INABIOEC_MECN-DP/00000/MECN-DP_808_1578583315_tn.jpg,https://localhost/bndb/imagelib/INABIOEC_MECN-DP/00000/MECN-DP_808_1578583315.jpg,http://creativecommons.org/licenses/by-nc/4.0/,"Gobierno del Ecuador- INABIO",,"CC BY-NC-SA (Attribution-NonCommercial-ShareAlike)","Sin fines de lucro","Acestrocephalus anomalus",,urn:uuid:42e5baa5-e022-4df5-92f3-3838e8090189,"2022-04-15 17:45:21",image/jpeg,https://localhost/bndb/collections/individual/index.php?occid=681512,StillImage,Photograph,en
681513,https://localhost/bndb/imagelib/INABIOEC_MECN-DP/00000/MECN-DP_809_1578583355_lg.jpg,https://localhost/bndb/imagelib/INABIOEC_MECN-DP/00000/MECN-DP_809_1578583355_lg.jpg,https://localhost/bndb/imagelib/INABIOEC_MECN-DP/00000/MECN-DP_809_1578583355_tn.jpg,https://localhost/bndb/imagelib/INABIOEC_MECN-DP/00000/MECN-DP_809_1578583355.jpg,http://creativecommons.org/licenses/by-nc/4.0/,"Gobierno del Ecuador- INABIO",,"CC BY-NC-SA (Attribution-NonCommercial-ShareAlike)","Sin fines de lucro","Brachychalcinus copei",,urn:uuid:a5e1cb8d-c64b-4a4d-b694-deeb1a26257c,"2022-04-15 17:45:21",image/jpeg,https://localhost/bndb/collections/individual/index.php?occid=681513,StillImage,Photograph,en
681515,https://localhost/bndb/imagelib/INABIOEC_MECN-DP/00000/MECN-DP_810_1578583400_lg.jpg,https://localhost/bndb/imagelib/INABIOEC_MECN-DP/00000/MECN-DP_810_1578583400_lg.jpg,https://localhost/bndb/imagelib/INABIOEC_MECN-DP/00000/MECN-DP_810_1578583400_tn.jpg,https://localhost/bndb/imagelib/INABIOEC_MECN-DP/00000/MECN-DP_810_1578583400.jpg,http://creativecommons.org/licenses/by-nc/4.0/,"Gobierno del Ecuador- INABIO",,"CC BY-NC-SA (Attribution-NonCommercial-ShareAlike)","Sin fines de lucro","Astyanax sp.",,urn:uuid:a69c7db3-d5ff-48af-aa41-8bce95b96b3b,"2022-04-15 17:45:21",image/jpeg,https://localhost/bndb/collections/individual/index.php?occid=681515,StillImage,Photograph,en
681516,https://localhost/bndb/imagelib/INABIOEC_MECN-DP/00000/MECN-DP_811_1578583461_lg.jpg,https://localhost/bndb/imagelib/INABIOEC_MECN-DP/00000/MECN-DP_811_1578583461_lg.jpg,https://localhost/bndb/imagelib/INABIOEC_MECN-DP/00000/MECN-DP_811_1578583461_tn.jpg,https://localhost/bndb/imagelib/INABIOEC_MECN-DP/00000/MECN-DP_811_1578583461.jpg,http://creativecommons.org/licenses/by-nc/4.0/,"Gobierno del Ecuador- INABIO",,"CC BY-NC-SA (Attribution-NonCommercial-ShareAlike)","Sin fines de lucro","Acestrorhynchus lacustris",,urn:uuid:47b5f3b3-7688-4c34-93a7-521df71edd74,"2022-04-15 17:45:21",image/jpeg,https://localhost/bndb/collections/individual/index.php?occid=681516,StillImage,Photograph,en
681517,https://localhost/bndb/imagelib/INABIOEC_MECN-DP/00000/MECN-DP_812_1578583505_lg.jpg,https://localhost/bndb/imagelib/INABIOEC_MECN-DP/00000/MECN-DP_812_1578583505_lg.jpg,https://localhost/bndb/imagelib/INABIOEC_MECN-DP/00000/MECN-DP_812_1578583505_tn.jpg,https://localhost/bndb/imagelib/INABIOEC_MECN-DP/00000/MECN-DP_812_1578583505.jpg,http://creativecommons.org/licenses/by-nc/4.0/,"Gobierno del Ecuador- INABIO",,"CC BY-NC-SA (Attribution-NonCommercial-ShareAlike)","Sin fines de lucro","Cyphocharax sp.",,urn:uuid:45e0445c-c283-4c9f-86f6-d274dd42cd0e,"2022-04-15 17:45:21",image/jpeg,https://localhost/bndb/collections/individual/index.php?occid=681517,StillImage,Photograph,en
681518,https://localhost/bndb/imagelib/INABIOEC_MECN-DP/00000/MECN-DP_813_L_1578583553_lg.jpg,https://localhost/bndb/imagelib/INABIOEC_MECN-DP/00000/MECN-DP_813_L_1578583553_lg.jpg,https://localhost/bndb/imagelib/INABIOEC_MECN-DP/00000/MECN-DP_813_L_1578583553_tn.jpg,https://localhost/bndb/imagelib/INABIOEC_MECN-DP/00000/MECN-DP_813_L_1578583553.jpg,http://creativecommons.org/licenses/by-nc/4.0/,"Gobierno del Ecuador- INABIO",,"CC BY-NC-SA (Attribution-NonCommercial-ShareAlike)","Sin fines de lucro","Centromochlus perugiae",,urn:uuid:964c118b-832d-481d-9a9f-4c31656e5bf1,"2022-04-15 17:45:21",image/jpeg,https://localhost/bndb/collections/individual/index.php?occid=681518,StillImage,Photograph,en
681518,https://localhost/bndb/imagelib/INABIOEC_MECN-DP/00000/MECN-DP_813_1578583580_lg.jpg,https://localhost/bndb/imagelib/INABIOEC_MECN-DP/00000/MECN-DP_813_1578583580_lg.jpg,https://localhost/bndb/imagelib/INABIOEC_MECN-DP/00000/MECN-DP_813_1578583580_tn.jpg,https://localhost/bndb/imagelib/INABIOEC_MECN-DP/00000/MECN-DP_813_1578583580.jpg,http://creativecommons.org/licenses/by-nc/4.0/,"Gobierno del Ecuador- INABIO",,"CC BY-NC-SA (Attribution-NonCommercial-ShareAlike)","Sin fines de lucro","Centromochlus perugiae",,urn:uuid:78f11efd-972c-47ec-a77d-387386d92b80,"2022-04-15 17:45:21",image/jpeg,https://localhost/bndb/collections/individual/index.php?occid=681518,StillImage,Photograph,en
681519,https://localhost/bndb/imagelib/INABIOEC_MECN-DP/00000/MECN-DP_814_1578583696_lg.jpg,https://localhost/bndb/imagelib/INABIOEC_MECN-DP/00000/MECN-DP_814_1578583696_lg.jpg,https://localhost/bndb/imagelib/INABIOEC_MECN-DP/00000/MECN-DP_814_1578583696_tn.jpg,https://localhost/bndb/imagelib/INABIOEC_MECN-DP/00000/MECN-DP_814_1578583696.jpg,http://creativecommons.org/licenses/by-nc/4.0/,"Gobierno del Ecuador- INABIO",,"CC BY-NC-SA (Attribution-NonCommercial-ShareAlike)","Sin fines de lucro","Bujurquina mariae",,urn:uuid:51883d80-acec-4f10-b437-337bd0600e19,"2022-04-15 17:45:21",image/jpeg,https://localhost/bndb/collections/individual/index.php?occid=681519,StillImage,Photograph,en
681520,https://localhost/bndb/imagelib/INABIOEC_MECN-DP/00000/MECN-DP_815_1578583778_lg.jpg,https://localhost/bndb/imagelib/INABIOEC_MECN-DP/00000/MECN-DP_815_1578583778_lg.jpg,https://localhost/bndb/imagelib/INABIOEC_MECN-DP/00000/MECN-DP_815_1578583778_tn.jpg,https://localhost/bndb/imagelib/INABIOEC_MECN-DP/00000/MECN-DP_815_1578583778.jpg,http://creativecommons.org/licenses/by-nc/4.0/,"Gobierno del Ecuador- INABIO",,"CC BY-NC-SA (Attribution-NonCommercial-ShareAlike)","Sin fines de lucro","Moenkhausia oligolepis",,urn:uuid:3db0692a-a79f-4463-bff2-b158a7a07e4e,"2022-04-15 17:45:21",image/jpeg,https://localhost/bndb/collections/individual/index.php?occid=681520,StillImage,Photograph,en
681521,https://localhost/bndb/imagelib/INABIOEC_MECN-DP/00000/MECN-DP_816_1578583920_lg.jpg,https://localhost/bndb/imagelib/INABIOEC_MECN-DP/00000/MECN-DP_816_1578583920_lg.jpg,https://localhost/bndb/imagelib/INABIOEC_MECN-DP/00000/MECN-DP_816_1578583920_tn.jpg,https://localhost/bndb/imagelib/INABIOEC_MECN-DP/00000/MECN-DP_816_1578583920.jpg,http://creativecommons.org/licenses/by-nc/4.0/,"Gobierno del Ecuador- INABIO",,"CC BY-NC-SA (Attribution-NonCommercial-ShareAlike)","Sin fines de lucro","Moenkhausia comma",,urn:uuid:cd2929bc-a647-49de-b171-262461f0eb78,"2022-04-15 17:45:21",image/jpeg,https://localhost/bndb/collections/individual/index.php?occid=681521,StillImage,Photograph,en
681522,https://localhost/bndb/imagelib/INABIOEC_MECN-DP/00000/MECN-DP_817_1578583969_lg.jpg,https://localhost/bndb/imagelib/INABIOEC_MECN-DP/00000/MECN-DP_817_1578583969_lg.jpg,https://localhost/bndb/imagelib/INABIOEC_MECN-DP/00000/MECN-DP_817_1578583969_tn.jpg,https://localhost/bndb/imagelib/INABIOEC_MECN-DP/00000/MECN-DP_817_1578583969.jpg,http://creativecommons.org/licenses/by-nc/4.0/,"Gobierno del Ecuador- INABIO",,"CC BY-NC-SA (Attribution-NonCommercial-ShareAlike)","Sin fines de lucro","Gasteropelecus sternicla",,urn:uuid:f4979495-1ad2-499f-9918-67f6821c5e53,"2022-04-15 17:45:21",image/jpeg,https://localhost/bndb/collections/individual/index.php?occid=681522,StillImage,Photograph,en
681523,https://localhost/bndb/imagelib/INABIOEC_MECN-DP/00000/MECN-DP_818_1578584036_lg.jpg,https://localhost/bndb/imagelib/INABIOEC_MECN-DP/00000/MECN-DP_818_1578584036_lg.jpg,https://localhost/bndb/imagelib/INABIOEC_MECN-DP/00000/MECN-DP_818_1578584036_tn.jpg,https://localhost/bndb/imagelib/INABIOEC_MECN-DP/00000/MECN-DP_818_1578584036.jpg,http://creativecommons.org/licenses/by-nc/4.0/,"Gobierno del Ecuador- INABIO",,"CC BY-NC-SA (Attribution-NonCommercial-ShareAlike)","Sin fines de lucro","Acestrocephalus boehlkei",,urn:uuid:939787c1-ab28-40e5-a9d9-31561919d908,"2022-04-15 17:45:21",image/jpeg,https://localhost/bndb/collections/individual/index.php?occid=681523,StillImage,Photograph,en
681524,https://localhost/bndb/imagelib/INABIOEC_MECN-DP/00000/MECN-DP_819_1578584089_lg.jpg,https://localhost/bndb/imagelib/INABIOEC_MECN-DP/00000/MECN-DP_819_1578584089_lg.jpg,https://localhost/bndb/imagelib/INABIOEC_MECN-DP/00000/MECN-DP_819_1578584089_tn.jpg,https://localhost/bndb/imagelib/INABIOEC_MECN-DP/00000/MECN-DP_819_1578584089.jpg,http://creativecommons.org/licenses/by-nc/4.0/,"Gobierno del Ecuador- INABIO",,"CC BY-NC-SA (Attribution-NonCommercial-ShareAlike)","Sin fines de lucro","Moenkhausia sp.",,urn:uuid:63044212-f89e-4f1b-b2e5-8f0118641863,"2022-04-15 17:45:21",image/jpeg,https://localhost/bndb/collections/individual/index.php?occid=681524,StillImage,Photograph,en
681526,https://localhost/bndb/imagelib/INABIOEC_MECN-DP/00000/MECN-DP_820_1578584155_lg.jpg,https://localhost/bndb/imagelib/INABIOEC_MECN-DP/00000/MECN-DP_820_1578584155_lg.jpg,https://localhost/bndb/imagelib/INABIOEC_MECN-DP/00000/MECN-DP_820_1578584155_tn.jpg,https://localhost/bndb/imagelib/INABIOEC_MECN-DP/00000/MECN-DP_820_1578584155.jpg,http://creativecommons.org/licenses/by-nc/4.0/,"Gobierno del Ecuador- INABIO",,"CC BY-NC-SA (Attribution-NonCommercial-ShareAlike)","Sin fines de lucro","Creagrutus barrigai",,urn:uuid:300220e3-76fa-48e1-9b6a-7a80a8f7c3ba,"2022-04-15 17:45:21",image/jpeg,https://localhost/bndb/collections/individual/index.php?occid=681526,StillImage,Photograph,en
681527,https://localhost/bndb/imagelib/INABIOEC_MECN-DP/00000/MECN-DP_821_D_1578584307_lg.jpg,https://localhost/bndb/imagelib/INABIOEC_MECN-DP/00000/MECN-DP_821_D_1578584307_lg.jpg,https://localhost/bndb/imagelib/INABIOEC_MECN-DP/00000/MECN-DP_821_D_1578584307_tn.jpg,https://localhost/bndb/imagelib/INABIOEC_MECN-DP/00000/MECN-DP_821_D_1578584307.jpg,http://creativecommons.org/licenses/by-nc/4.0/,"Gobierno del Ecuador- INABIO",,"CC BY-NC-SA (Attribution-NonCommercial-ShareAlike)","Sin fines de lucro","Vandellia sp.",,urn:uuid:14bb4cc6-a5c2-4c00-9a69-cf3a2151825c,"2022-04-15 17:45:21",image/jpeg,https://localhost/bndb/collections/individual/index.php?occid=681527,StillImage,Photograph,en
681527,https://localhost/bndb/imagelib/INABIOEC_MECN-DP/00000/MECN-DP_821_V_1578584342_lg.jpg,https://localhost/bndb/imagelib/INABIOEC_MECN-DP/00000/MECN-DP_821_V_1578584342_lg.jpg,https://localhost/bndb/imagelib/INABIOEC_MECN-DP/00000/MECN-DP_821_V_1578584342_tn.jpg,https://localhost/bndb/imagelib/INABIOEC_MECN-DP/00000/MECN-DP_821_V_1578584342.jpg,http://creativecommons.org/licenses/by-nc/4.0/,"Gobierno del Ecuador- INABIO",,"CC BY-NC-SA (Attribution-NonCommercial-ShareAlike)","Sin fines de lucro","Vandellia sp.",,urn:uuid:c730a4a0-5561-4d6a-887d-841f9eca4fef,"2022-04-15 17:45:21",image/jpeg,https://localhost/bndb/collections/individual/index.php?occid=681527,StillImage,Photograph,en
681528,https://localhost/bndb/imagelib/INABIOEC_MECN-DP/00000/MECN-DP_822_1578584394_lg.jpg,https://localhost/bndb/imagelib/INABIOEC_MECN-DP/00000/MECN-DP_822_1578584394_lg.jpg,https://localhost/bndb/imagelib/INABIOEC_MECN-DP/00000/MECN-DP_822_1578584394_tn.jpg,https://localhost/bndb/imagelib/INABIOEC_MECN-DP/00000/MECN-DP_822_1578584394.jpg,http://creativecommons.org/licenses/by-nc/4.0/,"Gobierno del Ecuador- INABIO",,"CC BY-NC-SA (Attribution-NonCommercial-ShareAlike)","Sin fines de lucro","Prochilodus sp.",,urn:uuid:07efc3ca-132f-4101-8e67-bec8fd67086c,"2022-04-15 17:45:21",image/jpeg,https://localhost/bndb/collections/individual/index.php?occid=681528,StillImage,Photograph,en
681529,https://localhost/bndb/imagelib/INABIOEC_MECN-DP/00000/MECN-DP_823_D_1578584435_lg.jpg,https://localhost/bndb/imagelib/INABIOEC_MECN-DP/00000/MECN-DP_823_D_1578584435_lg.jpg,https://localhost/bndb/imagelib/INABIOEC_MECN-DP/00000/MECN-DP_823_D_1578584435_tn.jpg,https://localhost/bndb/imagelib/INABIOEC_MECN-DP/00000/MECN-DP_823_D_1578584435.jpg,http://creativecommons.org/licenses/by-nc/4.0/,"Gobierno del Ecuador- INABIO",,"CC BY-NC-SA (Attribution-NonCommercial-ShareAlike)","Sin fines de lucro","Loricaria sp.",,urn:uuid:dc3b114d-778e-46c5-a399-4b518a420116,"2022-04-15 17:45:21",image/jpeg,https://localhost/bndb/collections/individual/index.php?occid=681529,StillImage,Photograph,en
681529,https://localhost/bndb/imagelib/INABIOEC_MECN-DP/00000/MECN-DP_823_V_1578584475_lg.jpg,https://localhost/bndb/imagelib/INABIOEC_MECN-DP/00000/MECN-DP_823_V_1578584475_lg.jpg,https://localhost/bndb/imagelib/INABIOEC_MECN-DP/00000/MECN-DP_823_V_1578584475_tn.jpg,https://localhost/bndb/imagelib/INABIOEC_MECN-DP/00000/MECN-DP_823_V_1578584475.jpg,http://creativecommons.org/licenses/by-nc/4.0/,"Gobierno del Ecuador- INABIO",,"CC BY-NC-SA (Attribution-NonCommercial-ShareAlike)","Sin fines de lucro","Loricaria sp.",,urn:uuid:4c6cd7b3-c13c-4b3e-8e60-a38d5553c791,"2022-04-15 17:45:21",image/jpeg,https://localhost/bndb/collections/individual/index.php?occid=681529,StillImage,Photograph,en
681530,https://localhost/bndb/imagelib/INABIOEC_MECN-DP/00000/MECN-DP_824_L_1578584522_lg.jpg,https://localhost/bndb/imagelib/INABIOEC_MECN-DP/00000/MECN-DP_824_L_1578584522_lg.jpg,https://localhost/bndb/imagelib/INABIOEC_MECN-DP/00000/MECN-DP_824_L_1578584522_tn.jpg,https://localhost/bndb/imagelib/INABIOEC_MECN-DP/00000/MECN-DP_824_L_1578584522.jpg,http://creativecommons.org/licenses/by-nc/4.0/,"Gobierno del Ecuador- INABIO",,"CC BY-NC-SA (Attribution-NonCommercial-ShareAlike)","Sin fines de lucro","Anablepsoides urophthalmus",,urn:uuid:e0a97b28-aa2a-47a7-81b1-ba2a36713c05,"2022-04-15 17:45:21",image/jpeg,https://localhost/bndb/collections/individual/index.php?occid=681530,StillImage,Photograph,en
681531,https://localhost/bndb/imagelib/INABIOEC_MECN-DP/00000/MECN-DP_825_1578584601_lg.jpg,https://localhost/bndb/imagelib/INABIOEC_MECN-DP/00000/MECN-DP_825_1578584601_lg.jpg,https://localhost/bndb/imagelib/INABIOEC_MECN-DP/00000/MECN-DP_825_1578584601_tn.jpg,https://localhost/bndb/imagelib/INABIOEC_MECN-DP/00000/MECN-DP_825_1578584601.jpg,http://creativecommons.org/licenses/by-nc/4.0/,"Gobierno del Ecuador- INABIO",,"CC BY-NC-SA (Attribution-NonCommercial-ShareAlike)","Sin fines de lucro","Bujurquina moriorum",,urn:uuid:c85dccda-7c88-41fb-8e41-b7438b9eed92,"2022-04-15 17:45:21",image/jpeg,https://localhost/bndb/collections/individual/index.php?occid=681531,StillImage,Photograph,en
681532,https://localhost/bndb/imagelib/INABIOEC_MECN-DP/00000/MECN-DP_826_1578584674_lg.jpg,https://localhost/bndb/imagelib/INABIOEC_MECN-DP/00000/MECN-DP_826_1578584674_lg.jpg,https://localhost/bndb/imagelib/INABIOEC_MECN-DP/00000/MECN-DP_826_1578584674_tn.jpg,https://localhost/bndb/imagelib/INABIOEC_MECN-DP/00000/MECN-DP_826_1578584674.jpg,http://creativecommons.org/licenses/by-nc/4.0/,"Gobierno del Ecuador- INABIO",,"CC BY-NC-SA (Attribution-NonCommercial-ShareAlike)","Sin fines de lucro","Crenicichla cf. saxatilis",,urn:uuid:f199eaea-0333-4828-a889-8da1822e41b1,"2022-04-15 17:45:21",image/jpeg,https://localhost/bndb/collections/individual/index.php?occid=681532,StillImage,Photograph,en
681533,https://localhost/bndb/imagelib/INABIOEC_MECN-DP/00000/MECN-DP_827_1578584717_lg.jpg,https://localhost/bndb/imagelib/INABIOEC_MECN-DP/00000/MECN-DP_827_1578584717_lg.jpg,https://localhost/bndb/imagelib/INABIOEC_MECN-DP/00000/MECN-DP_827_1578584717_tn.jpg,https://localhost/bndb/imagelib/INABIOEC_MECN-DP/00000/MECN-DP_827_1578584717.jpg,http://creativecommons.org/licenses/by-nc/4.0/,"Gobierno del Ecuador- INABIO",,"CC BY-NC-SA (Attribution-NonCommercial-ShareAlike)","Sin fines de lucro","Moenkhausia oligolepis",,urn:uuid:184f47ef-96ff-43d8-822c-8b5cab1231d5,"2022-04-15 17:45:21",image/jpeg,https://localhost/bndb/collections/individual/index.php?occid=681533,StillImage,Photograph,en
681534,https://localhost/bndb/imagelib/INABIOEC_MECN-DP/00000/MECN-DP_828_1578584784_lg.jpg,https://localhost/bndb/imagelib/INABIOEC_MECN-DP/00000/MECN-DP_828_1578584784_lg.jpg,https://localhost/bndb/imagelib/INABIOEC_MECN-DP/00000/MECN-DP_828_1578584784_tn.jpg,https://localhost/bndb/imagelib/INABIOEC_MECN-DP/00000/MECN-DP_828_1578584784.jpg,http://creativecommons.org/licenses/by-nc/4.0/,"Gobierno del Ecuador- INABIO",,"CC BY-NC-SA (Attribution-NonCommercial-ShareAlike)","Sin fines de lucro","Bryconops giacopinii",,urn:uuid:f9b79568-d788-4bf1-a656-13ad21b08fc1,"2022-04-15 17:45:21",image/jpeg,https://localhost/bndb/collections/individual/index.php?occid=681534,StillImage,Photograph,en
681535,https://localhost/bndb/imagelib/INABIOEC_MECN-DP/00000/MECN-DP_829_1578584834_lg.jpg,https://localhost/bndb/imagelib/INABIOEC_MECN-DP/00000/MECN-DP_829_1578584834_lg.jpg,https://localhost/bndb/imagelib/INABIOEC_MECN-DP/00000/MECN-DP_829_1578584834_tn.jpg,https://localhost/bndb/imagelib/INABIOEC_MECN-DP/00000/MECN-DP_829_1578584834.jpg,http://creativecommons.org/licenses/by-nc/4.0/,"Gobierno del Ecuador- INABIO",,"CC BY-NC-SA (Attribution-NonCommercial-ShareAlike)","Sin fines de lucro","Moenkhausia comma",,urn:uuid:44f98724-67ea-4cd4-8cef-3863e7195772,"2022-04-15 17:45:21",image/jpeg,https://localhost/bndb/collections/individual/index.php?occid=681535,StillImage,Photograph,en
681537,https://localhost/bndb/imagelib/INABIOEC_MECN-DP/00000/MECN-DP_830_1578584899_lg.jpg,https://localhost/bndb/imagelib/INABIOEC_MECN-DP/00000/MECN-DP_830_1578584899_lg.jpg,https://localhost/bndb/imagelib/INABIOEC_MECN-DP/00000/MECN-DP_830_1578584899_tn.jpg,https://localhost/bndb/imagelib/INABIOEC_MECN-DP/00000/MECN-DP_830_1578584899.jpg,http://creativecommons.org/licenses/by-nc/4.0/,"Gobierno del Ecuador- INABIO",,"CC BY-NC-SA (Attribution-NonCommercial-ShareAlike)","Sin fines de lucro","Cynopotamus anomalus",,urn:uuid:004fe142-ba17-4c3c-9aca-6ce5d7675ca4,"2022-04-15 17:45:21",image/jpeg,https://localhost/bndb/collections/individual/index.php?occid=681537,StillImage,Photograph,en
681538,https://localhost/bndb/imagelib/INABIOEC_MECN-DP/00000/MECN-DP_831_1578584941_lg.jpg,https://localhost/bndb/imagelib/INABIOEC_MECN-DP/00000/MECN-DP_831_1578584941_lg.jpg,https://localhost/bndb/imagelib/INABIOEC_MECN-DP/00000/MECN-DP_831_1578584941_tn.jpg,https://localhost/bndb/imagelib/INABIOEC_MECN-DP/00000/MECN-DP_831_1578584941.jpg,http://creativecommons.org/licenses/by-nc/4.0/,"Gobierno del Ecuador- INABIO",,"CC BY-NC-SA (Attribution-NonCommercial-ShareAlike)","Sin fines de lucro","Creagrutus sp.",,urn:uuid:c163d571-43df-466c-a264-aaaebacf0dce,"2022-04-15 17:45:21",image/jpeg,https://localhost/bndb/collections/individual/index.php?occid=681538,StillImage,Photograph,en
681539,https://localhost/bndb/imagelib/INABIOEC_MECN-DP/00000/MECN-DP_832_1578585151_lg.jpg,https://localhost/bndb/imagelib/INABIOEC_MECN-DP/00000/MECN-DP_832_1578585151_lg.jpg,https://localhost/bndb/imagelib/INABIOEC_MECN-DP/00000/MECN-DP_832_1578585151_tn.jpg,https://localhost/bndb/imagelib/INABIOEC_MECN-DP/00000/MECN-DP_832_1578585151.jpg,http://creativecommons.org/licenses/by-nc/4.0/,"Gobierno del Ecuador- INABIO",,"CC BY-NC-SA (Attribution-NonCommercial-ShareAlike)","Sin fines de lucro","Brachychalcinus copei",,urn:uuid:545e5dc4-c04a-4efb-93b3-7d4117441ec2,"2022-04-15 17:45:21",image/jpeg,https://localhost/bndb/collections/individual/index.php?occid=681539,StillImage,Photograph,en
681540,https://localhost/bndb/imagelib/INABIOEC_MECN-DP/00000/MECN-DP_833_1578585192_lg.jpg,https://localhost/bndb/imagelib/INABIOEC_MECN-DP/00000/MECN-DP_833_1578585192_lg.jpg,https://localhost/bndb/imagelib/INABIOEC_MECN-DP/00000/MECN-DP_833_1578585192_tn.jpg,https://localhost/bndb/imagelib/INABIOEC_MECN-DP/00000/MECN-DP_833_1578585192.jpg,http://creativecommons.org/licenses/by-nc/4.0/,"Gobierno del Ecuador- INABIO",,"CC BY-NC-SA (Attribution-NonCommercial-ShareAlike)","Sin fines de lucro","Crenicichla saxatilis",,urn:uuid:d48bf64c-5f0d-4cf0-9cdd-125a2c5ed941,"2022-04-15 17:45:21",image/jpeg,https://localhost/bndb/collections/individual/index.php?occid=681540,StillImage,Photograph,en
681541,https://localhost/bndb/imagelib/INABIOEC_MECN-DP/00000/MECN-DP_834_1578585247_lg.jpg,https://localhost/bndb/imagelib/INABIOEC_MECN-DP/00000/MECN-DP_834_1578585247_lg.jpg,https://localhost/bndb/imagelib/INABIOEC_MECN-DP/00000/MECN-DP_834_1578585247_tn.jpg,https://localhost/bndb/imagelib/INABIOEC_MECN-DP/00000/MECN-DP_834_1578585247.jpg,http://creativecommons.org/licenses/by-nc/4.0/,"Gobierno del Ecuador- INABIO",,"CC BY-NC-SA (Attribution-NonCommercial-ShareAlike)","Sin fines de lucro","Bujurquina mariae",,urn:uuid:131b3e42-6338-4a41-af5f-dfd63da34cde,"2022-04-15 17:45:21",image/jpeg,https://localhost/bndb/collections/individual/index.php?occid=681541,StillImage,Photograph,en
681542,https://localhost/bndb/imagelib/INABIOEC_MECN-DP/00000/MECN-DP_835_1578585281_lg.jpg,https://localhost/bndb/imagelib/INABIOEC_MECN-DP/00000/MECN-DP_835_1578585281_lg.jpg,https://localhost/bndb/imagelib/INABIOEC_MECN-DP/00000/MECN-DP_835_1578585281_tn.jpg,https://localhost/bndb/imagelib/INABIOEC_MECN-DP/00000/MECN-DP_835_1578585281.jpg,http://creativecommons.org/licenses/by-nc/4.0/,"Gobierno del Ecuador- INABIO",,"CC BY-NC-SA (Attribution-NonCommercial-ShareAlike)","Sin fines de lucro","Moenkhausia oligolepis",,urn:uuid:fe6dbe90-d6e8-481b-8148-9aeb7322b13e,"2022-04-15 17:45:21",image/jpeg,https://localhost/bndb/collections/individual/index.php?occid=681542,StillImage,Photograph,en
681543,https://localhost/bndb/imagelib/INABIOEC_MECN-DP/00000/MECN-DP_836_1578585320_lg.jpg,https://localhost/bndb/imagelib/INABIOEC_MECN-DP/00000/MECN-DP_836_1578585320_lg.jpg,https://localhost/bndb/imagelib/INABIOEC_MECN-DP/00000/MECN-DP_836_1578585320_tn.jpg,https://localhost/bndb/imagelib/INABIOEC_MECN-DP/00000/MECN-DP_836_1578585320.jpg,http://creativecommons.org/licenses/by-nc/4.0/,"Gobierno del Ecuador- INABIO",,"CC BY-NC-SA (Attribution-NonCommercial-ShareAlike)","Sin fines de lucro","Acestrocephalus anomalus",,urn:uuid:2fa8158e-c328-4a0b-8847-888af44002c6,"2022-04-15 17:45:21",image/jpeg,https://localhost/bndb/collections/individual/index.php?occid=681543,StillImage,Photograph,en
681544,https://localhost/bndb/imagelib/INABIOEC_MECN-DP/00000/MECN-DP_837_1578585366_lg.jpg,https://localhost/bndb/imagelib/INABIOEC_MECN-DP/00000/MECN-DP_837_1578585366_lg.jpg,https://localhost/bndb/imagelib/INABIOEC_MECN-DP/00000/MECN-DP_837_1578585366_tn.jpg,https://localhost/bndb/imagelib/INABIOEC_MECN-DP/00000/MECN-DP_837_1578585366.jpg,http://creativecommons.org/licenses/by-nc/4.0/,"Gobierno del Ecuador- INABIO",,"CC BY-NC-SA (Attribution-NonCommercial-ShareAlike)","Sin fines de lucro","Cyphocharax laticlavius",,urn:uuid:322124ff-5676-4ff5-ae1e-320302afd917,"2022-04-15 17:45:21",image/jpeg,https://localhost/bndb/collections/individual/index.php?occid=681544,StillImage,Photograph,en
681545,https://localhost/bndb/imagelib/INABIOEC_MECN-DP/00000/MECN-DP_838_1578585420_lg.jpg,https://localhost/bndb/imagelib/INABIOEC_MECN-DP/00000/MECN-DP_838_1578585420_lg.jpg,https://localhost/bndb/imagelib/INABIOEC_MECN-DP/00000/MECN-DP_838_1578585420_tn.jpg,https://localhost/bndb/imagelib/INABIOEC_MECN-DP/00000/MECN-DP_838_1578585420.jpg,http://creativecommons.org/licenses/by-nc/4.0/,"Gobierno del Ecuador- INABIO",,"CC BY-NC-SA (Attribution-NonCommercial-ShareAlike)","Sin fines de lucro","Abramites hypselonotus",,urn:uuid:634bbe59-605e-4f64-9d52-d25b712d91f4,"2022-04-15 17:45:21",image/jpeg,https://localhost/bndb/collections/individual/index.php?occid=681545,StillImage,Photograph,en
681546,https://localhost/bndb/imagelib/INABIOEC_MECN-DP/00000/MECN-DP_839_1578585470_lg.jpg,https://localhost/bndb/imagelib/INABIOEC_MECN-DP/00000/MECN-DP_839_1578585470_lg.jpg,https://localhost/bndb/imagelib/INABIOEC_MECN-DP/00000/MECN-DP_839_1578585470_tn.jpg,https://localhost/bndb/imagelib/INABIOEC_MECN-DP/00000/MECN-DP_839_1578585470.jpg,http://creativecommons.org/licenses/by-nc/4.0/,"Gobierno del Ecuador- INABIO",,"CC BY-NC-SA (Attribution-NonCommercial-ShareAlike)","Sin fines de lucro","Pyrrhulina brevis",,urn:uuid:1f0687cc-65b9-419c-b22f-cc67b02266a9,"2022-04-15 17:45:21",image/jpeg,https://localhost/bndb/collections/individual/index.php?occid=681546,StillImage,Photograph,en
681548,https://localhost/bndb/imagelib/INABIOEC_MECN-DP/00000/MECN-DP_840_1578585562_lg.jpg,https://localhost/bndb/imagelib/INABIOEC_MECN-DP/00000/MECN-DP_840_1578585562_lg.jpg,https://localhost/bndb/imagelib/INABIOEC_MECN-DP/00000/MECN-DP_840_1578585562_tn.jpg,https://localhost/bndb/imagelib/INABIOEC_MECN-DP/00000/MECN-DP_840_1578585562.jpg,http://creativecommons.org/licenses/by-nc/4.0/,"Gobierno del Ecuador- INABIO",,"CC BY-NC-SA (Attribution-NonCommercial-ShareAlike)","Sin fines de lucro","Pyrrhulina cf. brevis",,urn:uuid:ac25b05b-b99a-497e-b6d4-cd3ec6ac4e85,"2022-04-15 17:45:21",image/jpeg,https://localhost/bndb/collections/individual/index.php?occid=681548,StillImage,Photograph,en
681549,https://localhost/bndb/imagelib/INABIOEC_MECN-DP/00000/MECN-DP_841_1578585637_lg.jpg,https://localhost/bndb/imagelib/INABIOEC_MECN-DP/00000/MECN-DP_841_1578585637_lg.jpg,https://localhost/bndb/imagelib/INABIOEC_MECN-DP/00000/MECN-DP_841_1578585637_tn.jpg,https://localhost/bndb/imagelib/INABIOEC_MECN-DP/00000/MECN-DP_841_1578585637.jpg,http://creativecommons.org/licenses/by-nc/4.0/,"Gobierno del Ecuador- INABIO",,"CC BY-NC-SA (Attribution-NonCommercial-ShareAlike)","Sin fines de lucro","Hemigrammus sp.",,urn:uuid:657fb092-0e11-44b7-8031-2ea70b9ef0d6,"2022-04-15 17:45:21",image/jpeg,https://localhost/bndb/collections/individual/index.php?occid=681549,StillImage,Photograph,en
681550,https://localhost/bndb/imagelib/INABIOEC_MECN-DP/00000/MECN-DP_842_1578585683_lg.jpg,https://localhost/bndb/imagelib/INABIOEC_MECN-DP/00000/MECN-DP_842_1578585683_lg.jpg,https://localhost/bndb/imagelib/INABIOEC_MECN-DP/00000/MECN-DP_842_1578585683_tn.jpg,https://localhost/bndb/imagelib/INABIOEC_MECN-DP/00000/MECN-DP_842_1578585683.jpg,http://creativecommons.org/licenses/by-nc/4.0/,"Gobierno del Ecuador- INABIO",,"CC BY-NC-SA (Attribution-NonCommercial-ShareAlike)","Sin fines de lucro","Knodus sp.",,urn:uuid:b7705890-b9af-4c3c-abd9-9484796be3a4,"2022-04-15 17:45:21",image/jpeg,https://localhost/bndb/collections/individual/index.php?occid=681550,StillImage,Photograph,en
681551,https://localhost/bndb/imagelib/INABIOEC_MECN-DP/00000/MECN-DP_843_1578585772_lg.jpg,https://localhost/bndb/imagelib/INABIOEC_MECN-DP/00000/MECN-DP_843_1578585772_lg.jpg,https://localhost/bndb/imagelib/INABIOEC_MECN-DP/00000/MECN-DP_843_1578585772_tn.jpg,https://localhost/bndb/imagelib/INABIOEC_MECN-DP/00000/MECN-DP_843_1578585772.jpg,http://creativecommons.org/licenses/by-nc/4.0/,"Gobierno del Ecuador- INABIO",,"CC BY-NC-SA (Attribution-NonCommercial-ShareAlike)","Sin fines de lucro","Cyphocharax sp.",,urn:uuid:13509748-3d6d-4e3f-a4fb-eba3446465f9,"2022-04-15 17:45:21",image/jpeg,https://localhost/bndb/collections/individual/index.php?occid=681551,StillImage,Photograph,en
677391,https://localhost/bndb/imagelib/INABIOEC_MECN-DP/00001/MECN-DP_1114_D_1578585873_lg.jpg,https://localhost/bndb/imagelib/INABIOEC_MECN-DP/00001/MECN-DP_1114_D_1578585873_lg.jpg,https://localhost/bndb/imagelib/INABIOEC_MECN-DP/00001/MECN-DP_1114_D_1578585873_tn.jpg,https://localhost/bndb/imagelib/INABIOEC_MECN-DP/00001/MECN-DP_1114_D_1578585873.jpg,http://creativecommons.org/licenses/by-nc/4.0/,"Gobierno del Ecuador- INABIO",,"CC BY-NC-SA (Attribution-NonCommercial-ShareAlike)","Sin fines de lucro","Astroblepus sp.",,urn:uuid:367c3f60-9b8c-466a-8f39-2f04dd928778,"2022-04-15 17:45:21",image/jpeg,https://localhost/bndb/collections/individual/index.php?occid=677391,StillImage,Photograph,en
677391,https://localhost/bndb/imagelib/INABIOEC_MECN-DP/00001/MECN-DP_1114_1578585900_lg.jpg,https://localhost/bndb/imagelib/INABIOEC_MECN-DP/00001/MECN-DP_1114_1578585900_lg.jpg,https://localhost/bndb/imagelib/INABIOEC_MECN-DP/00001/MECN-DP_1114_1578585900_tn.jpg,https://localhost/bndb/imagelib/INABIOEC_MECN-DP/00001/MECN-DP_1114_1578585900.jpg,http://creativecommons.org/licenses/by-nc/4.0/,"Gobierno del Ecuador- INABIO",,"CC BY-NC-SA (Attribution-NonCommercial-ShareAlike)","Sin fines de lucro","Astroblepus sp.",,urn:uuid:2feed916-f650-40ea-90e6-cf97b07f0eb5,"2022-04-15 17:45:21",image/jpeg,https://localhost/bndb/collections/individual/index.php?occid=677391,StillImage,Photograph,en
677392,https://localhost/bndb/imagelib/INABIOEC_MECN-DP/00001/MECN-DP_1115_D_1578586068_lg.jpg,https://localhost/bndb/imagelib/INABIOEC_MECN-DP/00001/MECN-DP_1115_D_1578586068_lg.jpg,https://localhost/bndb/imagelib/INABIOEC_MECN-DP/00001/MECN-DP_1115_D_1578586068_tn.jpg,https://localhost/bndb/imagelib/INABIOEC_MECN-DP/00001/MECN-DP_1115_D_1578586068.jpg,http://creativecommons.org/licenses/by-nc/4.0/,"Gobierno del Ecuador- INABIO",,"CC BY-NC-SA (Attribution-NonCommercial-ShareAlike)","Sin fines de lucro","Chaetostoma sp.",,urn:uuid:f88e27b8-5e43-4b1c-96e4-6feed11c6bcc,"2022-04-15 17:45:21",image/jpeg,https://localhost/bndb/collections/individual/index.php?occid=677392,StillImage,Photograph,en
677392,https://localhost/bndb/imagelib/INABIOEC_MECN-DP/00001/MECN-DP_1115_V_1578586089_lg.jpg,https://localhost/bndb/imagelib/INABIOEC_MECN-DP/00001/MECN-DP_1115_V_1578586089_lg.jpg,https://localhost/bndb/imagelib/INABIOEC_MECN-DP/00001/MECN-DP_1115_V_1578586089_tn.jpg,https://localhost/bndb/imagelib/INABIOEC_MECN-DP/00001/MECN-DP_1115_V_1578586089.jpg,http://creativecommons.org/licenses/by-nc/4.0/,"Gobierno del Ecuador- INABIO",,"CC BY-NC-SA (Attribution-NonCommercial-ShareAlike)","Sin fines de lucro","Chaetostoma sp.",,urn:uuid:fc570e23-32bb-485a-a91d-7d25002c3d0a,"2022-04-15 17:45:21",image/jpeg,https://localhost/bndb/collections/individual/index.php?occid=677392,StillImage,Photograph,en
677393,https://localhost/bndb/imagelib/INABIOEC_MECN-DP/00001/MECN-DP_1116_D_1578586134_lg.jpg,https://localhost/bndb/imagelib/INABIOEC_MECN-DP/00001/MECN-DP_1116_D_1578586134_lg.jpg,https://localhost/bndb/imagelib/INABIOEC_MECN-DP/00001/MECN-DP_1116_D_1578586134_tn.jpg,https://localhost/bndb/imagelib/INABIOEC_MECN-DP/00001/MECN-DP_1116_D_1578586134.jpg,http://creativecommons.org/licenses/by-nc/4.0/,"Gobierno del Ecuador- INABIO",,"CC BY-NC-SA (Attribution-NonCommercial-ShareAlike)","Sin fines de lucro","Chaetostoma milesi",,urn:uuid:b57f0132-956e-4c43-a63b-35ca32a96dd0,"2022-04-15 17:45:21",image/jpeg,https://localhost/bndb/collections/individual/index.php?occid=677393,StillImage,Photograph,en
677393,https://localhost/bndb/imagelib/INABIOEC_MECN-DP/00001/MECN-DP_1116_V_1578586152_lg.jpg,https://localhost/bndb/imagelib/INABIOEC_MECN-DP/00001/MECN-DP_1116_V_1578586152_lg.jpg,https://localhost/bndb/imagelib/INABIOEC_MECN-DP/00001/MECN-DP_1116_V_1578586152_tn.jpg,https://localhost/bndb/imagelib/INABIOEC_MECN-DP/00001/MECN-DP_1116_V_1578586152.jpg,http://creativecommons.org/licenses/by-nc/4.0/,"Gobierno del Ecuador- INABIO",,"CC BY-NC-SA (Attribution-NonCommercial-ShareAlike)","Sin fines de lucro","Chaetostoma milesi",,urn:uuid:180ef6f1-0d66-46fb-8355-18b3ab9fc20b,"2022-04-15 17:45:21",image/jpeg,https://localhost/bndb/collections/individual/index.php?occid=677393,StillImage,Photograph,en
677394,https://localhost/bndb/imagelib/INABIOEC_MECN-DP/00001/MECN-DP_1117_D_1578586198.jpg,https://localhost/bndb/imagelib/INABIOEC_MECN-DP/00001/MECN-DP_1117_D_1578586198.jpg,https://localhost/bndb/imagelib/INABIOEC_MECN-DP/00001/MECN-DP_1117_D_1578586198_tn.jpg,https://localhost/bndb/imagelib/INABIOEC_MECN-DP/00001/MECN-DP_1117_D_1578586198.jpg,http://creativecommons.org/licenses/by-nc/4.0/,"Gobierno del Ecuador- INABIO",,"CC BY-NC-SA (Attribution-NonCommercial-ShareAlike)","Sin fines de lucro","Chaetostoma sp.",,urn:uuid:64c24e81-6cbd-4a2e-9086-6e914f273adc,"2022-04-15 17:45:21",image/jpeg,https://localhost/bndb/collections/individual/index.php?occid=677394,StillImage,Photograph,en
677394,https://localhost/bndb/imagelib/INABIOEC_MECN-DP/00001/MECN-DP_1117_V_1578586243_lg.jpg,https://localhost/bndb/imagelib/INABIOEC_MECN-DP/00001/MECN-DP_1117_V_1578586243_lg.jpg,https://localhost/bndb/imagelib/INABIOEC_MECN-DP/00001/MECN-DP_1117_V_1578586243_tn.jpg,https://localhost/bndb/imagelib/INABIOEC_MECN-DP/00001/MECN-DP_1117_V_1578586243.jpg,http://creativecommons.org/licenses/by-nc/4.0/,"Gobierno del Ecuador- INABIO",,"CC BY-NC-SA (Attribution-NonCommercial-ShareAlike)","Sin fines de lucro","Chaetostoma sp.",,urn:uuid:eb24cc66-fe2b-4649-8109-a8d1201ebe06,"2022-04-15 17:45:21",image/jpeg,https://localhost/bndb/collections/individual/index.php?occid=677394,StillImage,Photograph,en
677395,https://localhost/bndb/imagelib/INABIOEC_MECN-DP/00001/MECN-DP_1118_D_1578587856_lg.jpg,https://localhost/bndb/imagelib/INABIOEC_MECN-DP/00001/MECN-DP_1118_D_1578587856_lg.jpg,https://localhost/bndb/imagelib/INABIOEC_MECN-DP/00001/MECN-DP_1118_D_1578587856_tn.jpg,https://localhost/bndb/imagelib/INABIOEC_MECN-DP/00001/MECN-DP_1118_D_1578587856.jpg,http://creativecommons.org/licenses/by-nc/4.0/,"Gobierno del Ecuador- INABIO",,"CC BY-NC-SA (Attribution-NonCommercial-ShareAlike)","Sin fines de lucro","Astroblepus sp.",,urn:uuid:302ea575-85a1-4d43-a0df-05558f3beeb3,"2022-04-15 17:45:21",image/jpeg,https://localhost/bndb/collections/individual/index.php?occid=677395,StillImage,Photograph,en
677395,https://localhost/bndb/imagelib/INABIOEC_MECN-DP/00001/MECN-DP_1118_V_1578587885_lg.jpg,https://localhost/bndb/imagelib/INABIOEC_MECN-DP/00001/MECN-DP_1118_V_1578587885_lg.jpg,https://localhost/bndb/imagelib/INABIOEC_MECN-DP/00001/MECN-DP_1118_V_1578587885_tn.jpg,https://localhost/bndb/imagelib/INABIOEC_MECN-DP/00001/MECN-DP_1118_V_1578587885.jpg,http://creativecommons.org/licenses/by-nc/4.0/,"Gobierno del Ecuador- INABIO",,"CC BY-NC-SA (Attribution-NonCommercial-ShareAlike)","Sin fines de lucro","Astroblepus sp.",,urn:uuid:9f6fc091-0e3b-446a-8dcf-15c0fc6101ac,"2022-04-15 17:45:21",image/jpeg,https://localhost/bndb/collections/individual/index.php?occid=677395,StillImage,Photograph,en
677396,https://localhost/bndb/imagelib/INABIOEC_MECN-DP/00001/MECN-DP_1119_D_1578587942_lg.jpg,https://localhost/bndb/imagelib/INABIOEC_MECN-DP/00001/MECN-DP_1119_D_1578587942_lg.jpg,https://localhost/bndb/imagelib/INABIOEC_MECN-DP/00001/MECN-DP_1119_D_1578587942_tn.jpg,https://localhost/bndb/imagelib/INABIOEC_MECN-DP/00001/MECN-DP_1119_D_1578587942.jpg,http://creativecommons.org/licenses/by-nc/4.0/,"Gobierno del Ecuador- INABIO",,"CC BY-NC-SA (Attribution-NonCommercial-ShareAlike)","Sin fines de lucro","Astroblepus sp.",,urn:uuid:88d69932-0f46-4961-a785-e7f26a56629f,"2022-04-15 17:45:21",image/jpeg,https://localhost/bndb/collections/individual/index.php?occid=677396,StillImage,Photograph,en
677396,https://localhost/bndb/imagelib/INABIOEC_MECN-DP/00001/MECN-DP_1119_V_1578587980_lg.jpg,https://localhost/bndb/imagelib/INABIOEC_MECN-DP/00001/MECN-DP_1119_V_1578587980_lg.jpg,https://localhost/bndb/imagelib/INABIOEC_MECN-DP/00001/MECN-DP_1119_V_1578587980_tn.jpg,https://localhost/bndb/imagelib/INABIOEC_MECN-DP/00001/MECN-DP_1119_V_1578587980.jpg,http://creativecommons.org/licenses/by-nc/4.0/,"Gobierno del Ecuador- INABIO",,"CC BY-NC-SA (Attribution-NonCommercial-ShareAlike)","Sin fines de lucro","Astroblepus sp.",,urn:uuid:24c6420f-aaf2-42c1-8249-6d3c52ac5e08,"2022-04-15 17:45:21",image/jpeg,https://localhost/bndb/collections/individual/index.php?occid=677396,StillImage,Photograph,en
677398,https://localhost/bndb/imagelib/INABIOEC_MECN-DP/00001/MECN-DP_1120_D_1578588023_lg.jpg,https://localhost/bndb/imagelib/INABIOEC_MECN-DP/00001/MECN-DP_1120_D_1578588023_lg.jpg,https://localhost/bndb/imagelib/INABIOEC_MECN-DP/00001/MECN-DP_1120_D_1578588023_tn.jpg,https://localhost/bndb/imagelib/INABIOEC_MECN-DP/00001/MECN-DP_1120_D_1578588023.jpg,http://creativecommons.org/licenses/by-nc/4.0/,"Gobierno del Ecuador- INABIO",,"CC BY-NC-SA (Attribution-NonCommercial-ShareAlike)","Sin fines de lucro","Astroblepus sp.",,urn:uuid:d411c7e0-7379-4698-9d1e-927b6ee86abe,"2022-04-15 17:45:21",image/jpeg,https://localhost/bndb/collections/individual/index.php?occid=677398,StillImage,Photograph,en
677398,https://localhost/bndb/imagelib/INABIOEC_MECN-DP/00001/MECN-DP_1120_L_1578588043_lg.jpg,https://localhost/bndb/imagelib/INABIOEC_MECN-DP/00001/MECN-DP_1120_L_1578588043_lg.jpg,https://localhost/bndb/imagelib/INABIOEC_MECN-DP/00001/MECN-DP_1120_L_1578588043_tn.jpg,https://localhost/bndb/imagelib/INABIOEC_MECN-DP/00001/MECN-DP_1120_L_1578588043.jpg,http://creativecommons.org/licenses/by-nc/4.0/,"Gobierno del Ecuador- INABIO",,"CC BY-NC-SA (Attribution-NonCommercial-ShareAlike)","Sin fines de lucro","Astroblepus sp.",,urn:uuid:acf69cc3-4e58-4a27-ac3f-9f38486e38a1,"2022-04-15 17:45:21",image/jpeg,https://localhost/bndb/collections/individual/index.php?occid=677398,StillImage,Photograph,en
677399,https://localhost/bndb/imagelib/INABIOEC_MECN-DP/00001/MECN-DP_1121_D_1578588107_lg.jpg,https://localhost/bndb/imagelib/INABIOEC_MECN-DP/00001/MECN-DP_1121_D_1578588107_lg.jpg,https://localhost/bndb/imagelib/INABIOEC_MECN-DP/00001/MECN-DP_1121_D_1578588107_tn.jpg,https://localhost/bndb/imagelib/INABIOEC_MECN-DP/00001/MECN-DP_1121_D_1578588107.jpg,http://creativecommons.org/licenses/by-nc/4.0/,"Gobierno del Ecuador- INABIO",,"CC BY-NC-SA (Attribution-NonCommercial-ShareAlike)","Sin fines de lucro","Astroblepus sp.",,urn:uuid:5dfd3841-9554-4230-96b8-4779c5095656,"2022-04-15 17:45:21",image/jpeg,https://localhost/bndb/collections/individual/index.php?occid=677399,StillImage,Photograph,en
677399,https://localhost/bndb/imagelib/INABIOEC_MECN-DP/00001/MECN-DP_1121_V_1578588153_lg.jpg,https://localhost/bndb/imagelib/INABIOEC_MECN-DP/00001/MECN-DP_1121_V_1578588153_lg.jpg,https://localhost/bndb/imagelib/INABIOEC_MECN-DP/00001/MECN-DP_1121_V_1578588153_tn.jpg,https://localhost/bndb/imagelib/INABIOEC_MECN-DP/00001/MECN-DP_1121_V_1578588153.jpg,http://creativecommons.org/licenses/by-nc/4.0/,"Gobierno del Ecuador- INABIO",,"CC BY-NC-SA (Attribution-NonCommercial-ShareAlike)","Sin fines de lucro","Astroblepus sp.",,urn:uuid:c80d4008-45c6-4c43-b87c-f6555c2ba542,"2022-04-15 17:45:21",image/jpeg,https://localhost/bndb/collections/individual/index.php?occid=677399,StillImage,Photograph,en
677400,https://localhost/bndb/imagelib/INABIOEC_MECN-DP/00001/MECN-DP_1122_D_1578588220.jpg,https://localhost/bndb/imagelib/INABIOEC_MECN-DP/00001/MECN-DP_1122_D_1578588220.jpg,https://localhost/bndb/imagelib/INABIOEC_MECN-DP/00001/MECN-DP_1122_D_1578588220_tn.jpg,https://localhost/bndb/imagelib/INABIOEC_MECN-DP/00001/MECN-DP_1122_D_1578588220.jpg,http://creativecommons.org/licenses/by-nc/4.0/,"Gobierno del Ecuador- INABIO",,"CC BY-NC-SA (Attribution-NonCommercial-ShareAlike)","Sin fines de lucro","Astroblepus sp.",,urn:uuid:48f45de6-78cd-481d-bbb2-56941bc8c7f5,"2022-04-15 17:45:21",image/jpeg,https://localhost/bndb/collections/individual/index.php?occid=677400,StillImage,Photograph,en
677400,https://localhost/bndb/imagelib/INABIOEC_MECN-DP/00001/MECN-DP_1122_V_1578588260.jpg,https://localhost/bndb/imagelib/INABIOEC_MECN-DP/00001/MECN-DP_1122_V_1578588260.jpg,https://localhost/bndb/imagelib/INABIOEC_MECN-DP/00001/MECN-DP_1122_V_1578588260_tn.jpg,https://localhost/bndb/imagelib/INABIOEC_MECN-DP/00001/MECN-DP_1122_V_1578588260.jpg,http://creativecommons.org/licenses/by-nc/4.0/,"Gobierno del Ecuador- INABIO",,"CC BY-NC-SA (Attribution-NonCommercial-ShareAlike)","Sin fines de lucro","Astroblepus sp.",,urn:uuid:5781eea1-1d30-47a3-b5c3-a29495ec330f,"2022-04-15 17:45:21",image/jpeg,https://localhost/bndb/collections/individual/index.php?occid=677400,StillImage,Photograph,en
677401,https://localhost/bndb/imagelib/INABIOEC_MECN-DP/00001/MECN-DP_1123_1578588301_lg.jpg,https://localhost/bndb/imagelib/INABIOEC_MECN-DP/00001/MECN-DP_1123_1578588301_lg.jpg,https://localhost/bndb/imagelib/INABIOEC_MECN-DP/00001/MECN-DP_1123_1578588301_tn.jpg,https://localhost/bndb/imagelib/INABIOEC_MECN-DP/00001/MECN-DP_1123_1578588301.jpg,http://creativecommons.org/licenses/by-nc/4.0/,"Gobierno del Ecuador- INABIO",,"CC BY-NC-SA (Attribution-NonCommercial-ShareAlike)","Sin fines de lucro","Characidium sp.",,urn:uuid:57566015-3815-4e51-bc52-bbcfa8f6814d,"2022-04-15 17:45:21",image/jpeg,https://localhost/bndb/collections/individual/index.php?occid=677401,StillImage,Photograph,en
677404,https://localhost/bndb/imagelib/INABIOEC_MECN-DP/00001/MECN-DP_1126_L_1578588333_lg.jpg,https://localhost/bndb/imagelib/INABIOEC_MECN-DP/00001/MECN-DP_1126_L_1578588333_lg.jpg,https://localhost/bndb/imagelib/INABIOEC_MECN-DP/00001/MECN-DP_1126_L_1578588333_tn.jpg,https://localhost/bndb/imagelib/INABIOEC_MECN-DP/00001/MECN-DP_1126_L_1578588333.jpg,http://creativecommons.org/licenses/by-nc/4.0/,"Gobierno del Ecuador- INABIO",,"CC BY-NC-SA (Attribution-NonCommercial-ShareAlike)","Sin fines de lucro","Characidium sp.",,urn:uuid:af17bd9c-0d96-4fce-810b-c5740e6c03bf,"2022-04-15 17:45:21",image/jpeg,https://localhost/bndb/collections/individual/index.php?occid=677404,StillImage,Photograph,en
677405,https://localhost/bndb/imagelib/INABIOEC_MECN-DP/00001/MECN-DP_1127_D_1578588386.jpg,https://localhost/bndb/imagelib/INABIOEC_MECN-DP/00001/MECN-DP_1127_D_1578588386.jpg,https://localhost/bndb/imagelib/INABIOEC_MECN-DP/00001/MECN-DP_1127_D_1578588386_tn.jpg,https://localhost/bndb/imagelib/INABIOEC_MECN-DP/00001/MECN-DP_1127_D_1578588386.jpg,http://creativecommons.org/licenses/by-nc/4.0/,"Gobierno del Ecuador- INABIO",,"CC BY-NC-SA (Attribution-NonCommercial-ShareAlike)","Sin fines de lucro","Astroblepus sp.",,urn:uuid:8a5c04db-f79b-4bd9-88dd-5263f1c0a1ea,"2022-04-15 17:45:21",image/jpeg,https://localhost/bndb/collections/individual/index.php?occid=677405,StillImage,Photograph,en
677405,https://localhost/bndb/imagelib/INABIOEC_MECN-DP/00001/MECN-DP_1127_V_1578588489.jpg,https://localhost/bndb/imagelib/INABIOEC_MECN-DP/00001/MECN-DP_1127_V_1578588489.jpg,https://localhost/bndb/imagelib/INABIOEC_MECN-DP/00001/MECN-DP_1127_V_1578588489_tn.jpg,https://localhost/bndb/imagelib/INABIOEC_MECN-DP/00001/MECN-DP_1127_V_1578588489.jpg,http://creativecommons.org/licenses/by-nc/4.0/,"Gobierno del Ecuador- INABIO",,"CC BY-NC-SA (Attribution-NonCommercial-ShareAlike)","Sin fines de lucro","Astroblepus sp.",,urn:uuid:c9c500b7-9ed3-4531-86d0-d0cfd87e49e6,"2022-04-15 17:45:21",image/jpeg,https://localhost/bndb/collections/individual/index.php?occid=677405,StillImage,Photograph,en
677406,https://localhost/bndb/imagelib/INABIOEC_MECN-DP/00001/MECN-DP_1128_1578588519.jpg,https://localhost/bndb/imagelib/INABIOEC_MECN-DP/00001/MECN-DP_1128_1578588519.jpg,https://localhost/bndb/imagelib/INABIOEC_MECN-DP/00001/MECN-DP_1128_1578588519_tn.jpg,https://localhost/bndb/imagelib/INABIOEC_MECN-DP/00001/MECN-DP_1128_1578588519.jpg,http://creativecommons.org/licenses/by-nc/4.0/,"Gobierno del Ecuador- INABIO",,"CC BY-NC-SA (Attribution-NonCommercial-ShareAlike)","Sin fines de lucro","Creagrutus amoenus",,urn:uuid:d4076faa-3bf4-4e16-861b-6a3c33ac1b84,"2022-04-15 17:45:21",image/jpeg,https://localhost/bndb/collections/individual/index.php?occid=677406,StillImage,Photograph,en
677407,https://localhost/bndb/imagelib/INABIOEC_MECN-DP/00001/MECN-DP_1129_1578588554_lg.jpg,https://localhost/bndb/imagelib/INABIOEC_MECN-DP/00001/MECN-DP_1129_1578588554_lg.jpg,https://localhost/bndb/imagelib/INABIOEC_MECN-DP/00001/MECN-DP_1129_1578588554_tn.jpg,https://localhost/bndb/imagelib/INABIOEC_MECN-DP/00001/MECN-DP_1129_1578588554.jpg,http://creativecommons.org/licenses/by-nc/4.0/,"Gobierno del Ecuador- INABIO",,"CC BY-NC-SA (Attribution-NonCommercial-ShareAlike)","Sin fines de lucro","Creagrutus cf. pila",,urn:uuid:418e7741-6c83-48f1-a002-8cda8b3bbb51,"2022-04-15 17:45:21",image/jpeg,https://localhost/bndb/collections/individual/index.php?occid=677407,StillImage,Photograph,en
677409,https://localhost/bndb/imagelib/INABIOEC_MECN-DP/00001/MECN-DP_1130_1578588588_lg.jpg,https://localhost/bndb/imagelib/INABIOEC_MECN-DP/00001/MECN-DP_1130_1578588588_lg.jpg,https://localhost/bndb/imagelib/INABIOEC_MECN-DP/00001/MECN-DP_1130_1578588588_tn.jpg,https://localhost/bndb/imagelib/INABIOEC_MECN-DP/00001/MECN-DP_1130_1578588588.jpg,http://creativecommons.org/licenses/by-nc/4.0/,"Gobierno del Ecuador- INABIO",,"CC BY-NC-SA (Attribution-NonCommercial-ShareAlike)","Sin fines de lucro","Ceratobranchia binghami",,urn:uuid:1035d1a8-2a66-4a05-b11a-f142de208179,"2022-04-15 17:45:21",image/jpeg,https://localhost/bndb/collections/individual/index.php?occid=677409,StillImage,Photograph,en
677410,https://localhost/bndb/imagelib/INABIOEC_MECN-DP/00001/MECN-DP_1131_1578588680_lg.jpg,https://localhost/bndb/imagelib/INABIOEC_MECN-DP/00001/MECN-DP_1131_1578588680_lg.jpg,https://localhost/bndb/imagelib/INABIOEC_MECN-DP/00001/MECN-DP_1131_1578588680_tn.jpg,https://localhost/bndb/imagelib/INABIOEC_MECN-DP/00001/MECN-DP_1131_1578588680.jpg,http://creativecommons.org/licenses/by-nc/4.0/,"Gobierno del Ecuador- INABIO",,"CC BY-NC-SA (Attribution-NonCommercial-ShareAlike)","Sin fines de lucro","Ceratobranchia binghami",,urn:uuid:e7bbad5c-dc0c-4008-ace0-78ee9e87915f,"2022-04-15 17:45:21",image/jpeg,https://localhost/bndb/collections/individual/index.php?occid=677410,StillImage,Photograph,en
677411,https://localhost/bndb/imagelib/INABIOEC_MECN-DP/00001/MECN-DP_1132_1578588762_lg.jpg,https://localhost/bndb/imagelib/INABIOEC_MECN-DP/00001/MECN-DP_1132_1578588762_lg.jpg,https://localhost/bndb/imagelib/INABIOEC_MECN-DP/00001/MECN-DP_1132_1578588762_tn.jpg,https://localhost/bndb/imagelib/INABIOEC_MECN-DP/00001/MECN-DP_1132_1578588762.jpg,http://creativecommons.org/licenses/by-nc/4.0/,"Gobierno del Ecuador- INABIO",,"CC BY-NC-SA (Attribution-NonCommercial-ShareAlike)","Sin fines de lucro","Knodus caquetae",,urn:uuid:1cbeab1c-840b-4669-b654-0623745a70ce,"2022-04-15 17:45:21",image/jpeg,https://localhost/bndb/collections/individual/index.php?occid=677411,StillImage,Photograph,en
677412,https://localhost/bndb/imagelib/INABIOEC_MECN-DP/00001/MECN-DP_1133_1578588801_lg.jpg,https://localhost/bndb/imagelib/INABIOEC_MECN-DP/00001/MECN-DP_1133_1578588801_lg.jpg,https://localhost/bndb/imagelib/INABIOEC_MECN-DP/00001/MECN-DP_1133_1578588801_tn.jpg,https://localhost/bndb/imagelib/INABIOEC_MECN-DP/00001/MECN-DP_1133_1578588801.jpg,http://creativecommons.org/licenses/by-nc/4.0/,"Gobierno del Ecuador- INABIO",,"CC BY-NC-SA (Attribution-NonCommercial-ShareAlike)","Sin fines de lucro","Knodus sp.",,urn:uuid:fc0b50a2-34c2-44b0-8c26-d5ea02a6fc50,"2022-04-15 17:45:21",image/jpeg,https://localhost/bndb/collections/individual/index.php?occid=677412,StillImage,Photograph,en
677413,https://localhost/bndb/imagelib/INABIOEC_MECN-DP/00001/MECN-DP_1134_D_1578588875_lg.jpg,https://localhost/bndb/imagelib/INABIOEC_MECN-DP/00001/MECN-DP_1134_D_1578588875_lg.jpg,https://localhost/bndb/imagelib/INABIOEC_MECN-DP/00001/MECN-DP_1134_D_1578588875_tn.jpg,https://localhost/bndb/imagelib/INABIOEC_MECN-DP/00001/MECN-DP_1134_D_1578588875.jpg,http://creativecommons.org/licenses/by-nc/4.0/,"Gobierno del Ecuador- INABIO",,"CC BY-NC-SA (Attribution-NonCommercial-ShareAlike)","Sin fines de lucro","Trichomycterus sp.",,urn:uuid:32d2aeb9-7652-409e-88af-bb56c33992e4,"2022-04-15 17:45:21",image/jpeg,https://localhost/bndb/collections/individual/index.php?occid=677413,StillImage,Photograph,en
677413,https://localhost/bndb/imagelib/INABIOEC_MECN-DP/00001/MECN-DP_1134_L_1578588933_lg.jpg,https://localhost/bndb/imagelib/INABIOEC_MECN-DP/00001/MECN-DP_1134_L_1578588933_lg.jpg,https://localhost/bndb/imagelib/INABIOEC_MECN-DP/00001/MECN-DP_1134_L_1578588933_tn.jpg,https://localhost/bndb/imagelib/INABIOEC_MECN-DP/00001/MECN-DP_1134_L_1578588933.jpg,http://creativecommons.org/licenses/by-nc/4.0/,"Gobierno del Ecuador- INABIO",,"CC BY-NC-SA (Attribution-NonCommercial-ShareAlike)","Sin fines de lucro","Trichomycterus sp.",,urn:uuid:393cdd96-01be-4c65-93a2-2a2bb17d6355,"2022-04-15 17:45:21",image/jpeg,https://localhost/bndb/collections/individual/index.php?occid=677413,StillImage,Photograph,en
677414,https://localhost/bndb/imagelib/INABIOEC_MECN-DP/00001/MECN-DP_1135_D_1578589026_lg.jpg,https://localhost/bndb/imagelib/INABIOEC_MECN-DP/00001/MECN-DP_1135_D_1578589026_lg.jpg,https://localhost/bndb/imagelib/INABIOEC_MECN-DP/00001/MECN-DP_1135_D_1578589026_tn.jpg,https://localhost/bndb/imagelib/INABIOEC_MECN-DP/00001/MECN-DP_1135_D_1578589026.jpg,http://creativecommons.org/licenses/by-nc/4.0/,"Gobierno del Ecuador- INABIO",,"CC BY-NC-SA (Attribution-NonCommercial-ShareAlike)","Sin fines de lucro","Astroblepus sp.",,urn:uuid:ef59ce2e-ac24-4798-8aa0-93abcbc000da,"2022-04-15 17:45:21",image/jpeg,https://localhost/bndb/collections/individual/index.php?occid=677414,StillImage,Photograph,en
677414,https://localhost/bndb/imagelib/INABIOEC_MECN-DP/00001/MECN-DP_1135_L_1578589061_lg.jpg,https://localhost/bndb/imagelib/INABIOEC_MECN-DP/00001/MECN-DP_1135_L_1578589061_lg.jpg,https://localhost/bndb/imagelib/INABIOEC_MECN-DP/00001/MECN-DP_1135_L_1578589061_tn.jpg,https://localhost/bndb/imagelib/INABIOEC_MECN-DP/00001/MECN-DP_1135_L_1578589061.jpg,http://creativecommons.org/licenses/by-nc/4.0/,"Gobierno del Ecuador- INABIO",,"CC BY-NC-SA (Attribution-NonCommercial-ShareAlike)","Sin fines de lucro","Astroblepus sp.",,urn:uuid:201f4768-b58a-4dfc-8687-9d3e825dbce3,"2022-04-15 17:45:21",image/jpeg,https://localhost/bndb/collections/individual/index.php?occid=677414,StillImage,Photograph,en
677415,https://localhost/bndb/imagelib/INABIOEC_MECN-DP/00001/MECN-DP_1136_1578589152_lg.jpg,https://localhost/bndb/imagelib/INABIOEC_MECN-DP/00001/MECN-DP_1136_1578589152_lg.jpg,https://localhost/bndb/imagelib/INABIOEC_MECN-DP/00001/MECN-DP_1136_1578589152_tn.jpg,https://localhost/bndb/imagelib/INABIOEC_MECN-DP/00001/MECN-DP_1136_1578589152.jpg,http://creativecommons.org/licenses/by-nc/4.0/,"Gobierno del Ecuador- INABIO",,"CC BY-NC-SA (Attribution-NonCommercial-ShareAlike)","Sin fines de lucro","Lebiasina elongata",,urn:uuid:a40aa231-7519-432e-8c41-d7ef12a07005,"2022-04-15 17:45:21",image/jpeg,https://localhost/bndb/collections/individual/index.php?occid=677415,StillImage,Photograph,en
677416,https://localhost/bndb/imagelib/INABIOEC_MECN-DP/00001/MECN-DP_1137_1578589282_lg.jpg,https://localhost/bndb/imagelib/INABIOEC_MECN-DP/00001/MECN-DP_1137_1578589282_lg.jpg,https://localhost/bndb/imagelib/INABIOEC_MECN-DP/00001/MECN-DP_1137_1578589282_tn.jpg,https://localhost/bndb/imagelib/INABIOEC_MECN-DP/00001/MECN-DP_1137_1578589282.jpg,http://creativecommons.org/licenses/by-nc/4.0/,"Gobierno del Ecuador- INABIO",,"CC BY-NC-SA (Attribution-NonCommercial-ShareAlike)","Sin fines de lucro","Parodon pongoensis",,urn:uuid:99c84448-828b-4787-82d4-e29cf96a62dc,"2022-04-15 17:45:21",image/jpeg,https://localhost/bndb/collections/individual/index.php?occid=677416,StillImage,Photograph,en
677417,https://localhost/bndb/imagelib/INABIOEC_MECN-DP/00001/MECN-DP_1138_1578589370.jpg,https://localhost/bndb/imagelib/INABIOEC_MECN-DP/00001/MECN-DP_1138_1578589370.jpg,https://localhost/bndb/imagelib/INABIOEC_MECN-DP/00001/MECN-DP_1138_1578589370_tn.jpg,https://localhost/bndb/imagelib/INABIOEC_MECN-DP/00001/MECN-DP_1138_1578589370.jpg,http://creativecommons.org/licenses/by-nc/4.0/,"Gobierno del Ecuador- INABIO",,"CC BY-NC-SA (Attribution-NonCommercial-ShareAlike)","Sin fines de lucro","Parodon buckleyi",,urn:uuid:e4d25e61-63ab-40af-9b7b-57a4bb3429e2,"2022-04-15 17:45:21",image/jpeg,https://localhost/bndb/collections/individual/index.php?occid=677417,StillImage,Photograph,en
677420,https://localhost/bndb/imagelib/INABIOEC_MECN-DP/00001/MECN-DP_1140_D_1578589415.jpg,https://localhost/bndb/imagelib/INABIOEC_MECN-DP/00001/MECN-DP_1140_D_1578589415.jpg,https://localhost/bndb/imagelib/INABIOEC_MECN-DP/00001/MECN-DP_1140_D_1578589415_tn.jpg,https://localhost/bndb/imagelib/INABIOEC_MECN-DP/00001/MECN-DP_1140_D_1578589415.jpg,http://creativecommons.org/licenses/by-nc/4.0/,"Gobierno del Ecuador- INABIO",,"CC BY-NC-SA (Attribution-NonCommercial-ShareAlike)","Sin fines de lucro","Chaetostoma microps",,urn:uuid:392e1d72-a0ce-4dd6-b808-ed5b4bd5d8b7,"2022-04-15 17:45:21",image/jpeg,https://localhost/bndb/collections/individual/index.php?occid=677420,StillImage,Photograph,en
677420,https://localhost/bndb/imagelib/INABIOEC_MECN-DP/00001/MECN-DP_1140_V_1578589448.jpg,https://localhost/bndb/imagelib/INABIOEC_MECN-DP/00001/MECN-DP_1140_V_1578589448.jpg,https://localhost/bndb/imagelib/INABIOEC_MECN-DP/00001/MECN-DP_1140_V_1578589448_tn.jpg,https://localhost/bndb/imagelib/INABIOEC_MECN-DP/00001/MECN-DP_1140_V_1578589448.jpg,http://creativecommons.org/licenses/by-nc/4.0/,"Gobierno del Ecuador- INABIO",,"CC BY-NC-SA (Attribution-NonCommercial-ShareAlike)","Sin fines de lucro","Chaetostoma microps",,urn:uuid:b0b4dda4-8a42-43f2-8dfc-343ee2b5061e,"2022-04-15 17:45:21",image/jpeg,https://localhost/bndb/collections/individual/index.php?occid=677420,StillImage,Photograph,en
677421,https://localhost/bndb/imagelib/INABIOEC_MECN-DP/00001/MECN-DP_1141_D_1578944512.jpg,https://localhost/bndb/imagelib/INABIOEC_MECN-DP/00001/MECN-DP_1141_D_1578944512.jpg,https://localhost/bndb/imagelib/INABIOEC_MECN-DP/00001/MECN-DP_1141_D_1578944512_tn.jpg,https://localhost/bndb/imagelib/INABIOEC_MECN-DP/00001/MECN-DP_1141_D_1578944512.jpg,http://creativecommons.org/licenses/by-nc/4.0/,"Gobierno del Ecuador- INABIO",,"CC BY-NC-SA (Attribution-NonCommercial-ShareAlike)","Sin fines de lucro","Chaetostoma platyrhynchus",,urn:uuid:6e000e0b-376f-494f-b2d3-809f7eaf4473,"2022-04-15 17:45:21",image/jpeg,https://localhost/bndb/collections/individual/index.php?occid=677421,StillImage,Photograph,en
677421,https://localhost/bndb/imagelib/INABIOEC_MECN-DP/00001/MECN-DP_1141_V_1578944532.jpg,https://localhost/bndb/imagelib/INABIOEC_MECN-DP/00001/MECN-DP_1141_V_1578944532.jpg,https://localhost/bndb/imagelib/INABIOEC_MECN-DP/00001/MECN-DP_1141_V_1578944532_tn.jpg,https://localhost/bndb/imagelib/INABIOEC_MECN-DP/00001/MECN-DP_1141_V_1578944532.jpg,http://creativecommons.org/licenses/by-nc/4.0/,"Gobierno del Ecuador- INABIO",,"CC BY-NC-SA (Attribution-NonCommercial-ShareAlike)","Sin fines de lucro","Chaetostoma platyrhynchus",,urn:uuid:7ce831b1-c6dc-4ac7-880b-fc0fc5e2ecfd,"2022-04-15 17:45:21",image/jpeg,https://localhost/bndb/collections/individual/index.php?occid=677421,StillImage,Photograph,en
677422,https://localhost/bndb/imagelib/INABIOEC_MECN-DP/00001/MECN-DP_1142_D_1578589543_lg.jpg,https://localhost/bndb/imagelib/INABIOEC_MECN-DP/00001/MECN-DP_1142_D_1578589543_lg.jpg,https://localhost/bndb/imagelib/INABIOEC_MECN-DP/00001/MECN-DP_1142_D_1578589543_tn.jpg,https://localhost/bndb/imagelib/INABIOEC_MECN-DP/00001/MECN-DP_1142_D_1578589543.jpg,http://creativecommons.org/licenses/by-nc/4.0/,"Gobierno del Ecuador- INABIO",,"CC BY-NC-SA (Attribution-NonCommercial-ShareAlike)","Sin fines de lucro","Chaetostoma platyrhynchus",,urn:uuid:1749a1e5-085c-411e-8b4c-7aab9b7d6b85,"2022-04-15 17:45:21",image/jpeg,https://localhost/bndb/collections/individual/index.php?occid=677422,StillImage,Photograph,en
677422,https://localhost/bndb/imagelib/INABIOEC_MECN-DP/00001/MECN-DP_1142_V_1578589631_lg.jpg,https://localhost/bndb/imagelib/INABIOEC_MECN-DP/00001/MECN-DP_1142_V_1578589631_lg.jpg,https://localhost/bndb/imagelib/INABIOEC_MECN-DP/00001/MECN-DP_1142_V_1578589631_tn.jpg,https://localhost/bndb/imagelib/INABIOEC_MECN-DP/00001/MECN-DP_1142_V_1578589631.jpg,http://creativecommons.org/licenses/by-nc/4.0/,"Gobierno del Ecuador- INABIO",,"CC BY-NC-SA (Attribution-NonCommercial-ShareAlike)","Sin fines de lucro","Chaetostoma platyrhynchus",,urn:uuid:6ed755e6-2166-47bf-9f32-3c5f5716f00c,"2022-04-15 17:45:21",image/jpeg,https://localhost/bndb/collections/individual/index.php?occid=677422,StillImage,Photograph,en
677423,https://localhost/bndb/imagelib/INABIOEC_MECN-DP/00001/MECN-DP_1143_D_1578590314_lg.jpg,https://localhost/bndb/imagelib/INABIOEC_MECN-DP/00001/MECN-DP_1143_D_1578590314_lg.jpg,https://localhost/bndb/imagelib/INABIOEC_MECN-DP/00001/MECN-DP_1143_D_1578590314_tn.jpg,https://localhost/bndb/imagelib/INABIOEC_MECN-DP/00001/MECN-DP_1143_D_1578590314.jpg,http://creativecommons.org/licenses/by-nc/4.0/,"Gobierno del Ecuador- INABIO",,"CC BY-NC-SA (Attribution-NonCommercial-ShareAlike)","Sin fines de lucro","Chaetostoma sp.",,urn:uuid:39b6ec4f-e07a-4780-a2c1-9118d99a554c,"2022-04-15 17:45:21",image/jpeg,https://localhost/bndb/collections/individual/index.php?occid=677423,StillImage,Photograph,en
677423,https://localhost/bndb/imagelib/INABIOEC_MECN-DP/00001/MECN-DP_1143_V_1578590351_lg.jpg,https://localhost/bndb/imagelib/INABIOEC_MECN-DP/00001/MECN-DP_1143_V_1578590351_lg.jpg,https://localhost/bndb/imagelib/INABIOEC_MECN-DP/00001/MECN-DP_1143_V_1578590351_tn.jpg,https://localhost/bndb/imagelib/INABIOEC_MECN-DP/00001/MECN-DP_1143_V_1578590351.jpg,http://creativecommons.org/licenses/by-nc/4.0/,"Gobierno del Ecuador- INABIO",,"CC BY-NC-SA (Attribution-NonCommercial-ShareAlike)","Sin fines de lucro","Chaetostoma sp.",,urn:uuid:1fed3935-ea48-430e-ade8-b231711d1e47,"2022-04-15 17:45:21",image/jpeg,https://localhost/bndb/collections/individual/index.php?occid=677423,StillImage,Photograph,en
677424,https://localhost/bndb/imagelib/INABIOEC_MECN-DP/00001/MECN-DP_1144_D_1578590541_lg.jpg,https://localhost/bndb/imagelib/INABIOEC_MECN-DP/00001/MECN-DP_1144_D_1578590541_lg.jpg,https://localhost/bndb/imagelib/INABIOEC_MECN-DP/00001/MECN-DP_1144_D_1578590541_tn.jpg,https://localhost/bndb/imagelib/INABIOEC_MECN-DP/00001/MECN-DP_1144_D_1578590541.jpg,http://creativecommons.org/licenses/by-nc/4.0/,"Gobierno del Ecuador- INABIO",,"CC BY-NC-SA (Attribution-NonCommercial-ShareAlike)","Sin fines de lucro","Chaetostoma platyrhynchus",,urn:uuid:9fe81fcd-4c8f-4099-bc14-61fb115dafa7,"2022-04-15 17:45:21",image/jpeg,https://localhost/bndb/collections/individual/index.php?occid=677424,StillImage,Photograph,en
677424,https://localhost/bndb/imagelib/INABIOEC_MECN-DP/00001/MECN-DP_1144_V_1578590571_lg.jpg,https://localhost/bndb/imagelib/INABIOEC_MECN-DP/00001/MECN-DP_1144_V_1578590571_lg.jpg,https://localhost/bndb/imagelib/INABIOEC_MECN-DP/00001/MECN-DP_1144_V_1578590571_tn.jpg,https://localhost/bndb/imagelib/INABIOEC_MECN-DP/00001/MECN-DP_1144_V_1578590571.jpg,http://creativecommons.org/licenses/by-nc/4.0/,"Gobierno del Ecuador- INABIO",,"CC BY-NC-SA (Attribution-NonCommercial-ShareAlike)","Sin fines de lucro","Chaetostoma platyrhynchus",,urn:uuid:e36b8bad-2e39-450c-b709-2f4fd4f39695,"2022-04-15 17:45:21",image/jpeg,https://localhost/bndb/collections/individual/index.php?occid=677424,StillImage,Photograph,en
677425,https://localhost/bndb/imagelib/INABIOEC_MECN-DP/00001/MECN-DP_1145_D_1578590684_lg.jpg,https://localhost/bndb/imagelib/INABIOEC_MECN-DP/00001/MECN-DP_1145_D_1578590684_lg.jpg,https://localhost/bndb/imagelib/INABIOEC_MECN-DP/00001/MECN-DP_1145_D_1578590684_tn.jpg,https://localhost/bndb/imagelib/INABIOEC_MECN-DP/00001/MECN-DP_1145_D_1578590684.jpg,http://creativecommons.org/licenses/by-nc/4.0/,"Gobierno del Ecuador- INABIO",,"CC BY-NC-SA (Attribution-NonCommercial-ShareAlike)","Sin fines de lucro","Chaetostoma microps",,urn:uuid:64102e89-2a0f-4be6-9624-9498a52780aa,"2022-04-15 17:45:21",image/jpeg,https://localhost/bndb/collections/individual/index.php?occid=677425,StillImage,Photograph,en
677425,https://localhost/bndb/imagelib/INABIOEC_MECN-DP/00001/MECN-DP_1145_V_1578590714.jpg,https://localhost/bndb/imagelib/INABIOEC_MECN-DP/00001/MECN-DP_1145_V_1578590714.jpg,https://localhost/bndb/imagelib/INABIOEC_MECN-DP/00001/MECN-DP_1145_V_1578590714_tn.jpg,https://localhost/bndb/imagelib/INABIOEC_MECN-DP/00001/MECN-DP_1145_V_1578590714.jpg,http://creativecommons.org/licenses/by-nc/4.0/,"Gobierno del Ecuador- INABIO",,"CC BY-NC-SA (Attribution-NonCommercial-ShareAlike)","Sin fines de lucro","Chaetostoma microps",,urn:uuid:de7bd37d-8937-408e-87ce-6c6a6a200890,"2022-04-15 17:45:21",image/jpeg,https://localhost/bndb/collections/individual/index.php?occid=677425,StillImage,Photograph,en
677426,https://localhost/bndb/imagelib/INABIOEC_MECN-DP/00001/MECN-DP_1146_D_1578590810.jpg,https://localhost/bndb/imagelib/INABIOEC_MECN-DP/00001/MECN-DP_1146_D_1578590810.jpg,https://localhost/bndb/imagelib/INABIOEC_MECN-DP/00001/MECN-DP_1146_D_1578590810_tn.jpg,https://localhost/bndb/imagelib/INABIOEC_MECN-DP/00001/MECN-DP_1146_D_1578590810.jpg,http://creativecommons.org/licenses/by-nc/4.0/,"Gobierno del Ecuador- INABIO",,"CC BY-NC-SA (Attribution-NonCommercial-ShareAlike)","Sin fines de lucro","Chaetostoma sp.",,urn:uuid:7369b4bf-9935-4ee1-aadf-c847559e268a,"2022-04-15 17:45:21",image/jpeg,https://localhost/bndb/collections/individual/index.php?occid=677426,StillImage,Photograph,en
677426,https://localhost/bndb/imagelib/INABIOEC_MECN-DP/00001/MECN-DP_1146_V_1578590911.jpg,https://localhost/bndb/imagelib/INABIOEC_MECN-DP/00001/MECN-DP_1146_V_1578590911.jpg,https://localhost/bndb/imagelib/INABIOEC_MECN-DP/00001/MECN-DP_1146_V_1578590911_tn.jpg,https://localhost/bndb/imagelib/INABIOEC_MECN-DP/00001/MECN-DP_1146_V_1578590911.jpg,http://creativecommons.org/licenses/by-nc/4.0/,"Gobierno del Ecuador- INABIO",,"CC BY-NC-SA (Attribution-NonCommercial-ShareAlike)","Sin fines de lucro","Chaetostoma sp.",,urn:uuid:654aabb4-0f55-4011-af67-ab26fc985a07,"2022-04-15 17:45:21",image/jpeg,https://localhost/bndb/collections/individual/index.php?occid=677426,StillImage,Photograph,en
677427,https://localhost/bndb/imagelib/INABIOEC_MECN-DP/00001/MECN-DP_1147_D_1578590947_lg.jpg,https://localhost/bndb/imagelib/INABIOEC_MECN-DP/00001/MECN-DP_1147_D_1578590947_lg.jpg,https://localhost/bndb/imagelib/INABIOEC_MECN-DP/00001/MECN-DP_1147_D_1578590947_tn.jpg,https://localhost/bndb/imagelib/INABIOEC_MECN-DP/00001/MECN-DP_1147_D_1578590947.jpg,http://creativecommons.org/licenses/by-nc/4.0/,"Gobierno del Ecuador- INABIO",,"CC BY-NC-SA (Attribution-NonCommercial-ShareAlike)","Sin fines de lucro","Chaetostoma microps",,urn:uuid:8f7a91e7-93eb-49a5-8215-643878b9ffdf,"2022-04-15 17:45:21",image/jpeg,https://localhost/bndb/collections/individual/index.php?occid=677427,StillImage,Photograph,en
677427,https://localhost/bndb/imagelib/INABIOEC_MECN-DP/00001/MECN-DP_1147_V_1578591014_lg.jpg,https://localhost/bndb/imagelib/INABIOEC_MECN-DP/00001/MECN-DP_1147_V_1578591014_lg.jpg,https://localhost/bndb/imagelib/INABIOEC_MECN-DP/00001/MECN-DP_1147_V_1578591014_tn.jpg,https://localhost/bndb/imagelib/INABIOEC_MECN-DP/00001/MECN-DP_1147_V_1578591014.jpg,http://creativecommons.org/licenses/by-nc/4.0/,"Gobierno del Ecuador- INABIO",,"CC BY-NC-SA (Attribution-NonCommercial-ShareAlike)","Sin fines de lucro","Chaetostoma microps",,urn:uuid:d4ed3843-99fd-47b8-a739-1059e0ec6bfa,"2022-04-15 17:45:21",image/jpeg,https://localhost/bndb/collections/individual/index.php?occid=677427,StillImage,Photograph,en
677428,https://localhost/bndb/imagelib/INABIOEC_MECN-DP/00001/MECN-DP_1148_D_1578591059_lg.jpg,https://localhost/bndb/imagelib/INABIOEC_MECN-DP/00001/MECN-DP_1148_D_1578591059_lg.jpg,https://localhost/bndb/imagelib/INABIOEC_MECN-DP/00001/MECN-DP_1148_D_1578591059_tn.jpg,https://localhost/bndb/imagelib/INABIOEC_MECN-DP/00001/MECN-DP_1148_D_1578591059.jpg,http://creativecommons.org/licenses/by-nc/4.0/,"Gobierno del Ecuador- INABIO",,"CC BY-NC-SA (Attribution-NonCommercial-ShareAlike)","Sin fines de lucro","Chaetostoma sp.",,urn:uuid:b85120fe-aa95-48be-897a-6cae1dfe8109,"2022-04-15 17:45:21",image/jpeg,https://localhost/bndb/collections/individual/index.php?occid=677428,StillImage,Photograph,en
677428,https://localhost/bndb/imagelib/INABIOEC_MECN-DP/00001/MECN-DP_1148_V_1578591089_lg.jpg,https://localhost/bndb/imagelib/INABIOEC_MECN-DP/00001/MECN-DP_1148_V_1578591089_lg.jpg,https://localhost/bndb/imagelib/INABIOEC_MECN-DP/00001/MECN-DP_1148_V_1578591089_tn.jpg,https://localhost/bndb/imagelib/INABIOEC_MECN-DP/00001/MECN-DP_1148_V_1578591089.jpg,http://creativecommons.org/licenses/by-nc/4.0/,"Gobierno del Ecuador- INABIO",,"CC BY-NC-SA (Attribution-NonCommercial-ShareAlike)","Sin fines de lucro","Chaetostoma sp.",,urn:uuid:4b2f1a95-3be5-473a-a14a-4415acec72e5,"2022-04-15 17:45:21",image/jpeg,https://localhost/bndb/collections/individual/index.php?occid=677428,StillImage,Photograph,en
677429,https://localhost/bndb/imagelib/INABIOEC_MECN-DP/00001/MECN-DP_1149_D_1578591161.jpg,https://localhost/bndb/imagelib/INABIOEC_MECN-DP/00001/MECN-DP_1149_D_1578591161.jpg,https://localhost/bndb/imagelib/INABIOEC_MECN-DP/00001/MECN-DP_1149_D_1578591161_tn.jpg,https://localhost/bndb/imagelib/INABIOEC_MECN-DP/00001/MECN-DP_1149_D_1578591161.jpg,http://creativecommons.org/licenses/by-nc/4.0/,"Gobierno del Ecuador- INABIO",,"CC BY-NC-SA (Attribution-NonCommercial-ShareAlike)","Sin fines de lucro","Chaetostoma microps",,urn:uuid:a4ab1d37-52c4-4104-b77f-9cafc51663bd,"2022-04-15 17:45:21",image/jpeg,https://localhost/bndb/collections/individual/index.php?occid=677429,StillImage,Photograph,en
677429,https://localhost/bndb/imagelib/INABIOEC_MECN-DP/00001/MECN-DP_1149_V_1578591184_lg.jpg,https://localhost/bndb/imagelib/INABIOEC_MECN-DP/00001/MECN-DP_1149_V_1578591184_lg.jpg,https://localhost/bndb/imagelib/INABIOEC_MECN-DP/00001/MECN-DP_1149_V_1578591184_tn.jpg,https://localhost/bndb/imagelib/INABIOEC_MECN-DP/00001/MECN-DP_1149_V_1578591184.jpg,http://creativecommons.org/licenses/by-nc/4.0/,"Gobierno del Ecuador- INABIO",,"CC BY-NC-SA (Attribution-NonCommercial-ShareAlike)","Sin fines de lucro","Chaetostoma microps",,urn:uuid:79f71d5a-4e5e-4bc9-9df0-60b528152a6c,"2022-04-15 17:45:21",image/jpeg,https://localhost/bndb/collections/individual/index.php?occid=677429,StillImage,Photograph,en
677431,https://localhost/bndb/imagelib/INABIOEC_MECN-DP/00001/MECN-DP_1150_D_1578591292_lg.jpg,https://localhost/bndb/imagelib/INABIOEC_MECN-DP/00001/MECN-DP_1150_D_1578591292_lg.jpg,https://localhost/bndb/imagelib/INABIOEC_MECN-DP/00001/MECN-DP_1150_D_1578591292_tn.jpg,https://localhost/bndb/imagelib/INABIOEC_MECN-DP/00001/MECN-DP_1150_D_1578591292.jpg,http://creativecommons.org/licenses/by-nc/4.0/,"Gobierno del Ecuador- INABIO",,"CC BY-NC-SA (Attribution-NonCommercial-ShareAlike)","Sin fines de lucro","Chaetostoma platyrhynchus",,urn:uuid:fac2726e-50b9-450a-8a3a-331e210ae995,"2022-04-15 17:45:21",image/jpeg,https://localhost/bndb/collections/individual/index.php?occid=677431,StillImage,Photograph,en
677431,https://localhost/bndb/imagelib/INABIOEC_MECN-DP/00001/MECN-DP_1150_V_1578591338_lg.jpg,https://localhost/bndb/imagelib/INABIOEC_MECN-DP/00001/MECN-DP_1150_V_1578591338_lg.jpg,https://localhost/bndb/imagelib/INABIOEC_MECN-DP/00001/MECN-DP_1150_V_1578591338_tn.jpg,https://localhost/bndb/imagelib/INABIOEC_MECN-DP/00001/MECN-DP_1150_V_1578591338.jpg,http://creativecommons.org/licenses/by-nc/4.0/,"Gobierno del Ecuador- INABIO",,"CC BY-NC-SA (Attribution-NonCommercial-ShareAlike)","Sin fines de lucro","Chaetostoma platyrhynchus",,urn:uuid:d204f88d-e2ca-4d02-98ba-2e30f16a8131,"2022-04-15 17:45:21",image/jpeg,https://localhost/bndb/collections/individual/index.php?occid=677431,StillImage,Photograph,en
677432,https://localhost/bndb/imagelib/INABIOEC_MECN-DP/00001/MECN-DP_1151_D_1578591774_lg.jpg,https://localhost/bndb/imagelib/INABIOEC_MECN-DP/00001/MECN-DP_1151_D_1578591774_lg.jpg,https://localhost/bndb/imagelib/INABIOEC_MECN-DP/00001/MECN-DP_1151_D_1578591774_tn.jpg,https://localhost/bndb/imagelib/INABIOEC_MECN-DP/00001/MECN-DP_1151_D_1578591774.jpg,http://creativecommons.org/licenses/by-nc/4.0/,"Gobierno del Ecuador- INABIO",,"CC BY-NC-SA (Attribution-NonCommercial-ShareAlike)","Sin fines de lucro","Chaetostoma platyrhynchus",,urn:uuid:0d02c2a6-5fc1-41f0-a938-d55ee9208f7b,"2022-04-15 17:45:21",image/jpeg,https://localhost/bndb/collections/individual/index.php?occid=677432,StillImage,Photograph,en
677432,https://localhost/bndb/imagelib/INABIOEC_MECN-DP/00001/MECN-DP_1151_V_1578591796_lg.jpg,https://localhost/bndb/imagelib/INABIOEC_MECN-DP/00001/MECN-DP_1151_V_1578591796_lg.jpg,https://localhost/bndb/imagelib/INABIOEC_MECN-DP/00001/MECN-DP_1151_V_1578591796_tn.jpg,https://localhost/bndb/imagelib/INABIOEC_MECN-DP/00001/MECN-DP_1151_V_1578591796.jpg,http://creativecommons.org/licenses/by-nc/4.0/,"Gobierno del Ecuador- INABIO",,"CC BY-NC-SA (Attribution-NonCommercial-ShareAlike)","Sin fines de lucro","Chaetostoma platyrhynchus",,urn:uuid:f17bff7a-8d74-4249-b8b7-8df88c5592f3,"2022-04-15 17:45:21",image/jpeg,https://localhost/bndb/collections/individual/index.php?occid=677432,StillImage,Photograph,en
677433,https://localhost/bndb/imagelib/INABIOEC_MECN-DP/00001/MECN-DP_1152_D_1578592618_lg.jpg,https://localhost/bndb/imagelib/INABIOEC_MECN-DP/00001/MECN-DP_1152_D_1578592618_lg.jpg,https://localhost/bndb/imagelib/INABIOEC_MECN-DP/00001/MECN-DP_1152_D_1578592618_tn.jpg,https://localhost/bndb/imagelib/INABIOEC_MECN-DP/00001/MECN-DP_1152_D_1578592618.jpg,http://creativecommons.org/licenses/by-nc/4.0/,"Gobierno del Ecuador- INABIO",,"CC BY-NC-SA (Attribution-NonCommercial-ShareAlike)","Sin fines de lucro","Astroblepus sp.",,urn:uuid:a198d2ba-e5ab-4c63-ae39-1cd8a0ff9b59,"2022-04-15 17:45:21",image/jpeg,https://localhost/bndb/collections/individual/index.php?occid=677433,StillImage,Photograph,en
677433,https://localhost/bndb/imagelib/INABIOEC_MECN-DP/00001/MECN-DP_1152_V_1578592642_lg.jpg,https://localhost/bndb/imagelib/INABIOEC_MECN-DP/00001/MECN-DP_1152_V_1578592642_lg.jpg,https://localhost/bndb/imagelib/INABIOEC_MECN-DP/00001/MECN-DP_1152_V_1578592642_tn.jpg,https://localhost/bndb/imagelib/INABIOEC_MECN-DP/00001/MECN-DP_1152_V_1578592642.jpg,http://creativecommons.org/licenses/by-nc/4.0/,"Gobierno del Ecuador- INABIO",,"CC BY-NC-SA (Attribution-NonCommercial-ShareAlike)","Sin fines de lucro","Astroblepus sp.",,urn:uuid:b1e57203-f998-4634-b092-97021b5cefe2,"2022-04-15 17:45:21",image/jpeg,https://localhost/bndb/collections/individual/index.php?occid=677433,StillImage,Photograph,en
677434,https://localhost/bndb/imagelib/INABIOEC_MECN-DP/00001/MECN-DP_1153_D_1578592694_lg.jpg,https://localhost/bndb/imagelib/INABIOEC_MECN-DP/00001/MECN-DP_1153_D_1578592694_lg.jpg,https://localhost/bndb/imagelib/INABIOEC_MECN-DP/00001/MECN-DP_1153_D_1578592694_tn.jpg,https://localhost/bndb/imagelib/INABIOEC_MECN-DP/00001/MECN-DP_1153_D_1578592694.jpg,http://creativecommons.org/licenses/by-nc/4.0/,"Gobierno del Ecuador- INABIO",,"CC BY-NC-SA (Attribution-NonCommercial-ShareAlike)","Sin fines de lucro","Chaetostoma sp.",,urn:uuid:462a1329-4c3a-492c-83e5-6eb0004101fe,"2022-04-15 17:45:21",image/jpeg,https://localhost/bndb/collections/individual/index.php?occid=677434,StillImage,Photograph,en
677434,https://localhost/bndb/imagelib/INABIOEC_MECN-DP/00001/MECN-DP_1153_V_1578592720_lg.jpg,https://localhost/bndb/imagelib/INABIOEC_MECN-DP/00001/MECN-DP_1153_V_1578592720_lg.jpg,https://localhost/bndb/imagelib/INABIOEC_MECN-DP/00001/MECN-DP_1153_V_1578592720_tn.jpg,https://localhost/bndb/imagelib/INABIOEC_MECN-DP/00001/MECN-DP_1153_V_1578592720.jpg,http://creativecommons.org/licenses/by-nc/4.0/,"Gobierno del Ecuador- INABIO",,"CC BY-NC-SA (Attribution-NonCommercial-ShareAlike)","Sin fines de lucro","Chaetostoma sp.",,urn:uuid:0e1d0564-985b-4ab0-9c74-a961cc13787c,"2022-04-15 17:45:21",image/jpeg,https://localhost/bndb/collections/individual/index.php?occid=677434,StillImage,Photograph,en
677435,https://localhost/bndb/imagelib/INABIOEC_MECN-DP/00001/MECN-DP_1154_D_1578592781_lg.jpg,https://localhost/bndb/imagelib/INABIOEC_MECN-DP/00001/MECN-DP_1154_D_1578592781_lg.jpg,https://localhost/bndb/imagelib/INABIOEC_MECN-DP/00001/MECN-DP_1154_D_1578592781_tn.jpg,https://localhost/bndb/imagelib/INABIOEC_MECN-DP/00001/MECN-DP_1154_D_1578592781.jpg,http://creativecommons.org/licenses/by-nc/4.0/,"Gobierno del Ecuador- INABIO",,"CC BY-NC-SA (Attribution-NonCommercial-ShareAlike)","Sin fines de lucro","Chaetostoma sp.",,urn:uuid:9266fd6b-7b1b-4d38-9699-a6d95fae22ec,"2022-04-15 17:45:21",image/jpeg,https://localhost/bndb/collections/individual/index.php?occid=677435,StillImage,Photograph,en
677435,https://localhost/bndb/imagelib/INABIOEC_MECN-DP/00001/MECN-DP_1154_V_1578592815_lg.jpg,https://localhost/bndb/imagelib/INABIOEC_MECN-DP/00001/MECN-DP_1154_V_1578592815_lg.jpg,https://localhost/bndb/imagelib/INABIOEC_MECN-DP/00001/MECN-DP_1154_V_1578592815_tn.jpg,https://localhost/bndb/imagelib/INABIOEC_MECN-DP/00001/MECN-DP_1154_V_1578592815.jpg,http://creativecommons.org/licenses/by-nc/4.0/,"Gobierno del Ecuador- INABIO",,"CC BY-NC-SA (Attribution-NonCommercial-ShareAlike)","Sin fines de lucro","Chaetostoma sp.",,urn:uuid:9514886d-5d82-430a-b556-26391e59d6c0,"2022-04-15 17:45:21",image/jpeg,https://localhost/bndb/collections/individual/index.php?occid=677435,StillImage,Photograph,en
677436,https://localhost/bndb/imagelib/INABIOEC_MECN-DP/00001/MECN-DP_1155_D_1578592879_lg.jpg,https://localhost/bndb/imagelib/INABIOEC_MECN-DP/00001/MECN-DP_1155_D_1578592879_lg.jpg,https://localhost/bndb/imagelib/INABIOEC_MECN-DP/00001/MECN-DP_1155_D_1578592879_tn.jpg,https://localhost/bndb/imagelib/INABIOEC_MECN-DP/00001/MECN-DP_1155_D_1578592879.jpg,http://creativecommons.org/licenses/by-nc/4.0/,"Gobierno del Ecuador- INABIO",,"CC BY-NC-SA (Attribution-NonCommercial-ShareAlike)","Sin fines de lucro","Chaetostoma sp.",,urn:uuid:5af45368-e1b9-44ce-abe3-00803de1863c,"2022-04-15 17:45:21",image/jpeg,https://localhost/bndb/collections/individual/index.php?occid=677436,StillImage,Photograph,en
677436,https://localhost/bndb/imagelib/INABIOEC_MECN-DP/00001/MECN-DP_1155_V_1578592912_lg.jpg,https://localhost/bndb/imagelib/INABIOEC_MECN-DP/00001/MECN-DP_1155_V_1578592912_lg.jpg,https://localhost/bndb/imagelib/INABIOEC_MECN-DP/00001/MECN-DP_1155_V_1578592912_tn.jpg,https://localhost/bndb/imagelib/INABIOEC_MECN-DP/00001/MECN-DP_1155_V_1578592912.jpg,http://creativecommons.org/licenses/by-nc/4.0/,"Gobierno del Ecuador- INABIO",,"CC BY-NC-SA (Attribution-NonCommercial-ShareAlike)","Sin fines de lucro","Chaetostoma sp.",,urn:uuid:28a9e331-07d7-4070-80be-17369c5b315f,"2022-04-15 17:45:21",image/jpeg,https://localhost/bndb/collections/individual/index.php?occid=677436,StillImage,Photograph,en
677437,https://localhost/bndb/imagelib/INABIOEC_MECN-DP/00001/MECN-DP_1156_1578592944_lg.jpg,https://localhost/bndb/imagelib/INABIOEC_MECN-DP/00001/MECN-DP_1156_1578592944_lg.jpg,https://localhost/bndb/imagelib/INABIOEC_MECN-DP/00001/MECN-DP_1156_1578592944_tn.jpg,https://localhost/bndb/imagelib/INABIOEC_MECN-DP/00001/MECN-DP_1156_1578592944.jpg,http://creativecommons.org/licenses/by-nc/4.0/,"Gobierno del Ecuador- INABIO",,"CC BY-NC-SA (Attribution-NonCommercial-ShareAlike)","Sin fines de lucro","Hoplias malabaricus",,urn:uuid:cecb2ee1-88fb-4dbd-967e-29fbac0946c6,"2022-04-15 17:45:21",image/jpeg,https://localhost/bndb/collections/individual/index.php?occid=677437,StillImage,Photograph,en
677438,https://localhost/bndb/imagelib/INABIOEC_MECN-DP/00001/MECN-DP_1157_D_1578593007_lg.jpg,https://localhost/bndb/imagelib/INABIOEC_MECN-DP/00001/MECN-DP_1157_D_1578593007_lg.jpg,https://localhost/bndb/imagelib/INABIOEC_MECN-DP/00001/MECN-DP_1157_D_1578593007_tn.jpg,https://localhost/bndb/imagelib/INABIOEC_MECN-DP/00001/MECN-DP_1157_D_1578593007.jpg,http://creativecommons.org/licenses/by-nc/4.0/,"Gobierno del Ecuador- INABIO",,"CC BY-NC-SA (Attribution-NonCommercial-ShareAlike)","Sin fines de lucro",Hypoptopomatidae,,urn:uuid:f8f208f5-bbb3-4af6-821b-1d12b4ca0178,"2022-04-15 17:45:21",image/jpeg,https://localhost/bndb/collections/individual/index.php?occid=677438,StillImage,Photograph,en
677438,https://localhost/bndb/imagelib/INABIOEC_MECN-DP/00001/MECN-DP_1157_V_1578593028_lg.jpg,https://localhost/bndb/imagelib/INABIOEC_MECN-DP/00001/MECN-DP_1157_V_1578593028_lg.jpg,https://localhost/bndb/imagelib/INABIOEC_MECN-DP/00001/MECN-DP_1157_V_1578593028_tn.jpg,https://localhost/bndb/imagelib/INABIOEC_MECN-DP/00001/MECN-DP_1157_V_1578593028.jpg,http://creativecommons.org/licenses/by-nc/4.0/,"Gobierno del Ecuador- INABIO",,"CC BY-NC-SA (Attribution-NonCommercial-ShareAlike)","Sin fines de lucro",Hypoptopomatidae,,urn:uuid:eaac4dcb-1bc2-4598-a391-941e87802dea,"2022-04-15 17:45:21",image/jpeg,https://localhost/bndb/collections/individual/index.php?occid=677438,StillImage,Photograph,en
677439,https://localhost/bndb/imagelib/INABIOEC_MECN-DP/00001/MECN-DP_1158_1578593087_lg.jpg,https://localhost/bndb/imagelib/INABIOEC_MECN-DP/00001/MECN-DP_1158_1578593087_lg.jpg,https://localhost/bndb/imagelib/INABIOEC_MECN-DP/00001/MECN-DP_1158_1578593087_tn.jpg,https://localhost/bndb/imagelib/INABIOEC_MECN-DP/00001/MECN-DP_1158_1578593087.jpg,http://creativecommons.org/licenses/by-nc/4.0/,"Gobierno del Ecuador- INABIO",,"CC BY-NC-SA (Attribution-NonCommercial-ShareAlike)","Sin fines de lucro","Hemibrycon sp.",,urn:uuid:a0e93203-1ddb-486d-b924-94b6d7897dbc,"2022-04-15 17:45:21",image/jpeg,https://localhost/bndb/collections/individual/index.php?occid=677439,StillImage,Photograph,en
677440,https://localhost/bndb/imagelib/INABIOEC_MECN-DP/00001/MECN-DP_1159_D_1578597120_lg.jpg,https://localhost/bndb/imagelib/INABIOEC_MECN-DP/00001/MECN-DP_1159_D_1578597120_lg.jpg,https://localhost/bndb/imagelib/INABIOEC_MECN-DP/00001/MECN-DP_1159_D_1578597120_tn.jpg,https://localhost/bndb/imagelib/INABIOEC_MECN-DP/00001/MECN-DP_1159_D_1578597120.jpg,http://creativecommons.org/licenses/by-nc/4.0/,"Gobierno del Ecuador- INABIO",,"CC BY-NC-SA (Attribution-NonCommercial-ShareAlike)","Sin fines de lucro","Astroblepus sp.",,urn:uuid:d8c8ffc8-b2bd-4b64-86f3-14632339caea,"2022-04-15 17:45:21",image/jpeg,https://localhost/bndb/collections/individual/index.php?occid=677440,StillImage,Photograph,en
677440,https://localhost/bndb/imagelib/INABIOEC_MECN-DP/00001/MECN-DP_1159_V_1578597147_lg.jpg,https://localhost/bndb/imagelib/INABIOEC_MECN-DP/00001/MECN-DP_1159_V_1578597147_lg.jpg,https://localhost/bndb/imagelib/INABIOEC_MECN-DP/00001/MECN-DP_1159_V_1578597147_tn.jpg,https://localhost/bndb/imagelib/INABIOEC_MECN-DP/00001/MECN-DP_1159_V_1578597147.jpg,http://creativecommons.org/licenses/by-nc/4.0/,"Gobierno del Ecuador- INABIO",,"CC BY-NC-SA (Attribution-NonCommercial-ShareAlike)","Sin fines de lucro","Astroblepus sp.",,urn:uuid:59f0f70d-ef3b-4732-aaf6-4259ce52e7f1,"2022-04-15 17:45:21",image/jpeg,https://localhost/bndb/collections/individual/index.php?occid=677440,StillImage,Photograph,en
677442,https://localhost/bndb/imagelib/INABIOEC_MECN-DP/00001/MECN-DP_1160_D_1578597198_lg.jpg,https://localhost/bndb/imagelib/INABIOEC_MECN-DP/00001/MECN-DP_1160_D_1578597198_lg.jpg,https://localhost/bndb/imagelib/INABIOEC_MECN-DP/00001/MECN-DP_1160_D_1578597198_tn.jpg,https://localhost/bndb/imagelib/INABIOEC_MECN-DP/00001/MECN-DP_1160_D_1578597198.jpg,http://creativecommons.org/licenses/by-nc/4.0/,"Gobierno del Ecuador- INABIO",,"CC BY-NC-SA (Attribution-NonCommercial-ShareAlike)","Sin fines de lucro","Astroblepus sp.",,urn:uuid:775f0739-9180-43eb-9d33-93548d67aac0,"2022-04-15 17:45:21",image/jpeg,https://localhost/bndb/collections/individual/index.php?occid=677442,StillImage,Photograph,en
677442,https://localhost/bndb/imagelib/INABIOEC_MECN-DP/00001/MECN-DP_1160_V_1578597230_lg.jpg,https://localhost/bndb/imagelib/INABIOEC_MECN-DP/00001/MECN-DP_1160_V_1578597230_lg.jpg,https://localhost/bndb/imagelib/INABIOEC_MECN-DP/00001/MECN-DP_1160_V_1578597230_tn.jpg,https://localhost/bndb/imagelib/INABIOEC_MECN-DP/00001/MECN-DP_1160_V_1578597230.jpg,http://creativecommons.org/licenses/by-nc/4.0/,"Gobierno del Ecuador- INABIO",,"CC BY-NC-SA (Attribution-NonCommercial-ShareAlike)","Sin fines de lucro","Astroblepus sp.",,urn:uuid:09313f17-c15f-4b01-bbcc-ba0b3fd66138,"2022-04-15 17:45:21",image/jpeg,https://localhost/bndb/collections/individual/index.php?occid=677442,StillImage,Photograph,en
677443,https://localhost/bndb/imagelib/INABIOEC_MECN-DP/00001/MECN-DP_1161_D_1578597304_lg.jpg,https://localhost/bndb/imagelib/INABIOEC_MECN-DP/00001/MECN-DP_1161_D_1578597304_lg.jpg,https://localhost/bndb/imagelib/INABIOEC_MECN-DP/00001/MECN-DP_1161_D_1578597304_tn.jpg,https://localhost/bndb/imagelib/INABIOEC_MECN-DP/00001/MECN-DP_1161_D_1578597304.jpg,http://creativecommons.org/licenses/by-nc/4.0/,"Gobierno del Ecuador- INABIO",,"CC BY-NC-SA (Attribution-NonCommercial-ShareAlike)","Sin fines de lucro","Astroblepus sp.",,urn:uuid:40cbd979-308a-4479-8857-b686bbfd7d12,"2022-04-15 17:45:21",image/jpeg,https://localhost/bndb/collections/individual/index.php?occid=677443,StillImage,Photograph,en
677443,https://localhost/bndb/imagelib/INABIOEC_MECN-DP/00001/MECN-DP_1161_V_1578597345_lg.jpg,https://localhost/bndb/imagelib/INABIOEC_MECN-DP/00001/MECN-DP_1161_V_1578597345_lg.jpg,https://localhost/bndb/imagelib/INABIOEC_MECN-DP/00001/MECN-DP_1161_V_1578597345_tn.jpg,https://localhost/bndb/imagelib/INABIOEC_MECN-DP/00001/MECN-DP_1161_V_1578597345.jpg,http://creativecommons.org/licenses/by-nc/4.0/,"Gobierno del Ecuador- INABIO",,"CC BY-NC-SA (Attribution-NonCommercial-ShareAlike)","Sin fines de lucro","Astroblepus sp.",,urn:uuid:2a558d63-a113-4840-99cd-776f4aeec2a6,"2022-04-15 17:45:21",image/jpeg,https://localhost/bndb/collections/individual/index.php?occid=677443,StillImage,Photograph,en
677444,https://localhost/bndb/imagelib/INABIOEC_MECN-DP/00001/MECN-DP_1162_D_1578597425_lg.jpg,https://localhost/bndb/imagelib/INABIOEC_MECN-DP/00001/MECN-DP_1162_D_1578597425_lg.jpg,https://localhost/bndb/imagelib/INABIOEC_MECN-DP/00001/MECN-DP_1162_D_1578597425_tn.jpg,https://localhost/bndb/imagelib/INABIOEC_MECN-DP/00001/MECN-DP_1162_D_1578597425.jpg,http://creativecommons.org/licenses/by-nc/4.0/,"Gobierno del Ecuador- INABIO",,"CC BY-NC-SA (Attribution-NonCommercial-ShareAlike)","Sin fines de lucro","Astroblepus sp.",,urn:uuid:608bf7e9-eb5f-42aa-aad1-5c498831c540,"2022-04-15 17:45:21",image/jpeg,https://localhost/bndb/collections/individual/index.php?occid=677444,StillImage,Photograph,en
677444,https://localhost/bndb/imagelib/INABIOEC_MECN-DP/00001/MECN-DP_1162_V_1578597471_lg.jpg,https://localhost/bndb/imagelib/INABIOEC_MECN-DP/00001/MECN-DP_1162_V_1578597471_lg.jpg,https://localhost/bndb/imagelib/INABIOEC_MECN-DP/00001/MECN-DP_1162_V_1578597471_tn.jpg,https://localhost/bndb/imagelib/INABIOEC_MECN-DP/00001/MECN-DP_1162_V_1578597471.jpg,http://creativecommons.org/licenses/by-nc/4.0/,"Gobierno del Ecuador- INABIO",,"CC BY-NC-SA (Attribution-NonCommercial-ShareAlike)","Sin fines de lucro","Astroblepus sp.",,urn:uuid:68a26a0b-d152-46c8-8227-e043df75e686,"2022-04-15 17:45:21",image/jpeg,https://localhost/bndb/collections/individual/index.php?occid=677444,StillImage,Photograph,en
677445,https://localhost/bndb/imagelib/INABIOEC_MECN-DP/00001/MECN-DP_1163_D_1578597592_lg.jpg,https://localhost/bndb/imagelib/INABIOEC_MECN-DP/00001/MECN-DP_1163_D_1578597592_lg.jpg,https://localhost/bndb/imagelib/INABIOEC_MECN-DP/00001/MECN-DP_1163_D_1578597592_tn.jpg,https://localhost/bndb/imagelib/INABIOEC_MECN-DP/00001/MECN-DP_1163_D_1578597592.jpg,http://creativecommons.org/licenses/by-nc/4.0/,"Gobierno del Ecuador- INABIO",,"CC BY-NC-SA (Attribution-NonCommercial-ShareAlike)","Sin fines de lucro","Astroblepus sp.",,urn:uuid:779ad4fa-813e-48ca-a28a-c15deb1e612e,"2022-04-15 17:45:21",image/jpeg,https://localhost/bndb/collections/individual/index.php?occid=677445,StillImage,Photograph,en
677445,https://localhost/bndb/imagelib/INABIOEC_MECN-DP/00001/MECN-DP_1163_V_1578597617_lg.jpg,https://localhost/bndb/imagelib/INABIOEC_MECN-DP/00001/MECN-DP_1163_V_1578597617_lg.jpg,https://localhost/bndb/imagelib/INABIOEC_MECN-DP/00001/MECN-DP_1163_V_1578597617_tn.jpg,https://localhost/bndb/imagelib/INABIOEC_MECN-DP/00001/MECN-DP_1163_V_1578597617.jpg,http://creativecommons.org/licenses/by-nc/4.0/,"Gobierno del Ecuador- INABIO",,"CC BY-NC-SA (Attribution-NonCommercial-ShareAlike)","Sin fines de lucro","Astroblepus sp.",,urn:uuid:25059d9b-769b-415d-b343-5974c41962f6,"2022-04-15 17:45:21",image/jpeg,https://localhost/bndb/collections/individual/index.php?occid=677445,StillImage,Photograph,en
677446,https://localhost/bndb/imagelib/INABIOEC_MECN-DP/00001/MECN-DP_1164_D_1578597682_lg.jpg,https://localhost/bndb/imagelib/INABIOEC_MECN-DP/00001/MECN-DP_1164_D_1578597682_lg.jpg,https://localhost/bndb/imagelib/INABIOEC_MECN-DP/00001/MECN-DP_1164_D_1578597682_tn.jpg,https://localhost/bndb/imagelib/INABIOEC_MECN-DP/00001/MECN-DP_1164_D_1578597682.jpg,http://creativecommons.org/licenses/by-nc/4.0/,"Gobierno del Ecuador- INABIO",,"CC BY-NC-SA (Attribution-NonCommercial-ShareAlike)","Sin fines de lucro","Astroblepus sp.",,urn:uuid:31f0bdd0-7af9-4a7f-ab5e-5e6b50233fe1,"2022-04-15 17:45:21",image/jpeg,https://localhost/bndb/collections/individual/index.php?occid=677446,StillImage,Photograph,en
677446,https://localhost/bndb/imagelib/INABIOEC_MECN-DP/00001/MECN-DP_1164_V_1578597711_lg.jpg,https://localhost/bndb/imagelib/INABIOEC_MECN-DP/00001/MECN-DP_1164_V_1578597711_lg.jpg,https://localhost/bndb/imagelib/INABIOEC_MECN-DP/00001/MECN-DP_1164_V_1578597711_tn.jpg,https://localhost/bndb/imagelib/INABIOEC_MECN-DP/00001/MECN-DP_1164_V_1578597711.jpg,http://creativecommons.org/licenses/by-nc/4.0/,"Gobierno del Ecuador- INABIO",,"CC BY-NC-SA (Attribution-NonCommercial-ShareAlike)","Sin fines de lucro","Astroblepus sp.",,urn:uuid:c7dc20c0-c6d7-4c5f-b061-a961583144ef,"2022-04-15 17:45:21",image/jpeg,https://localhost/bndb/collections/individual/index.php?occid=677446,StillImage,Photograph,en
677447,https://localhost/bndb/imagelib/INABIOEC_MECN-DP/00001/MECN-DP_1165_D_1578597776_lg.jpg,https://localhost/bndb/imagelib/INABIOEC_MECN-DP/00001/MECN-DP_1165_D_1578597776_lg.jpg,https://localhost/bndb/imagelib/INABIOEC_MECN-DP/00001/MECN-DP_1165_D_1578597776_tn.jpg,https://localhost/bndb/imagelib/INABIOEC_MECN-DP/00001/MECN-DP_1165_D_1578597776.jpg,http://creativecommons.org/licenses/by-nc/4.0/,"Gobierno del Ecuador- INABIO",,"CC BY-NC-SA (Attribution-NonCommercial-ShareAlike)","Sin fines de lucro","Astroblepus sp.",,urn:uuid:4efe769f-84a2-49dc-8f95-89f5dbf565ac,"2022-04-15 17:45:21",image/jpeg,https://localhost/bndb/collections/individual/index.php?occid=677447,StillImage,Photograph,en
677448,https://localhost/bndb/imagelib/INABIOEC_MECN-DP/00001/MECN-DP_1166_D_1578597944_lg.jpg,https://localhost/bndb/imagelib/INABIOEC_MECN-DP/00001/MECN-DP_1166_D_1578597944_lg.jpg,https://localhost/bndb/imagelib/INABIOEC_MECN-DP/00001/MECN-DP_1166_D_1578597944_tn.jpg,https://localhost/bndb/imagelib/INABIOEC_MECN-DP/00001/MECN-DP_1166_D_1578597944.jpg,http://creativecommons.org/licenses/by-nc/4.0/,"Gobierno del Ecuador- INABIO",,"CC BY-NC-SA (Attribution-NonCommercial-ShareAlike)","Sin fines de lucro","Astroblepus sp.",,urn:uuid:f40e5abf-5935-4271-aef0-84e7df0142f1,"2022-04-15 17:45:21",image/jpeg,https://localhost/bndb/collections/individual/index.php?occid=677448,StillImage,Photograph,en
677448,https://localhost/bndb/imagelib/INABIOEC_MECN-DP/00001/MECN-DP_1166_V_1578597971_lg.jpg,https://localhost/bndb/imagelib/INABIOEC_MECN-DP/00001/MECN-DP_1166_V_1578597971_lg.jpg,https://localhost/bndb/imagelib/INABIOEC_MECN-DP/00001/MECN-DP_1166_V_1578597971_tn.jpg,https://localhost/bndb/imagelib/INABIOEC_MECN-DP/00001/MECN-DP_1166_V_1578597971.jpg,http://creativecommons.org/licenses/by-nc/4.0/,"Gobierno del Ecuador- INABIO",,"CC BY-NC-SA (Attribution-NonCommercial-ShareAlike)","Sin fines de lucro","Astroblepus sp.",,urn:uuid:1560b57c-80e0-46dd-b944-57b01804b685,"2022-04-15 17:45:21",image/jpeg,https://localhost/bndb/collections/individual/index.php?occid=677448,StillImage,Photograph,en
677449,https://localhost/bndb/imagelib/INABIOEC_MECN-DP/00001/MECN-DP_1167_D_1578598014_lg.jpg,https://localhost/bndb/imagelib/INABIOEC_MECN-DP/00001/MECN-DP_1167_D_1578598014_lg.jpg,https://localhost/bndb/imagelib/INABIOEC_MECN-DP/00001/MECN-DP_1167_D_1578598014_tn.jpg,https://localhost/bndb/imagelib/INABIOEC_MECN-DP/00001/MECN-DP_1167_D_1578598014.jpg,http://creativecommons.org/licenses/by-nc/4.0/,"Gobierno del Ecuador- INABIO",,"CC BY-NC-SA (Attribution-NonCommercial-ShareAlike)","Sin fines de lucro","Astroblepus sp.",,urn:uuid:2ba1d574-f3ef-44e6-8511-cd08644a5252,"2022-04-15 17:45:21",image/jpeg,https://localhost/bndb/collections/individual/index.php?occid=677449,StillImage,Photograph,en
677449,https://localhost/bndb/imagelib/INABIOEC_MECN-DP/00001/MECN-DP_1167_V_1578598047_lg.jpg,https://localhost/bndb/imagelib/INABIOEC_MECN-DP/00001/MECN-DP_1167_V_1578598047_lg.jpg,https://localhost/bndb/imagelib/INABIOEC_MECN-DP/00001/MECN-DP_1167_V_1578598047_tn.jpg,https://localhost/bndb/imagelib/INABIOEC_MECN-DP/00001/MECN-DP_1167_V_1578598047.jpg,http://creativecommons.org/licenses/by-nc/4.0/,"Gobierno del Ecuador- INABIO",,"CC BY-NC-SA (Attribution-NonCommercial-ShareAlike)","Sin fines de lucro","Astroblepus sp.",,urn:uuid:f9ff4964-bce3-40bd-824a-9aadbff9e699,"2022-04-15 17:45:21",image/jpeg,https://localhost/bndb/collections/individual/index.php?occid=677449,StillImage,Photograph,en
677450,https://localhost/bndb/imagelib/INABIOEC_MECN-DP/00001/MECN-DP_1168_D_1578598088_lg.jpg,https://localhost/bndb/imagelib/INABIOEC_MECN-DP/00001/MECN-DP_1168_D_1578598088_lg.jpg,https://localhost/bndb/imagelib/INABIOEC_MECN-DP/00001/MECN-DP_1168_D_1578598088_tn.jpg,https://localhost/bndb/imagelib/INABIOEC_MECN-DP/00001/MECN-DP_1168_D_1578598088.jpg,http://creativecommons.org/licenses/by-nc/4.0/,"Gobierno del Ecuador- INABIO",,"CC BY-NC-SA (Attribution-NonCommercial-ShareAlike)","Sin fines de lucro","Astroblepus sp.",,urn:uuid:0543ed0f-b476-4e28-b513-2adc340ca1fe,"2022-04-15 17:45:21",image/jpeg,https://localhost/bndb/collections/individual/index.php?occid=677450,StillImage,Photograph,en
677450,https://localhost/bndb/imagelib/INABIOEC_MECN-DP/00001/MECN-DP_1168_V_1578598107_lg.jpg,https://localhost/bndb/imagelib/INABIOEC_MECN-DP/00001/MECN-DP_1168_V_1578598107_lg.jpg,https://localhost/bndb/imagelib/INABIOEC_MECN-DP/00001/MECN-DP_1168_V_1578598107_tn.jpg,https://localhost/bndb/imagelib/INABIOEC_MECN-DP/00001/MECN-DP_1168_V_1578598107.jpg,http://creativecommons.org/licenses/by-nc/4.0/,"Gobierno del Ecuador- INABIO",,"CC BY-NC-SA (Attribution-NonCommercial-ShareAlike)","Sin fines de lucro","Astroblepus sp.",,urn:uuid:2297729e-eb1e-4870-8fbb-c8ffd6dfd0a4,"2022-04-15 17:45:21",image/jpeg,https://localhost/bndb/collections/individual/index.php?occid=677450,StillImage,Photograph,en
677451,https://localhost/bndb/imagelib/INABIOEC_MECN-DP/00001/MECN-DP_1169_D_1578598173_lg.jpg,https://localhost/bndb/imagelib/INABIOEC_MECN-DP/00001/MECN-DP_1169_D_1578598173_lg.jpg,https://localhost/bndb/imagelib/INABIOEC_MECN-DP/00001/MECN-DP_1169_D_1578598173_tn.jpg,https://localhost/bndb/imagelib/INABIOEC_MECN-DP/00001/MECN-DP_1169_D_1578598173.jpg,http://creativecommons.org/licenses/by-nc/4.0/,"Gobierno del Ecuador- INABIO",,"CC BY-NC-SA (Attribution-NonCommercial-ShareAlike)","Sin fines de lucro","Astroblepus sp.",,urn:uuid:6d1c646e-96da-4204-9b05-36200f766cba,"2022-04-15 17:45:21",image/jpeg,https://localhost/bndb/collections/individual/index.php?occid=677451,StillImage,Photograph,en
677451,https://localhost/bndb/imagelib/INABIOEC_MECN-DP/00001/MECN-DP_1169_V_1578598211_lg.jpg,https://localhost/bndb/imagelib/INABIOEC_MECN-DP/00001/MECN-DP_1169_V_1578598211_lg.jpg,https://localhost/bndb/imagelib/INABIOEC_MECN-DP/00001/MECN-DP_1169_V_1578598211_tn.jpg,https://localhost/bndb/imagelib/INABIOEC_MECN-DP/00001/MECN-DP_1169_V_1578598211.jpg,http://creativecommons.org/licenses/by-nc/4.0/,"Gobierno del Ecuador- INABIO",,"CC BY-NC-SA (Attribution-NonCommercial-ShareAlike)","Sin fines de lucro","Astroblepus sp.",,urn:uuid:13b36c40-7fda-488f-bb21-da6709454cb1,"2022-04-15 17:45:21",image/jpeg,https://localhost/bndb/collections/individual/index.php?occid=677451,StillImage,Photograph,en
677453,https://localhost/bndb/imagelib/INABIOEC_MECN-DP/00001/MECN-DP_1170_D_1578598243_lg.jpg,https://localhost/bndb/imagelib/INABIOEC_MECN-DP/00001/MECN-DP_1170_D_1578598243_lg.jpg,https://localhost/bndb/imagelib/INABIOEC_MECN-DP/00001/MECN-DP_1170_D_1578598243_tn.jpg,https://localhost/bndb/imagelib/INABIOEC_MECN-DP/00001/MECN-DP_1170_D_1578598243.jpg,http://creativecommons.org/licenses/by-nc/4.0/,"Gobierno del Ecuador- INABIO",,"CC BY-NC-SA (Attribution-NonCommercial-ShareAlike)","Sin fines de lucro","Astroblepus sp.",,urn:uuid:941a49ea-ef37-4221-aecf-d1eeecb11063,"2022-04-15 17:45:21",image/jpeg,https://localhost/bndb/collections/individual/index.php?occid=677453,StillImage,Photograph,en
677453,https://localhost/bndb/imagelib/INABIOEC_MECN-DP/00001/MECN-DP_1170_V_1578598264_lg.jpg,https://localhost/bndb/imagelib/INABIOEC_MECN-DP/00001/MECN-DP_1170_V_1578598264_lg.jpg,https://localhost/bndb/imagelib/INABIOEC_MECN-DP/00001/MECN-DP_1170_V_1578598264_tn.jpg,https://localhost/bndb/imagelib/INABIOEC_MECN-DP/00001/MECN-DP_1170_V_1578598264.jpg,http://creativecommons.org/licenses/by-nc/4.0/,"Gobierno del Ecuador- INABIO",,"CC BY-NC-SA (Attribution-NonCommercial-ShareAlike)","Sin fines de lucro","Astroblepus sp.",,urn:uuid:ba760a34-493e-4911-b990-7240bcd800a4,"2022-04-15 17:45:21",image/jpeg,https://localhost/bndb/collections/individual/index.php?occid=677453,StillImage,Photograph,en
677454,https://localhost/bndb/imagelib/INABIOEC_MECN-DP/00001/MECN-DP_1171_V_1578598352_lg.jpg,https://localhost/bndb/imagelib/INABIOEC_MECN-DP/00001/MECN-DP_1171_V_1578598352_lg.jpg,https://localhost/bndb/imagelib/INABIOEC_MECN-DP/00001/MECN-DP_1171_V_1578598352_tn.jpg,https://localhost/bndb/imagelib/INABIOEC_MECN-DP/00001/MECN-DP_1171_V_1578598352.jpg,http://creativecommons.org/licenses/by-nc/4.0/,"Gobierno del Ecuador- INABIO",,"CC BY-NC-SA (Attribution-NonCommercial-ShareAlike)","Sin fines de lucro","Astroblepus sp.",,urn:uuid:55778546-7805-42c8-adea-1f6cdfecd20b,"2022-04-15 17:45:21",image/jpeg,https://localhost/bndb/collections/individual/index.php?occid=677454,StillImage,Photograph,en
677454,https://localhost/bndb/imagelib/INABIOEC_MECN-DP/00001/MECN-DP_1171_D_1578945745_lg.jpg,https://localhost/bndb/imagelib/INABIOEC_MECN-DP/00001/MECN-DP_1171_D_1578945745_lg.jpg,https://localhost/bndb/imagelib/INABIOEC_MECN-DP/00001/MECN-DP_1171_D_1578945745_tn.jpg,https://localhost/bndb/imagelib/INABIOEC_MECN-DP/00001/MECN-DP_1171_D_1578945745.jpg,http://creativecommons.org/licenses/by-nc/4.0/,"Gobierno del Ecuador- INABIO",,"CC BY-NC-SA (Attribution-NonCommercial-ShareAlike)","Sin fines de lucro","Astroblepus sp.",,urn:uuid:37c35d09-31e9-4ee8-bd0b-484020c1d7f0,"2022-04-15 17:45:21",image/jpeg,https://localhost/bndb/collections/individual/index.php?occid=677454,StillImage,Photograph,en
677455,https://localhost/bndb/imagelib/INABIOEC_MECN-DP/00001/MECN-DP_1172_D_1578598397_lg.jpg,https://localhost/bndb/imagelib/INABIOEC_MECN-DP/00001/MECN-DP_1172_D_1578598397_lg.jpg,https://localhost/bndb/imagelib/INABIOEC_MECN-DP/00001/MECN-DP_1172_D_1578598397_tn.jpg,https://localhost/bndb/imagelib/INABIOEC_MECN-DP/00001/MECN-DP_1172_D_1578598397.jpg,http://creativecommons.org/licenses/by-nc/4.0/,"Gobierno del Ecuador- INABIO",,"CC BY-NC-SA (Attribution-NonCommercial-ShareAlike)","Sin fines de lucro","Astroblepus sp.",,urn:uuid:f72166d5-22e5-443a-af08-9302233ca99b,"2022-04-15 17:45:21",image/jpeg,https://localhost/bndb/collections/individual/index.php?occid=677455,StillImage,Photograph,en
677455,https://localhost/bndb/imagelib/INABIOEC_MECN-DP/00001/MECN-DP_1172_V_1578598423_lg.jpg,https://localhost/bndb/imagelib/INABIOEC_MECN-DP/00001/MECN-DP_1172_V_1578598423_lg.jpg,https://localhost/bndb/imagelib/INABIOEC_MECN-DP/00001/MECN-DP_1172_V_1578598423_tn.jpg,https://localhost/bndb/imagelib/INABIOEC_MECN-DP/00001/MECN-DP_1172_V_1578598423.jpg,http://creativecommons.org/licenses/by-nc/4.0/,"Gobierno del Ecuador- INABIO",,"CC BY-NC-SA (Attribution-NonCommercial-ShareAlike)","Sin fines de lucro","Astroblepus sp.",,urn:uuid:52cddb03-e9e3-48ed-9883-31498f1c8da9,"2022-04-15 17:45:21",image/jpeg,https://localhost/bndb/collections/individual/index.php?occid=677455,StillImage,Photograph,en
677456,https://localhost/bndb/imagelib/INABIOEC_MECN-DP/00001/MECN-DP_1173_D_1578598869_lg.jpg,https://localhost/bndb/imagelib/INABIOEC_MECN-DP/00001/MECN-DP_1173_D_1578598869_lg.jpg,https://localhost/bndb/imagelib/INABIOEC_MECN-DP/00001/MECN-DP_1173_D_1578598869_tn.jpg,https://localhost/bndb/imagelib/INABIOEC_MECN-DP/00001/MECN-DP_1173_D_1578598869.jpg,http://creativecommons.org/licenses/by-nc/4.0/,"Gobierno del Ecuador- INABIO",,"CC BY-NC-SA (Attribution-NonCommercial-ShareAlike)","Sin fines de lucro","Astroblepus sp.",,urn:uuid:ffa5166f-747d-49f2-a7a3-cf2d51a36cc1,"2022-04-15 17:45:21",image/jpeg,https://localhost/bndb/collections/individual/index.php?occid=677456,StillImage,Photograph,en
677456,https://localhost/bndb/imagelib/INABIOEC_MECN-DP/00001/MECN-DP_1173_V_1578598897_lg.jpg,https://localhost/bndb/imagelib/INABIOEC_MECN-DP/00001/MECN-DP_1173_V_1578598897_lg.jpg,https://localhost/bndb/imagelib/INABIOEC_MECN-DP/00001/MECN-DP_1173_V_1578598897_tn.jpg,https://localhost/bndb/imagelib/INABIOEC_MECN-DP/00001/MECN-DP_1173_V_1578598897.jpg,http://creativecommons.org/licenses/by-nc/4.0/,"Gobierno del Ecuador- INABIO",,"CC BY-NC-SA (Attribution-NonCommercial-ShareAlike)","Sin fines de lucro","Astroblepus sp.",,urn:uuid:cb42df87-8156-427b-8242-d8d1b57f294b,"2022-04-15 17:45:21",image/jpeg,https://localhost/bndb/collections/individual/index.php?occid=677456,StillImage,Photograph,en
677457,https://localhost/bndb/imagelib/INABIOEC_MECN-DP/00001/MECN-DP_1174_V_1578599215_lg.jpg,https://localhost/bndb/imagelib/INABIOEC_MECN-DP/00001/MECN-DP_1174_V_1578599215_lg.jpg,https://localhost/bndb/imagelib/INABIOEC_MECN-DP/00001/MECN-DP_1174_V_1578599215_tn.jpg,https://localhost/bndb/imagelib/INABIOEC_MECN-DP/00001/MECN-DP_1174_V_1578599215.jpg,http://creativecommons.org/licenses/by-nc/4.0/,"Gobierno del Ecuador- INABIO",,"CC BY-NC-SA (Attribution-NonCommercial-ShareAlike)","Sin fines de lucro","Astroblepus sp.",,urn:uuid:a5dc2685-d689-467b-a9d9-be1af335acc3,"2022-04-15 17:45:21",image/jpeg,https://localhost/bndb/collections/individual/index.php?occid=677457,StillImage,Photograph,en
677457,https://localhost/bndb/imagelib/INABIOEC_MECN-DP/00001/MECN-DP_1174_1578599237_lg.jpg,https://localhost/bndb/imagelib/INABIOEC_MECN-DP/00001/MECN-DP_1174_1578599237_lg.jpg,https://localhost/bndb/imagelib/INABIOEC_MECN-DP/00001/MECN-DP_1174_1578599237_tn.jpg,https://localhost/bndb/imagelib/INABIOEC_MECN-DP/00001/MECN-DP_1174_1578599237.jpg,http://creativecommons.org/licenses/by-nc/4.0/,"Gobierno del Ecuador- INABIO",,"CC BY-NC-SA (Attribution-NonCommercial-ShareAlike)","Sin fines de lucro","Astroblepus sp.",,urn:uuid:5ec77a8e-ca1a-42d0-ac34-136f278d9cef,"2022-04-15 17:45:21",image/jpeg,https://localhost/bndb/collections/individual/index.php?occid=677457,StillImage,Photograph,en
677458,https://localhost/bndb/imagelib/INABIOEC_MECN-DP/00001/MECN-DP_1175_D_1578599280_lg.jpg,https://localhost/bndb/imagelib/INABIOEC_MECN-DP/00001/MECN-DP_1175_D_1578599280_lg.jpg,https://localhost/bndb/imagelib/INABIOEC_MECN-DP/00001/MECN-DP_1175_D_1578599280_tn.jpg,https://localhost/bndb/imagelib/INABIOEC_MECN-DP/00001/MECN-DP_1175_D_1578599280.jpg,http://creativecommons.org/licenses/by-nc/4.0/,"Gobierno del Ecuador- INABIO",,"CC BY-NC-SA (Attribution-NonCommercial-ShareAlike)","Sin fines de lucro","Astroblepus sp.",,urn:uuid:1731c4f2-b81f-40f5-9a8f-663ab9250ad9,"2022-04-15 17:45:21",image/jpeg,https://localhost/bndb/collections/individual/index.php?occid=677458,StillImage,Photograph,en
677458,https://localhost/bndb/imagelib/INABIOEC_MECN-DP/00001/MECN-DP_1175_V_1578599301_lg.jpg,https://localhost/bndb/imagelib/INABIOEC_MECN-DP/00001/MECN-DP_1175_V_1578599301_lg.jpg,https://localhost/bndb/imagelib/INABIOEC_MECN-DP/00001/MECN-DP_1175_V_1578599301_tn.jpg,https://localhost/bndb/imagelib/INABIOEC_MECN-DP/00001/MECN-DP_1175_V_1578599301.jpg,http://creativecommons.org/licenses/by-nc/4.0/,"Gobierno del Ecuador- INABIO",,"CC BY-NC-SA (Attribution-NonCommercial-ShareAlike)","Sin fines de lucro","Astroblepus sp.",,urn:uuid:52e290fb-babf-4098-98a9-51dfe081817f,"2022-04-15 17:45:21",image/jpeg,https://localhost/bndb/collections/individual/index.php?occid=677458,StillImage,Photograph,en
677459,https://localhost/bndb/imagelib/INABIOEC_MECN-DP/00001/MECN-DP_1176_D_1578599342_lg.jpg,https://localhost/bndb/imagelib/INABIOEC_MECN-DP/00001/MECN-DP_1176_D_1578599342_lg.jpg,https://localhost/bndb/imagelib/INABIOEC_MECN-DP/00001/MECN-DP_1176_D_1578599342_tn.jpg,https://localhost/bndb/imagelib/INABIOEC_MECN-DP/00001/MECN-DP_1176_D_1578599342.jpg,http://creativecommons.org/licenses/by-nc/4.0/,"Gobierno del Ecuador- INABIO",,"CC BY-NC-SA (Attribution-NonCommercial-ShareAlike)","Sin fines de lucro","Astroblepus sp.",,urn:uuid:b79785ce-ae77-4bae-8e8c-6d5a39606e8d,"2022-04-15 17:45:21",image/jpeg,https://localhost/bndb/collections/individual/index.php?occid=677459,StillImage,Photograph,en
677459,https://localhost/bndb/imagelib/INABIOEC_MECN-DP/00001/MECN-DP_1176_V_1578599364_lg.jpg,https://localhost/bndb/imagelib/INABIOEC_MECN-DP/00001/MECN-DP_1176_V_1578599364_lg.jpg,https://localhost/bndb/imagelib/INABIOEC_MECN-DP/00001/MECN-DP_1176_V_1578599364_tn.jpg,https://localhost/bndb/imagelib/INABIOEC_MECN-DP/00001/MECN-DP_1176_V_1578599364.jpg,http://creativecommons.org/licenses/by-nc/4.0/,"Gobierno del Ecuador- INABIO",,"CC BY-NC-SA (Attribution-NonCommercial-ShareAlike)","Sin fines de lucro","Astroblepus sp.",,urn:uuid:6e7631f6-93d3-4765-9232-949f036dfbc0,"2022-04-15 17:45:21",image/jpeg,https://localhost/bndb/collections/individual/index.php?occid=677459,StillImage,Photograph,en
677460,https://localhost/bndb/imagelib/INABIOEC_MECN-DP/00001/MECN-DP_1177_D_1578599394_lg.jpg,https://localhost/bndb/imagelib/INABIOEC_MECN-DP/00001/MECN-DP_1177_D_1578599394_lg.jpg,https://localhost/bndb/imagelib/INABIOEC_MECN-DP/00001/MECN-DP_1177_D_1578599394_tn.jpg,https://localhost/bndb/imagelib/INABIOEC_MECN-DP/00001/MECN-DP_1177_D_1578599394.jpg,http://creativecommons.org/licenses/by-nc/4.0/,"Gobierno del Ecuador- INABIO",,"CC BY-NC-SA (Attribution-NonCommercial-ShareAlike)","Sin fines de lucro","Astroblepus sp.",,urn:uuid:08370706-7a9a-4d04-be86-758e6b3e8493,"2022-04-15 17:45:21",image/jpeg,https://localhost/bndb/collections/individual/index.php?occid=677460,StillImage,Photograph,en
677460,https://localhost/bndb/imagelib/INABIOEC_MECN-DP/00001/MECN-DP_1177_V_1578599420_lg.jpg,https://localhost/bndb/imagelib/INABIOEC_MECN-DP/00001/MECN-DP_1177_V_1578599420_lg.jpg,https://localhost/bndb/imagelib/INABIOEC_MECN-DP/00001/MECN-DP_1177_V_1578599420_tn.jpg,https://localhost/bndb/imagelib/INABIOEC_MECN-DP/00001/MECN-DP_1177_V_1578599420.jpg,http://creativecommons.org/licenses/by-nc/4.0/,"Gobierno del Ecuador- INABIO",,"CC BY-NC-SA (Attribution-NonCommercial-ShareAlike)","Sin fines de lucro","Astroblepus sp.",,urn:uuid:9b2c89fb-4b9f-4fea-8573-7a61a75f2119,"2022-04-15 17:45:21",image/jpeg,https://localhost/bndb/collections/individual/index.php?occid=677460,StillImage,Photograph,en
677461,https://localhost/bndb/imagelib/INABIOEC_MECN-DP/00001/MECN-DP_1178_D_1578599050_lg.jpg,https://localhost/bndb/imagelib/INABIOEC_MECN-DP/00001/MECN-DP_1178_D_1578599050_lg.jpg,https://localhost/bndb/imagelib/INABIOEC_MECN-DP/00001/MECN-DP_1178_D_1578599050_tn.jpg,https://localhost/bndb/imagelib/INABIOEC_MECN-DP/00001/MECN-DP_1178_D_1578599050.jpg,http://creativecommons.org/licenses/by-nc/4.0/,"Gobierno del Ecuador- INABIO",,"CC BY-NC-SA (Attribution-NonCommercial-ShareAlike)","Sin fines de lucro","Astroblepus sp.",,urn:uuid:a3d2731d-a0df-463d-b99a-d604ba590c14,"2022-04-15 17:45:21",image/jpeg,https://localhost/bndb/collections/individual/index.php?occid=677461,StillImage,Photograph,en
677461,https://localhost/bndb/imagelib/INABIOEC_MECN-DP/00001/MECN-DP_1178_V_1578599129_lg.jpg,https://localhost/bndb/imagelib/INABIOEC_MECN-DP/00001/MECN-DP_1178_V_1578599129_lg.jpg,https://localhost/bndb/imagelib/INABIOEC_MECN-DP/00001/MECN-DP_1178_V_1578599129_tn.jpg,https://localhost/bndb/imagelib/INABIOEC_MECN-DP/00001/MECN-DP_1178_V_1578599129.jpg,http://creativecommons.org/licenses/by-nc/4.0/,"Gobierno del Ecuador- INABIO",,"CC BY-NC-SA (Attribution-NonCommercial-ShareAlike)","Sin fines de lucro","Astroblepus sp.",,urn:uuid:0e9afe60-9af8-4e70-985a-da24399adbc9,"2022-04-15 17:45:21",image/jpeg,https://localhost/bndb/collections/individual/index.php?occid=677461,StillImage,Photograph,en
677462,https://localhost/bndb/imagelib/INABIOEC_MECN-DP/00001/MECN-DP_1179_D_1578599477_lg.jpg,https://localhost/bndb/imagelib/INABIOEC_MECN-DP/00001/MECN-DP_1179_D_1578599477_lg.jpg,https://localhost/bndb/imagelib/INABIOEC_MECN-DP/00001/MECN-DP_1179_D_1578599477_tn.jpg,https://localhost/bndb/imagelib/INABIOEC_MECN-DP/00001/MECN-DP_1179_D_1578599477.jpg,http://creativecommons.org/licenses/by-nc/4.0/,"Gobierno del Ecuador- INABIO",,"CC BY-NC-SA (Attribution-NonCommercial-ShareAlike)","Sin fines de lucro","Astroblepus sp.",,urn:uuid:59fb88fc-9e09-417a-849c-97cdc5df2dd0,"2022-04-15 17:45:21",image/jpeg,https://localhost/bndb/collections/individual/index.php?occid=677462,StillImage,Photograph,en
677462,https://localhost/bndb/imagelib/INABIOEC_MECN-DP/00001/MECN-DP_1179_V_1578599498_lg.jpg,https://localhost/bndb/imagelib/INABIOEC_MECN-DP/00001/MECN-DP_1179_V_1578599498_lg.jpg,https://localhost/bndb/imagelib/INABIOEC_MECN-DP/00001/MECN-DP_1179_V_1578599498_tn.jpg,https://localhost/bndb/imagelib/INABIOEC_MECN-DP/00001/MECN-DP_1179_V_1578599498.jpg,http://creativecommons.org/licenses/by-nc/4.0/,"Gobierno del Ecuador- INABIO",,"CC BY-NC-SA (Attribution-NonCommercial-ShareAlike)","Sin fines de lucro","Astroblepus sp.",,urn:uuid:bb5a6021-5c7a-44e6-87a4-8ba1246767df,"2022-04-15 17:45:21",image/jpeg,https://localhost/bndb/collections/individual/index.php?occid=677462,StillImage,Photograph,en
677464,https://localhost/bndb/imagelib/INABIOEC_MECN-DP/00001/MECN-DP_1180_V_1578599579_lg.jpg,https://localhost/bndb/imagelib/INABIOEC_MECN-DP/00001/MECN-DP_1180_V_1578599579_lg.jpg,https://localhost/bndb/imagelib/INABIOEC_MECN-DP/00001/MECN-DP_1180_V_1578599579_tn.jpg,https://localhost/bndb/imagelib/INABIOEC_MECN-DP/00001/MECN-DP_1180_V_1578599579.jpg,http://creativecommons.org/licenses/by-nc/4.0/,"Gobierno del Ecuador- INABIO",,"CC BY-NC-SA (Attribution-NonCommercial-ShareAlike)","Sin fines de lucro","Astroblepus sp.",,urn:uuid:29bb8183-b45d-4110-936d-646564875d1a,"2022-04-15 17:45:21",image/jpeg,https://localhost/bndb/collections/individual/index.php?occid=677464,StillImage,Photograph,en
677464,https://localhost/bndb/imagelib/INABIOEC_MECN-DP/00001/MECN-DP_1180_D_1578946336_lg.jpg,https://localhost/bndb/imagelib/INABIOEC_MECN-DP/00001/MECN-DP_1180_D_1578946336_lg.jpg,https://localhost/bndb/imagelib/INABIOEC_MECN-DP/00001/MECN-DP_1180_D_1578946336_tn.jpg,https://localhost/bndb/imagelib/INABIOEC_MECN-DP/00001/MECN-DP_1180_D_1578946336.jpg,http://creativecommons.org/licenses/by-nc/4.0/,"Gobierno del Ecuador- INABIO",,"CC BY-NC-SA (Attribution-NonCommercial-ShareAlike)","Sin fines de lucro","Astroblepus sp.",,urn:uuid:8fc77091-53d6-4ae9-ac21-0dbaccb819d9,"2022-04-15 17:45:21",image/jpeg,https://localhost/bndb/collections/individual/index.php?occid=677464,StillImage,Photograph,en
677465,https://localhost/bndb/imagelib/INABIOEC_MECN-DP/00001/MECN-DP_1181_L_1578599650_lg.jpg,https://localhost/bndb/imagelib/INABIOEC_MECN-DP/00001/MECN-DP_1181_L_1578599650_lg.jpg,https://localhost/bndb/imagelib/INABIOEC_MECN-DP/00001/MECN-DP_1181_L_1578599650_tn.jpg,https://localhost/bndb/imagelib/INABIOEC_MECN-DP/00001/MECN-DP_1181_L_1578599650.jpg,http://creativecommons.org/licenses/by-nc/4.0/,"Gobierno del Ecuador- INABIO",,"CC BY-NC-SA (Attribution-NonCommercial-ShareAlike)","Sin fines de lucro","Characidium sp.",,urn:uuid:c0f4e5e3-5cbb-4713-913d-0f6a2cfb8eca,"2022-04-15 17:45:21",image/jpeg,https://localhost/bndb/collections/individual/index.php?occid=677465,StillImage,Photograph,en
677466,https://localhost/bndb/imagelib/INABIOEC_MECN-DP/00001/MECN-DP_1182_1578599694_lg.jpg,https://localhost/bndb/imagelib/INABIOEC_MECN-DP/00001/MECN-DP_1182_1578599694_lg.jpg,https://localhost/bndb/imagelib/INABIOEC_MECN-DP/00001/MECN-DP_1182_1578599694_tn.jpg,https://localhost/bndb/imagelib/INABIOEC_MECN-DP/00001/MECN-DP_1182_1578599694.jpg,http://creativecommons.org/licenses/by-nc/4.0/,"Gobierno del Ecuador- INABIO",,"CC BY-NC-SA (Attribution-NonCommercial-ShareAlike)","Sin fines de lucro","Characidium sp.",,urn:uuid:86facadf-7b2c-4a81-9dc0-a4da7c113c07,"2022-04-15 17:45:21",image/jpeg,https://localhost/bndb/collections/individual/index.php?occid=677466,StillImage,Photograph,en
677467,https://localhost/bndb/imagelib/INABIOEC_MECN-DP/00001/MECN-DP_1183_D_1578599769_lg.jpg,https://localhost/bndb/imagelib/INABIOEC_MECN-DP/00001/MECN-DP_1183_D_1578599769_lg.jpg,https://localhost/bndb/imagelib/INABIOEC_MECN-DP/00001/MECN-DP_1183_D_1578599769_tn.jpg,https://localhost/bndb/imagelib/INABIOEC_MECN-DP/00001/MECN-DP_1183_D_1578599769.jpg,http://creativecommons.org/licenses/by-nc/4.0/,"Gobierno del Ecuador- INABIO",,"CC BY-NC-SA (Attribution-NonCommercial-ShareAlike)","Sin fines de lucro","Cetopsorhamdia orinoco",,urn:uuid:c194cb29-7e77-4b6a-ab55-4c255087dc47,"2022-04-15 17:45:21",image/jpeg,https://localhost/bndb/collections/individual/index.php?occid=677467,StillImage,Photograph,en
677467,https://localhost/bndb/imagelib/INABIOEC_MECN-DP/00001/MECN-DP_1183V_1578599788_lg.jpg,https://localhost/bndb/imagelib/INABIOEC_MECN-DP/00001/MECN-DP_1183V_1578599788_lg.jpg,https://localhost/bndb/imagelib/INABIOEC_MECN-DP/00001/MECN-DP_1183V_1578599788_tn.jpg,https://localhost/bndb/imagelib/INABIOEC_MECN-DP/00001/MECN-DP_1183V_1578599788.jpg,http://creativecommons.org/licenses/by-nc/4.0/,"Gobierno del Ecuador- INABIO",,"CC BY-NC-SA (Attribution-NonCommercial-ShareAlike)","Sin fines de lucro","Cetopsorhamdia orinoco",,urn:uuid:31178f12-ab56-4d68-9681-b25638292db7,"2022-04-15 17:45:21",image/jpeg,https://localhost/bndb/collections/individual/index.php?occid=677467,StillImage,Photograph,en
677468,https://localhost/bndb/imagelib/INABIOEC_MECN-DP/00001/MECN-DP_1184_1578599848_lg.jpg,https://localhost/bndb/imagelib/INABIOEC_MECN-DP/00001/MECN-DP_1184_1578599848_lg.jpg,https://localhost/bndb/imagelib/INABIOEC_MECN-DP/00001/MECN-DP_1184_1578599848_tn.jpg,https://localhost/bndb/imagelib/INABIOEC_MECN-DP/00001/MECN-DP_1184_1578599848.jpg,http://creativecommons.org/licenses/by-nc/4.0/,"Gobierno del Ecuador- INABIO",,"CC BY-NC-SA (Attribution-NonCommercial-ShareAlike)","Sin fines de lucro",Characidae,,urn:uuid:a2742994-d4a9-44e7-bc4a-a7f5938d3a44,"2022-04-15 17:45:21",image/jpeg,https://localhost/bndb/collections/individual/index.php?occid=677468,StillImage,Photograph,en
677469,https://localhost/bndb/imagelib/INABIOEC_MECN-DP/00001/MECN-DP_1185_1578599913_lg.jpg,https://localhost/bndb/imagelib/INABIOEC_MECN-DP/00001/MECN-DP_1185_1578599913_lg.jpg,https://localhost/bndb/imagelib/INABIOEC_MECN-DP/00001/MECN-DP_1185_1578599913_tn.jpg,https://localhost/bndb/imagelib/INABIOEC_MECN-DP/00001/MECN-DP_1185_1578599913.jpg,http://creativecommons.org/licenses/by-nc/4.0/,"Gobierno del Ecuador- INABIO",,"CC BY-NC-SA (Attribution-NonCommercial-ShareAlike)","Sin fines de lucro","Creagrutus pila",,urn:uuid:b87ac53b-8706-458d-920d-8f276af8b05c,"2022-04-15 17:45:21",image/jpeg,https://localhost/bndb/collections/individual/index.php?occid=677469,StillImage,Photograph,en
677470,https://localhost/bndb/imagelib/INABIOEC_MECN-DP/00001/MECN-DP_1186_D_1578599961_lg.jpg,https://localhost/bndb/imagelib/INABIOEC_MECN-DP/00001/MECN-DP_1186_D_1578599961_lg.jpg,https://localhost/bndb/imagelib/INABIOEC_MECN-DP/00001/MECN-DP_1186_D_1578599961_tn.jpg,https://localhost/bndb/imagelib/INABIOEC_MECN-DP/00001/MECN-DP_1186_D_1578599961.jpg,http://creativecommons.org/licenses/by-nc/4.0/,"Gobierno del Ecuador- INABIO",,"CC BY-NC-SA (Attribution-NonCommercial-ShareAlike)","Sin fines de lucro","Cetopsorhamdia orinoco",,urn:uuid:b97512dc-557a-47ac-808e-21672a5053f0,"2022-04-15 17:45:21",image/jpeg,https://localhost/bndb/collections/individual/index.php?occid=677470,StillImage,Photograph,en
677470,https://localhost/bndb/imagelib/INABIOEC_MECN-DP/00001/MECN-DP_1186_V_1578599991_lg.jpg,https://localhost/bndb/imagelib/INABIOEC_MECN-DP/00001/MECN-DP_1186_V_1578599991_lg.jpg,https://localhost/bndb/imagelib/INABIOEC_MECN-DP/00001/MECN-DP_1186_V_1578599991_tn.jpg,https://localhost/bndb/imagelib/INABIOEC_MECN-DP/00001/MECN-DP_1186_V_1578599991.jpg,http://creativecommons.org/licenses/by-nc/4.0/,"Gobierno del Ecuador- INABIO",,"CC BY-NC-SA (Attribution-NonCommercial-ShareAlike)","Sin fines de lucro","Cetopsorhamdia orinoco",,urn:uuid:cc26ad80-3e99-4585-8d85-7a1daf5d4aa2,"2022-04-15 17:45:21",image/jpeg,https://localhost/bndb/collections/individual/index.php?occid=677470,StillImage,Photograph,en
677471,https://localhost/bndb/imagelib/INABIOEC_MECN-DP/00001/MECN-DP_1187_1578600905_lg.jpg,https://localhost/bndb/imagelib/INABIOEC_MECN-DP/00001/MECN-DP_1187_1578600905_lg.jpg,https://localhost/bndb/imagelib/INABIOEC_MECN-DP/00001/MECN-DP_1187_1578600905_tn.jpg,https://localhost/bndb/imagelib/INABIOEC_MECN-DP/00001/MECN-DP_1187_1578600905.jpg,http://creativecommons.org/licenses/by-nc/4.0/,"Gobierno del Ecuador- INABIO",,"CC BY-NC-SA (Attribution-NonCommercial-ShareAlike)","Sin fines de lucro","Oncorhynchus mykiss",,urn:uuid:21069b29-b5fe-4153-bc3d-abe719950868,"2022-04-15 17:45:21",image/jpeg,https://localhost/bndb/collections/individual/index.php?occid=677471,StillImage,Photograph,en
677472,https://localhost/bndb/imagelib/INABIOEC_MECN-DP/00001/MECN-DP_1188_1578600963_lg.jpg,https://localhost/bndb/imagelib/INABIOEC_MECN-DP/00001/MECN-DP_1188_1578600963_lg.jpg,https://localhost/bndb/imagelib/INABIOEC_MECN-DP/00001/MECN-DP_1188_1578600963_tn.jpg,https://localhost/bndb/imagelib/INABIOEC_MECN-DP/00001/MECN-DP_1188_1578600963.jpg,http://creativecommons.org/licenses/by-nc/4.0/,"Gobierno del Ecuador- INABIO",,"CC BY-NC-SA (Attribution-NonCommercial-ShareAlike)","Sin fines de lucro","Oncorhynchus mykiss",,urn:uuid:227f6a1c-763a-4d1b-bc1d-d9025b69ef89,"2022-04-15 17:45:21",image/jpeg,https://localhost/bndb/collections/individual/index.php?occid=677472,StillImage,Photograph,en
677473,https://localhost/bndb/imagelib/INABIOEC_MECN-DP/00001/MECN-DP_1189_1578946564_lg.jpg,https://localhost/bndb/imagelib/INABIOEC_MECN-DP/00001/MECN-DP_1189_1578946564_lg.jpg,https://localhost/bndb/imagelib/INABIOEC_MECN-DP/00001/MECN-DP_1189_1578946564_tn.jpg,https://localhost/bndb/imagelib/INABIOEC_MECN-DP/00001/MECN-DP_1189_1578946564.jpg,http://creativecommons.org/licenses/by-nc/4.0/,"Gobierno del Ecuador- INABIO",,"CC BY-NC-SA (Attribution-NonCommercial-ShareAlike)","Sin fines de lucro","Trichomycterus sp.",,urn:uuid:c5eedcc4-d7bb-4fd7-bd64-eb78d0e7fe25,"2022-04-15 17:45:21",image/jpeg,https://localhost/bndb/collections/individual/index.php?occid=677473,StillImage,Photograph,en
677475,https://localhost/bndb/imagelib/INABIOEC_MECN-DP/00001/MECN-DP_1190_1578946605_lg.jpg,https://localhost/bndb/imagelib/INABIOEC_MECN-DP/00001/MECN-DP_1190_1578946605_lg.jpg,https://localhost/bndb/imagelib/INABIOEC_MECN-DP/00001/MECN-DP_1190_1578946605_tn.jpg,https://localhost/bndb/imagelib/INABIOEC_MECN-DP/00001/MECN-DP_1190_1578946605.jpg,http://creativecommons.org/licenses/by-nc/4.0/,"Gobierno del Ecuador- INABIO",,"CC BY-NC-SA (Attribution-NonCommercial-ShareAlike)","Sin fines de lucro","Trichomycterus sp.",,urn:uuid:77c18e29-4663-465e-acdd-c533b48c9773,"2022-04-15 17:45:21",image/jpeg,https://localhost/bndb/collections/individual/index.php?occid=677475,StillImage,Photograph,en
677476,https://localhost/bndb/imagelib/INABIOEC_MECN-DP/00001/MECN-DP_1191_1578601044_lg.jpg,https://localhost/bndb/imagelib/INABIOEC_MECN-DP/00001/MECN-DP_1191_1578601044_lg.jpg,https://localhost/bndb/imagelib/INABIOEC_MECN-DP/00001/MECN-DP_1191_1578601044_tn.jpg,https://localhost/bndb/imagelib/INABIOEC_MECN-DP/00001/MECN-DP_1191_1578601044.jpg,http://creativecommons.org/licenses/by-nc/4.0/,"Gobierno del Ecuador- INABIO",,"CC BY-NC-SA (Attribution-NonCommercial-ShareAlike)","Sin fines de lucro","Creagrutus amoenus",,urn:uuid:15c43573-0113-4173-aeb8-477079794fc7,"2022-04-15 17:45:21",image/jpeg,https://localhost/bndb/collections/individual/index.php?occid=677476,StillImage,Photograph,en
677477,https://localhost/bndb/imagelib/INABIOEC_MECN-DP/00001/MECN-DP_1192_1578601113_lg.jpg,https://localhost/bndb/imagelib/INABIOEC_MECN-DP/00001/MECN-DP_1192_1578601113_lg.jpg,https://localhost/bndb/imagelib/INABIOEC_MECN-DP/00001/MECN-DP_1192_1578601113_tn.jpg,https://localhost/bndb/imagelib/INABIOEC_MECN-DP/00001/MECN-DP_1192_1578601113.jpg,http://creativecommons.org/licenses/by-nc/4.0/,"Gobierno del Ecuador- INABIO",,"CC BY-NC-SA (Attribution-NonCommercial-ShareAlike)","Sin fines de lucro","Lebiasina elongata",,urn:uuid:6f91d304-60e3-4678-b18f-b7ea35eaf139,"2022-04-15 17:45:21",image/jpeg,https://localhost/bndb/collections/individual/index.php?occid=677477,StillImage,Photograph,en
677478,https://localhost/bndb/imagelib/INABIOEC_MECN-DP/00001/MECN-DP_1193_1578601180_lg.jpg,https://localhost/bndb/imagelib/INABIOEC_MECN-DP/00001/MECN-DP_1193_1578601180_lg.jpg,https://localhost/bndb/imagelib/INABIOEC_MECN-DP/00001/MECN-DP_1193_1578601180_tn.jpg,https://localhost/bndb/imagelib/INABIOEC_MECN-DP/00001/MECN-DP_1193_1578601180.jpg,http://creativecommons.org/licenses/by-nc/4.0/,"Gobierno del Ecuador- INABIO",,"CC BY-NC-SA (Attribution-NonCommercial-ShareAlike)","Sin fines de lucro","Ceratobranchia binghami",,urn:uuid:18d1234e-493b-4481-bc27-50c3815ed0d5,"2022-04-15 17:45:21",image/jpeg,https://localhost/bndb/collections/individual/index.php?occid=677478,StillImage,Photograph,en
677479,https://localhost/bndb/imagelib/INABIOEC_MECN-DP/00001/MECN-DP_1194_1578601233_lg.jpg,https://localhost/bndb/imagelib/INABIOEC_MECN-DP/00001/MECN-DP_1194_1578601233_lg.jpg,https://localhost/bndb/imagelib/INABIOEC_MECN-DP/00001/MECN-DP_1194_1578601233_tn.jpg,https://localhost/bndb/imagelib/INABIOEC_MECN-DP/00001/MECN-DP_1194_1578601233.jpg,http://creativecommons.org/licenses/by-nc/4.0/,"Gobierno del Ecuador- INABIO",,"CC BY-NC-SA (Attribution-NonCommercial-ShareAlike)","Sin fines de lucro","Knodus septentrionalis",,urn:uuid:e341b724-5b8e-4ca9-b76c-50e5e644ea99,"2022-04-15 17:45:21",image/jpeg,https://localhost/bndb/collections/individual/index.php?occid=677479,StillImage,Photograph,en
677480,https://localhost/bndb/imagelib/INABIOEC_MECN-DP/00001/MECN-DP_1195_D_1578604443.jpg,https://localhost/bndb/imagelib/INABIOEC_MECN-DP/00001/MECN-DP_1195_D_1578604443.jpg,https://localhost/bndb/imagelib/INABIOEC_MECN-DP/00001/MECN-DP_1195_D_1578604443_tn.jpg,https://localhost/bndb/imagelib/INABIOEC_MECN-DP/00001/MECN-DP_1195_D_1578604443.jpg,http://creativecommons.org/licenses/by-nc/4.0/,"Gobierno del Ecuador- INABIO",,"CC BY-NC-SA (Attribution-NonCommercial-ShareAlike)","Sin fines de lucro","Hypostomus niceforoi",,urn:uuid:f40117c9-965b-4895-a20c-98f6f27c5163,"2022-04-15 17:45:21",image/jpeg,https://localhost/bndb/collections/individual/index.php?occid=677480,StillImage,Photograph,en
677480,https://localhost/bndb/imagelib/INABIOEC_MECN-DP/00001/MECN-DP_1195_V_1578604464.jpg,https://localhost/bndb/imagelib/INABIOEC_MECN-DP/00001/MECN-DP_1195_V_1578604464.jpg,https://localhost/bndb/imagelib/INABIOEC_MECN-DP/00001/MECN-DP_1195_V_1578604464_tn.jpg,https://localhost/bndb/imagelib/INABIOEC_MECN-DP/00001/MECN-DP_1195_V_1578604464.jpg,http://creativecommons.org/licenses/by-nc/4.0/,"Gobierno del Ecuador- INABIO",,"CC BY-NC-SA (Attribution-NonCommercial-ShareAlike)","Sin fines de lucro","Hypostomus niceforoi",,urn:uuid:5c4c25c7-c693-40fc-8af5-f3c626dbc1ca,"2022-04-15 17:45:21",image/jpeg,https://localhost/bndb/collections/individual/index.php?occid=677480,StillImage,Photograph,en
677481,https://localhost/bndb/imagelib/INABIOEC_MECN-DP/00001/MECN-DP_1196_D_1578604546_lg.jpg,https://localhost/bndb/imagelib/INABIOEC_MECN-DP/00001/MECN-DP_1196_D_1578604546_lg.jpg,https://localhost/bndb/imagelib/INABIOEC_MECN-DP/00001/MECN-DP_1196_D_1578604546_tn.jpg,https://localhost/bndb/imagelib/INABIOEC_MECN-DP/00001/MECN-DP_1196_D_1578604546.jpg,http://creativecommons.org/licenses/by-nc/4.0/,"Gobierno del Ecuador- INABIO",,"CC BY-NC-SA (Attribution-NonCommercial-ShareAlike)","Sin fines de lucro","Astroblepus sp.",,urn:uuid:cfcfd481-2bae-4d57-a315-fd98e6d32c75,"2022-04-15 17:45:21",image/jpeg,https://localhost/bndb/collections/individual/index.php?occid=677481,StillImage,Photograph,en
677481,https://localhost/bndb/imagelib/INABIOEC_MECN-DP/00001/MECN-DP_1196_V_1578604570_lg.jpg,https://localhost/bndb/imagelib/INABIOEC_MECN-DP/00001/MECN-DP_1196_V_1578604570_lg.jpg,https://localhost/bndb/imagelib/INABIOEC_MECN-DP/00001/MECN-DP_1196_V_1578604570_tn.jpg,https://localhost/bndb/imagelib/INABIOEC_MECN-DP/00001/MECN-DP_1196_V_1578604570.jpg,http://creativecommons.org/licenses/by-nc/4.0/,"Gobierno del Ecuador- INABIO",,"CC BY-NC-SA (Attribution-NonCommercial-ShareAlike)","Sin fines de lucro","Astroblepus sp.",,urn:uuid:247f3c5a-fa7f-45bd-bda9-3bc3c09c5d59,"2022-04-15 17:45:21",image/jpeg,https://localhost/bndb/collections/individual/index.php?occid=677481,StillImage,Photograph,en
677482,https://localhost/bndb/imagelib/INABIOEC_MECN-DP/00001/MECN-DP_1197_1578948118_lg.jpg,https://localhost/bndb/imagelib/INABIOEC_MECN-DP/00001/MECN-DP_1197_1578948118_lg.jpg,https://localhost/bndb/imagelib/INABIOEC_MECN-DP/00001/MECN-DP_1197_1578948118_tn.jpg,https://localhost/bndb/imagelib/INABIOEC_MECN-DP/00001/MECN-DP_1197_1578948118.jpg,http://creativecommons.org/licenses/by-nc/4.0/,"Gobierno del Ecuador- INABIO",,"CC BY-NC-SA (Attribution-NonCommercial-ShareAlike)","Sin fines de lucro","Ceratobranchia binghami",,urn:uuid:3086dd23-5f38-4921-9969-2c7d86751402,"2022-04-15 17:45:21",image/jpeg,https://localhost/bndb/collections/individual/index.php?occid=677482,StillImage,Photograph,en
677483,https://localhost/bndb/imagelib/INABIOEC_MECN-DP/00001/MECN-DP_1198_D_1578604659_lg.jpg,https://localhost/bndb/imagelib/INABIOEC_MECN-DP/00001/MECN-DP_1198_D_1578604659_lg.jpg,https://localhost/bndb/imagelib/INABIOEC_MECN-DP/00001/MECN-DP_1198_D_1578604659_tn.jpg,https://localhost/bndb/imagelib/INABIOEC_MECN-DP/00001/MECN-DP_1198_D_1578604659.jpg,http://creativecommons.org/licenses/by-nc/4.0/,"Gobierno del Ecuador- INABIO",,"CC BY-NC-SA (Attribution-NonCommercial-ShareAlike)","Sin fines de lucro","Hypostomus sp.",,urn:uuid:628e3014-0800-4a56-8a39-23140b983d16,"2022-04-15 17:45:21",image/jpeg,https://localhost/bndb/collections/individual/index.php?occid=677483,StillImage,Photograph,en
677483,https://localhost/bndb/imagelib/INABIOEC_MECN-DP/00001/MECN-DP_1198_V_1578604702_lg.jpg,https://localhost/bndb/imagelib/INABIOEC_MECN-DP/00001/MECN-DP_1198_V_1578604702_lg.jpg,https://localhost/bndb/imagelib/INABIOEC_MECN-DP/00001/MECN-DP_1198_V_1578604702_tn.jpg,https://localhost/bndb/imagelib/INABIOEC_MECN-DP/00001/MECN-DP_1198_V_1578604702.jpg,http://creativecommons.org/licenses/by-nc/4.0/,"Gobierno del Ecuador- INABIO",,"CC BY-NC-SA (Attribution-NonCommercial-ShareAlike)","Sin fines de lucro","Hypostomus sp.",,urn:uuid:51c27a6f-2455-4e30-97d7-1fc04eef84a6,"2022-04-15 17:45:21",image/jpeg,https://localhost/bndb/collections/individual/index.php?occid=677483,StillImage,Photograph,en
678989,https://localhost/bndb/imagelib/INABIOEC_MECN-DP/00002/MECN-DP_2532_1578605781_lg.jpg,https://localhost/bndb/imagelib/INABIOEC_MECN-DP/00002/MECN-DP_2532_1578605781_lg.jpg,https://localhost/bndb/imagelib/INABIOEC_MECN-DP/00002/MECN-DP_2532_1578605781_tn.jpg,https://localhost/bndb/imagelib/INABIOEC_MECN-DP/00002/MECN-DP_2532_1578605781.jpg,http://creativecommons.org/licenses/by-nc/4.0/,"Gobierno del Ecuador- INABIO",,"CC BY-NC-SA (Attribution-NonCommercial-ShareAlike)","Sin fines de lucro","Hemiodus unimaculatus",,urn:uuid:12846b00-4061-4a1a-8b27-1b5b7388315b,"2022-04-15 17:45:21",image/jpeg,https://localhost/bndb/collections/individual/index.php?occid=678989,StillImage,Photograph,en
678990,https://localhost/bndb/imagelib/INABIOEC_MECN-DP/00002/MECN-DP_2533_1578605818_lg.jpg,https://localhost/bndb/imagelib/INABIOEC_MECN-DP/00002/MECN-DP_2533_1578605818_lg.jpg,https://localhost/bndb/imagelib/INABIOEC_MECN-DP/00002/MECN-DP_2533_1578605818_tn.jpg,https://localhost/bndb/imagelib/INABIOEC_MECN-DP/00002/MECN-DP_2533_1578605818.jpg,http://creativecommons.org/licenses/by-nc/4.0/,"Gobierno del Ecuador- INABIO",,"CC BY-NC-SA (Attribution-NonCommercial-ShareAlike)","Sin fines de lucro","Pinirampus pinirampu",,urn:uuid:70e77033-e161-43da-8c29-3704ed237a36,"2022-04-15 17:45:21",image/jpeg,https://localhost/bndb/collections/individual/index.php?occid=678990,StillImage,Photograph,en
678991,https://localhost/bndb/imagelib/INABIOEC_MECN-DP/00002/MECN-DP_2534_1578605861_lg.jpg,https://localhost/bndb/imagelib/INABIOEC_MECN-DP/00002/MECN-DP_2534_1578605861_lg.jpg,https://localhost/bndb/imagelib/INABIOEC_MECN-DP/00002/MECN-DP_2534_1578605861_tn.jpg,https://localhost/bndb/imagelib/INABIOEC_MECN-DP/00002/MECN-DP_2534_1578605861.jpg,http://creativecommons.org/licenses/by-nc/4.0/,"Gobierno del Ecuador- INABIO",,"CC BY-NC-SA (Attribution-NonCommercial-ShareAlike)","Sin fines de lucro","Moenkhausia comma",,urn:uuid:c539ee91-28a6-4818-8b29-ac2b035ff619,"2022-04-15 17:45:21",image/jpeg,https://localhost/bndb/collections/individual/index.php?occid=678991,StillImage,Photograph,en
678992,https://localhost/bndb/imagelib/INABIOEC_MECN-DP/00002/MECN-DP_2535_1578605114_lg.jpg,https://localhost/bndb/imagelib/INABIOEC_MECN-DP/00002/MECN-DP_2535_1578605114_lg.jpg,https://localhost/bndb/imagelib/INABIOEC_MECN-DP/00002/MECN-DP_2535_1578605114_tn.jpg,https://localhost/bndb/imagelib/INABIOEC_MECN-DP/00002/MECN-DP_2535_1578605114.jpg,http://creativecommons.org/licenses/by-nc/4.0/,"Gobierno del Ecuador- INABIO",,"CC BY-NC-SA (Attribution-NonCommercial-ShareAlike)","Sin fines de lucro","Moenkhausia oligolepis",,urn:uuid:c4e412a4-f4b2-4fc6-82d9-267770632180,"2022-04-15 17:45:21",image/jpeg,https://localhost/bndb/collections/individual/index.php?occid=678992,StillImage,Photograph,en
678993,https://localhost/bndb/imagelib/INABIOEC_MECN-DP/00002/MECN-DP_2536_1578605969_lg.jpg,https://localhost/bndb/imagelib/INABIOEC_MECN-DP/00002/MECN-DP_2536_1578605969_lg.jpg,https://localhost/bndb/imagelib/INABIOEC_MECN-DP/00002/MECN-DP_2536_1578605969_tn.jpg,https://localhost/bndb/imagelib/INABIOEC_MECN-DP/00002/MECN-DP_2536_1578605969.jpg,http://creativecommons.org/licenses/by-nc/4.0/,"Gobierno del Ecuador- INABIO",,"CC BY-NC-SA (Attribution-NonCommercial-ShareAlike)","Sin fines de lucro","Chrysobrycon hesperus",,urn:uuid:4fc776a3-a24f-493c-b3ca-3de6064524db,"2022-04-15 17:45:21",image/jpeg,https://localhost/bndb/collections/individual/index.php?occid=678993,StillImage,Photograph,en
678994,https://localhost/bndb/imagelib/INABIOEC_MECN-DP/00002/MECN-DP_2537_1578606000_lg.jpg,https://localhost/bndb/imagelib/INABIOEC_MECN-DP/00002/MECN-DP_2537_1578606000_lg.jpg,https://localhost/bndb/imagelib/INABIOEC_MECN-DP/00002/MECN-DP_2537_1578606000_tn.jpg,https://localhost/bndb/imagelib/INABIOEC_MECN-DP/00002/MECN-DP_2537_1578606000.jpg,http://creativecommons.org/licenses/by-nc/4.0/,"Gobierno del Ecuador- INABIO",,"CC BY-NC-SA (Attribution-NonCommercial-ShareAlike)","Sin fines de lucro","Characidium sp.",,urn:uuid:63779a5d-e226-41f6-adc8-93bd03e34e6f,"2022-04-15 17:45:21",image/jpeg,https://localhost/bndb/collections/individual/index.php?occid=678994,StillImage,Photograph,en
678995,https://localhost/bndb/imagelib/INABIOEC_MECN-DP/00002/MECN-DP_2538_1578606035_lg.jpg,https://localhost/bndb/imagelib/INABIOEC_MECN-DP/00002/MECN-DP_2538_1578606035_lg.jpg,https://localhost/bndb/imagelib/INABIOEC_MECN-DP/00002/MECN-DP_2538_1578606035_tn.jpg,https://localhost/bndb/imagelib/INABIOEC_MECN-DP/00002/MECN-DP_2538_1578606035.jpg,http://creativecommons.org/licenses/by-nc/4.0/,"Gobierno del Ecuador- INABIO",,"CC BY-NC-SA (Attribution-NonCommercial-ShareAlike)","Sin fines de lucro","Ancistrus malacops",,urn:uuid:859b518f-841d-4ae4-834f-c011703ff8da,"2022-04-15 17:45:21",image/jpeg,https://localhost/bndb/collections/individual/index.php?occid=678995,StillImage,Photograph,en
679471,https://localhost/bndb/imagelib/INABIOEC_MECN-DP/00002/MECN-DP_2946_1578606556_lg.jpg,https://localhost/bndb/imagelib/INABIOEC_MECN-DP/00002/MECN-DP_2946_1578606556_lg.jpg,https://localhost/bndb/imagelib/INABIOEC_MECN-DP/00002/MECN-DP_2946_1578606556_tn.jpg,https://localhost/bndb/imagelib/INABIOEC_MECN-DP/00002/MECN-DP_2946_1578606556.jpg,http://creativecommons.org/licenses/by-nc/4.0/,"Gobierno del Ecuador- INABIO",,"CC BY-NC-SA (Attribution-NonCommercial-ShareAlike)","Sin fines de lucro","Ancistrus malacops",,urn:uuid:0526018b-3b94-4647-9342-15f63ccdb31b,"2022-04-15 17:45:21",image/jpeg,https://localhost/bndb/collections/individual/index.php?occid=679471,StillImage,Photograph,en
679472,https://localhost/bndb/imagelib/INABIOEC_MECN-DP/00002/MECN-DP_2947_1578606621_lg.jpg,https://localhost/bndb/imagelib/INABIOEC_MECN-DP/00002/MECN-DP_2947_1578606621_lg.jpg,https://localhost/bndb/imagelib/INABIOEC_MECN-DP/00002/MECN-DP_2947_1578606621_tn.jpg,https://localhost/bndb/imagelib/INABIOEC_MECN-DP/00002/MECN-DP_2947_1578606621.jpg,http://creativecommons.org/licenses/by-nc/4.0/,"Gobierno del Ecuador- INABIO",,"CC BY-NC-SA (Attribution-NonCommercial-ShareAlike)","Sin fines de lucro","Crenicichla cf. proteus",,urn:uuid:05bbf2ac-1738-4238-8ca0-851e79e66fdd,"2022-04-15 17:45:21",image/jpeg,https://localhost/bndb/collections/individual/index.php?occid=679472,StillImage,Photograph,en
679473,https://localhost/bndb/imagelib/INABIOEC_MECN-DP/00002/MECN-DP_2948_1578606710_lg.jpg,https://localhost/bndb/imagelib/INABIOEC_MECN-DP/00002/MECN-DP_2948_1578606710_lg.jpg,https://localhost/bndb/imagelib/INABIOEC_MECN-DP/00002/MECN-DP_2948_1578606710_tn.jpg,https://localhost/bndb/imagelib/INABIOEC_MECN-DP/00002/MECN-DP_2948_1578606710.jpg,http://creativecommons.org/licenses/by-nc/4.0/,"Gobierno del Ecuador- INABIO",,"CC BY-NC-SA (Attribution-NonCommercial-ShareAlike)","Sin fines de lucro","Carnegiella strigata",,urn:uuid:da6d782c-f6fe-459a-99a6-8e4e97532201,"2022-04-15 17:45:21",image/jpeg,https://localhost/bndb/collections/individual/index.php?occid=679473,StillImage,Photograph,en
679474,https://localhost/bndb/imagelib/INABIOEC_MECN-DP/00002/MECN-DP_2949_1578606752_lg.jpg,https://localhost/bndb/imagelib/INABIOEC_MECN-DP/00002/MECN-DP_2949_1578606752_lg.jpg,https://localhost/bndb/imagelib/INABIOEC_MECN-DP/00002/MECN-DP_2949_1578606752_tn.jpg,https://localhost/bndb/imagelib/INABIOEC_MECN-DP/00002/MECN-DP_2949_1578606752.jpg,http://creativecommons.org/licenses/by-nc/4.0/,"Gobierno del Ecuador- INABIO",,"CC BY-NC-SA (Attribution-NonCommercial-ShareAlike)","Sin fines de lucro","Ancistrus malacops",,urn:uuid:41af7e97-ce40-49df-ba1c-03963ed510d8,"2022-04-15 17:45:21",image/jpeg,https://localhost/bndb/collections/individual/index.php?occid=679474,StillImage,Photograph,en
679476,https://localhost/bndb/imagelib/INABIOEC_MECN-DP/00002/MECN-DP_2950_1578606811_lg.jpg,https://localhost/bndb/imagelib/INABIOEC_MECN-DP/00002/MECN-DP_2950_1578606811_lg.jpg,https://localhost/bndb/imagelib/INABIOEC_MECN-DP/00002/MECN-DP_2950_1578606811_tn.jpg,https://localhost/bndb/imagelib/INABIOEC_MECN-DP/00002/MECN-DP_2950_1578606811.jpg,http://creativecommons.org/licenses/by-nc/4.0/,"Gobierno del Ecuador- INABIO",,"CC BY-NC-SA (Attribution-NonCommercial-ShareAlike)","Sin fines de lucro","Thayeria obliqua",,urn:uuid:a195a238-3358-45f9-ab7d-482cfbdcd87e,"2022-04-15 17:45:21",image/jpeg,https://localhost/bndb/collections/individual/index.php?occid=679476,StillImage,Photograph,en
679477,https://localhost/bndb/imagelib/INABIOEC_MECN-DP/00002/MECN-DP_2951_1578606850_lg.jpg,https://localhost/bndb/imagelib/INABIOEC_MECN-DP/00002/MECN-DP_2951_1578606850_lg.jpg,https://localhost/bndb/imagelib/INABIOEC_MECN-DP/00002/MECN-DP_2951_1578606850_tn.jpg,https://localhost/bndb/imagelib/INABIOEC_MECN-DP/00002/MECN-DP_2951_1578606850.jpg,http://creativecommons.org/licenses/by-nc/4.0/,"Gobierno del Ecuador- INABIO",,"CC BY-NC-SA (Attribution-NonCommercial-ShareAlike)","Sin fines de lucro","Charax sp.",,urn:uuid:43086aaf-b6cd-4c12-8ef8-38e95c8e178c,"2022-04-15 17:45:21",image/jpeg,https://localhost/bndb/collections/individual/index.php?occid=679477,StillImage,Photograph,en
679478,https://localhost/bndb/imagelib/INABIOEC_MECN-DP/00002/MECN-DP_2952_V_1578606989_lg.jpg,https://localhost/bndb/imagelib/INABIOEC_MECN-DP/00002/MECN-DP_2952_V_1578606989_lg.jpg,https://localhost/bndb/imagelib/INABIOEC_MECN-DP/00002/MECN-DP_2952_V_1578606989_tn.jpg,https://localhost/bndb/imagelib/INABIOEC_MECN-DP/00002/MECN-DP_2952_V_1578606989.jpg,http://creativecommons.org/licenses/by-nc/4.0/,"Gobierno del Ecuador- INABIO",,"CC BY-NC-SA (Attribution-NonCommercial-ShareAlike)","Sin fines de lucro","Tatia intermedia",,urn:uuid:e56525a9-1bf0-411c-b9c1-43d682bff5ee,"2022-04-15 17:45:21",image/jpeg,https://localhost/bndb/collections/individual/index.php?occid=679478,StillImage,Photograph,en
679478,https://localhost/bndb/imagelib/INABIOEC_MECN-DP/00002/MECN-DP_2952_1578607007_lg.jpg,https://localhost/bndb/imagelib/INABIOEC_MECN-DP/00002/MECN-DP_2952_1578607007_lg.jpg,https://localhost/bndb/imagelib/INABIOEC_MECN-DP/00002/MECN-DP_2952_1578607007_tn.jpg,https://localhost/bndb/imagelib/INABIOEC_MECN-DP/00002/MECN-DP_2952_1578607007.jpg,http://creativecommons.org/licenses/by-nc/4.0/,"Gobierno del Ecuador- INABIO",,"CC BY-NC-SA (Attribution-NonCommercial-ShareAlike)","Sin fines de lucro","Tatia intermedia",,urn:uuid:dde2e975-b4f4-4e33-9950-a167646769df,"2022-04-15 17:45:21",image/jpeg,https://localhost/bndb/collections/individual/index.php?occid=679478,StillImage,Photograph,en
679479,https://localhost/bndb/imagelib/INABIOEC_MECN-DP/00002/MECN-DP_2953_1578607058_lg.jpg,https://localhost/bndb/imagelib/INABIOEC_MECN-DP/00002/MECN-DP_2953_1578607058_lg.jpg,https://localhost/bndb/imagelib/INABIOEC_MECN-DP/00002/MECN-DP_2953_1578607058_tn.jpg,https://localhost/bndb/imagelib/INABIOEC_MECN-DP/00002/MECN-DP_2953_1578607058.jpg,http://creativecommons.org/licenses/by-nc/4.0/,"Gobierno del Ecuador- INABIO",,"CC BY-NC-SA (Attribution-NonCommercial-ShareAlike)","Sin fines de lucro","Amblydoras hancockii",,urn:uuid:f447f664-d6aa-4905-9e08-180b77fe7988,"2022-04-15 17:45:21",image/jpeg,https://localhost/bndb/collections/individual/index.php?occid=679479,StillImage,Photograph,en
679480,https://localhost/bndb/imagelib/INABIOEC_MECN-DP/00002/MECN-DP_2954_1578666457_lg.jpg,https://localhost/bndb/imagelib/INABIOEC_MECN-DP/00002/MECN-DP_2954_1578666457_lg.jpg,https://localhost/bndb/imagelib/INABIOEC_MECN-DP/00002/MECN-DP_2954_1578666457_tn.jpg,https://localhost/bndb/imagelib/INABIOEC_MECN-DP/00002/MECN-DP_2954_1578666457.jpg,http://creativecommons.org/licenses/by-nc/4.0/,"Gobierno del Ecuador- INABIO",,"CC BY-NC-SA (Attribution-NonCommercial-ShareAlike)","Sin fines de lucro","Satanoperca jurupari",,urn:uuid:32eecada-72ce-4a32-8b4a-ad0a76c65d31,"2022-04-15 17:45:21",image/jpeg,https://localhost/bndb/collections/individual/index.php?occid=679480,StillImage,Photograph,en
679481,https://localhost/bndb/imagelib/INABIOEC_MECN-DP/00002/MECN-DP_2955_1578667185_lg.jpg,https://localhost/bndb/imagelib/INABIOEC_MECN-DP/00002/MECN-DP_2955_1578667185_lg.jpg,https://localhost/bndb/imagelib/INABIOEC_MECN-DP/00002/MECN-DP_2955_1578667185_tn.jpg,https://localhost/bndb/imagelib/INABIOEC_MECN-DP/00002/MECN-DP_2955_1578667185.jpg,http://creativecommons.org/licenses/by-nc/4.0/,"Gobierno del Ecuador- INABIO",,"CC BY-NC-SA (Attribution-NonCommercial-ShareAlike)","Sin fines de lucro","Crenicichla sp.",,urn:uuid:4b35d0ce-9197-44a0-b13e-fd790b711d63,"2022-04-15 17:45:21",image/jpeg,https://localhost/bndb/collections/individual/index.php?occid=679481,StillImage,Photograph,en
679482,https://localhost/bndb/imagelib/INABIOEC_MECN-DP/00002/MECN-DP_2956_D_1578667225_lg.jpg,https://localhost/bndb/imagelib/INABIOEC_MECN-DP/00002/MECN-DP_2956_D_1578667225_lg.jpg,https://localhost/bndb/imagelib/INABIOEC_MECN-DP/00002/MECN-DP_2956_D_1578667225_tn.jpg,https://localhost/bndb/imagelib/INABIOEC_MECN-DP/00002/MECN-DP_2956_D_1578667225.jpg,http://creativecommons.org/licenses/by-nc/4.0/,"Gobierno del Ecuador- INABIO",,"CC BY-NC-SA (Attribution-NonCommercial-ShareAlike)","Sin fines de lucro","Dianema longibarbis",,urn:uuid:56b450fc-c8b2-4974-93ea-ff8e210865c5,"2022-04-15 17:45:21",image/jpeg,https://localhost/bndb/collections/individual/index.php?occid=679482,StillImage,Photograph,en
679482,https://localhost/bndb/imagelib/INABIOEC_MECN-DP/00002/MECN-DP_2956_V_1578667250_lg.jpg,https://localhost/bndb/imagelib/INABIOEC_MECN-DP/00002/MECN-DP_2956_V_1578667250_lg.jpg,https://localhost/bndb/imagelib/INABIOEC_MECN-DP/00002/MECN-DP_2956_V_1578667250_tn.jpg,https://localhost/bndb/imagelib/INABIOEC_MECN-DP/00002/MECN-DP_2956_V_1578667250.jpg,http://creativecommons.org/licenses/by-nc/4.0/,"Gobierno del Ecuador- INABIO",,"CC BY-NC-SA (Attribution-NonCommercial-ShareAlike)","Sin fines de lucro","Dianema longibarbis",,urn:uuid:1979e433-aa61-4856-8f01-095113371608,"2022-04-15 17:45:21",image/jpeg,https://localhost/bndb/collections/individual/index.php?occid=679482,StillImage,Photograph,en
679483,https://localhost/bndb/imagelib/INABIOEC_MECN-DP/00002/MECN-DP_2957_1578667309_lg.jpg,https://localhost/bndb/imagelib/INABIOEC_MECN-DP/00002/MECN-DP_2957_1578667309_lg.jpg,https://localhost/bndb/imagelib/INABIOEC_MECN-DP/00002/MECN-DP_2957_1578667309_tn.jpg,https://localhost/bndb/imagelib/INABIOEC_MECN-DP/00002/MECN-DP_2957_1578667309.jpg,http://creativecommons.org/licenses/by-nc/4.0/,"Gobierno del Ecuador- INABIO",,"CC BY-NC-SA (Attribution-NonCommercial-ShareAlike)","Sin fines de lucro","Corydoras aff. melanisti",,urn:uuid:0c452f79-c185-48bb-872a-1020acd27d22,"2022-04-15 17:45:21",image/jpeg,https://localhost/bndb/collections/individual/index.php?occid=679483,StillImage,Photograph,en
679484,https://localhost/bndb/imagelib/INABIOEC_MECN-DP/00002/MECN-DP_2958_1578667443_lg.jpg,https://localhost/bndb/imagelib/INABIOEC_MECN-DP/00002/MECN-DP_2958_1578667443_lg.jpg,https://localhost/bndb/imagelib/INABIOEC_MECN-DP/00002/MECN-DP_2958_1578667443_tn.jpg,https://localhost/bndb/imagelib/INABIOEC_MECN-DP/00002/MECN-DP_2958_1578667443.jpg,http://creativecommons.org/licenses/by-nc/4.0/,"Gobierno del Ecuador- INABIO",,"CC BY-NC-SA (Attribution-NonCommercial-ShareAlike)","Sin fines de lucro","Pimelodella sp.",,urn:uuid:e0ea69c7-f8ed-4554-928f-cf704645525f,"2022-04-15 17:45:21",image/jpeg,https://localhost/bndb/collections/individual/index.php?occid=679484,StillImage,Photograph,en
679485,https://localhost/bndb/imagelib/INABIOEC_MECN-DP/00002/MECN-DP_2959_D_1578667501_lg.jpg,https://localhost/bndb/imagelib/INABIOEC_MECN-DP/00002/MECN-DP_2959_D_1578667501_lg.jpg,https://localhost/bndb/imagelib/INABIOEC_MECN-DP/00002/MECN-DP_2959_D_1578667501_tn.jpg,https://localhost/bndb/imagelib/INABIOEC_MECN-DP/00002/MECN-DP_2959_D_1578667501.jpg,http://creativecommons.org/licenses/by-nc/4.0/,"Gobierno del Ecuador- INABIO",,"CC BY-NC-SA (Attribution-NonCommercial-ShareAlike)","Sin fines de lucro","Ochmacanthus reinhardtii",,urn:uuid:5d9aa3d4-0245-4a9b-a575-f04c23f6b8a0,"2022-04-15 17:45:21",image/jpeg,https://localhost/bndb/collections/individual/index.php?occid=679485,StillImage,Photograph,en
679485,https://localhost/bndb/imagelib/INABIOEC_MECN-DP/00002/MECN-DP_2959_V_1578667528_lg.jpg,https://localhost/bndb/imagelib/INABIOEC_MECN-DP/00002/MECN-DP_2959_V_1578667528_lg.jpg,https://localhost/bndb/imagelib/INABIOEC_MECN-DP/00002/MECN-DP_2959_V_1578667528_tn.jpg,https://localhost/bndb/imagelib/INABIOEC_MECN-DP/00002/MECN-DP_2959_V_1578667528.jpg,http://creativecommons.org/licenses/by-nc/4.0/,"Gobierno del Ecuador- INABIO",,"CC BY-NC-SA (Attribution-NonCommercial-ShareAlike)","Sin fines de lucro","Ochmacanthus reinhardtii",,urn:uuid:54d9faa1-9821-46e9-aa96-21c322510387,"2022-04-15 17:45:21",image/jpeg,https://localhost/bndb/collections/individual/index.php?occid=679485,StillImage,Photograph,en
679487,https://localhost/bndb/imagelib/INABIOEC_MECN-DP/00002/MECN-DP_2960_1578667564_lg.jpg,https://localhost/bndb/imagelib/INABIOEC_MECN-DP/00002/MECN-DP_2960_1578667564_lg.jpg,https://localhost/bndb/imagelib/INABIOEC_MECN-DP/00002/MECN-DP_2960_1578667564_tn.jpg,https://localhost/bndb/imagelib/INABIOEC_MECN-DP/00002/MECN-DP_2960_1578667564.jpg,http://creativecommons.org/licenses/by-nc/4.0/,"Gobierno del Ecuador- INABIO",,"CC BY-NC-SA (Attribution-NonCommercial-ShareAlike)","Sin fines de lucro","Hemigrammus ocellifer",,urn:uuid:7aacc9c6-5395-4760-b2aa-71b9ebf70ecb,"2022-04-15 17:45:21",image/jpeg,https://localhost/bndb/collections/individual/index.php?occid=679487,StillImage,Photograph,en
679488,https://localhost/bndb/imagelib/INABIOEC_MECN-DP/00002/MECN-DP_2961_1578667622_lg.jpg,https://localhost/bndb/imagelib/INABIOEC_MECN-DP/00002/MECN-DP_2961_1578667622_lg.jpg,https://localhost/bndb/imagelib/INABIOEC_MECN-DP/00002/MECN-DP_2961_1578667622_tn.jpg,https://localhost/bndb/imagelib/INABIOEC_MECN-DP/00002/MECN-DP_2961_1578667622.jpg,http://creativecommons.org/licenses/by-nc/4.0/,"Gobierno del Ecuador- INABIO",,"CC BY-NC-SA (Attribution-NonCommercial-ShareAlike)","Sin fines de lucro","Curimatopsis macrolepis",,urn:uuid:707f1870-0de0-401b-acf5-820d2da56cff,"2022-04-15 17:45:21",image/jpeg,https://localhost/bndb/collections/individual/index.php?occid=679488,StillImage,Photograph,en
679489,https://localhost/bndb/imagelib/INABIOEC_MECN-DP/00002/MECN-DP_2962_1578667704_lg.jpg,https://localhost/bndb/imagelib/INABIOEC_MECN-DP/00002/MECN-DP_2962_1578667704_lg.jpg,https://localhost/bndb/imagelib/INABIOEC_MECN-DP/00002/MECN-DP_2962_1578667704_tn.jpg,https://localhost/bndb/imagelib/INABIOEC_MECN-DP/00002/MECN-DP_2962_1578667704.jpg,http://creativecommons.org/licenses/by-nc/4.0/,"Gobierno del Ecuador- INABIO",,"CC BY-NC-SA (Attribution-NonCommercial-ShareAlike)","Sin fines de lucro","Steindachnerina argentea",,urn:uuid:699f3dad-aeb8-4921-a387-e9d593de8286,"2022-04-15 17:45:21",image/jpeg,https://localhost/bndb/collections/individual/index.php?occid=679489,StillImage,Photograph,en
679490,https://localhost/bndb/imagelib/INABIOEC_MECN-DP/00002/MECN-DP_2963_D_1578667776_lg.jpg,https://localhost/bndb/imagelib/INABIOEC_MECN-DP/00002/MECN-DP_2963_D_1578667776_lg.jpg,https://localhost/bndb/imagelib/INABIOEC_MECN-DP/00002/MECN-DP_2963_D_1578667776_tn.jpg,https://localhost/bndb/imagelib/INABIOEC_MECN-DP/00002/MECN-DP_2963_D_1578667776.jpg,http://creativecommons.org/licenses/by-nc/4.0/,"Gobierno del Ecuador- INABIO",,"CC BY-NC-SA (Attribution-NonCommercial-ShareAlike)","Sin fines de lucro","Trachelyopterus  sp.",,urn:uuid:f2bbcf0e-e9d2-410a-aa9e-b63d3f34a905,"2022-04-15 17:45:21",image/jpeg,https://localhost/bndb/collections/individual/index.php?occid=679490,StillImage,Photograph,en
679490,https://localhost/bndb/imagelib/INABIOEC_MECN-DP/00002/MECN-DP_2963_L_1578667795_lg.jpg,https://localhost/bndb/imagelib/INABIOEC_MECN-DP/00002/MECN-DP_2963_L_1578667795_lg.jpg,https://localhost/bndb/imagelib/INABIOEC_MECN-DP/00002/MECN-DP_2963_L_1578667795_tn.jpg,https://localhost/bndb/imagelib/INABIOEC_MECN-DP/00002/MECN-DP_2963_L_1578667795.jpg,http://creativecommons.org/licenses/by-nc/4.0/,"Gobierno del Ecuador- INABIO",,"CC BY-NC-SA (Attribution-NonCommercial-ShareAlike)","Sin fines de lucro",Trachelyopterus sp.,,urn:uuid:73ced6cb-1508-4cc8-84fc-452b4249a3f9,"2022-04-15 17:45:21",image/jpeg,https://localhost/bndb/collections/individual/index.php?occid=679490,StillImage,Photograph,en
679491,https://localhost/bndb/imagelib/INABIOEC_MECN-DP/00002/MECN-DP_2964_1578667851_lg.jpg,https://localhost/bndb/imagelib/INABIOEC_MECN-DP/00002/MECN-DP_2964_1578667851_lg.jpg,https://localhost/bndb/imagelib/INABIOEC_MECN-DP/00002/MECN-DP_2964_1578667851_tn.jpg,https://localhost/bndb/imagelib/INABIOEC_MECN-DP/00002/MECN-DP_2964_1578667851.jpg,http://creativecommons.org/licenses/by-nc/4.0/,"Gobierno del Ecuador- INABIO",,"CC BY-NC-SA (Attribution-NonCommercial-ShareAlike)","Sin fines de lucro","Bryconops cf. inpai",,urn:uuid:bc620ac1-b0ea-4343-ac19-5d1d9096ecab,"2022-04-15 17:45:21",image/jpeg,https://localhost/bndb/collections/individual/index.php?occid=679491,StillImage,Photograph,en
679492,https://localhost/bndb/imagelib/INABIOEC_MECN-DP/00002/MECN-DP_2965_V_1578605185_lg.jpg,https://localhost/bndb/imagelib/INABIOEC_MECN-DP/00002/MECN-DP_2965_V_1578605185_lg.jpg,https://localhost/bndb/imagelib/INABIOEC_MECN-DP/00002/MECN-DP_2965_V_1578605185_tn.jpg,https://localhost/bndb/imagelib/INABIOEC_MECN-DP/00002/MECN-DP_2965_V_1578605185.jpg,http://creativecommons.org/licenses/by-nc/4.0/,"Gobierno del Ecuador- INABIO",,"CC BY-NC-SA (Attribution-NonCommercial-ShareAlike)","Sin fines de lucro","Centromochlus perugiae",,urn:uuid:f2d746bf-81fd-4080-929b-531c40f3ae31,"2022-04-15 17:45:21",image/jpeg,https://localhost/bndb/collections/individual/index.php?occid=679492,StillImage,Photograph,en
679492,https://localhost/bndb/imagelib/INABIOEC_MECN-DP/00002/MECN-DP_2965_D_1578668079_lg.jpg,https://localhost/bndb/imagelib/INABIOEC_MECN-DP/00002/MECN-DP_2965_D_1578668079_lg.jpg,https://localhost/bndb/imagelib/INABIOEC_MECN-DP/00002/MECN-DP_2965_D_1578668079_tn.jpg,https://localhost/bndb/imagelib/INABIOEC_MECN-DP/00002/MECN-DP_2965_D_1578668079.jpg,http://creativecommons.org/licenses/by-nc/4.0/,"Gobierno del Ecuador- INABIO",,"CC BY-NC-SA (Attribution-NonCommercial-ShareAlike)","Sin fines de lucro","Centromochlus perugiae",,urn:uuid:b85ca870-574c-49f1-95e1-5f117f8e9948,"2022-04-15 17:45:21",image/jpeg,https://localhost/bndb/collections/individual/index.php?occid=679492,StillImage,Photograph,en
679493,https://localhost/bndb/imagelib/INABIOEC_MECN-DP/00002/MECN-DP_2966_1578668170_lg.jpg,https://localhost/bndb/imagelib/INABIOEC_MECN-DP/00002/MECN-DP_2966_1578668170_lg.jpg,https://localhost/bndb/imagelib/INABIOEC_MECN-DP/00002/MECN-DP_2966_1578668170_tn.jpg,https://localhost/bndb/imagelib/INABIOEC_MECN-DP/00002/MECN-DP_2966_1578668170.jpg,http://creativecommons.org/licenses/by-nc/4.0/,"Gobierno del Ecuador- INABIO",,"CC BY-NC-SA (Attribution-NonCommercial-ShareAlike)","Sin fines de lucro","Bujurquina moriorum",,urn:uuid:0f74d656-ce8e-4314-837d-078c13fdc2b5,"2022-04-15 17:45:21",image/jpeg,https://localhost/bndb/collections/individual/index.php?occid=679493,StillImage,Photograph,en
679494,https://localhost/bndb/imagelib/INABIOEC_MECN-DP/00002/MECN-DP_2967_1578668220_0_lg.jpg,https://localhost/bndb/imagelib/INABIOEC_MECN-DP/00002/MECN-DP_2967_1578668220_0_lg.jpg,https://localhost/bndb/imagelib/INABIOEC_MECN-DP/00002/MECN-DP_2967_1578668220_0_tn.jpg,https://localhost/bndb/imagelib/INABIOEC_MECN-DP/00002/MECN-DP_2967_1578668220_0.jpg,http://creativecommons.org/licenses/by-nc/4.0/,"Gobierno del Ecuador- INABIO",,"CC BY-NC-SA (Attribution-NonCommercial-ShareAlike)","Sin fines de lucro","Crenicichla anthurus",,urn:uuid:d22a8f83-8870-4795-8be1-605285ab81d8,"2022-04-15 17:45:21",image/jpeg,https://localhost/bndb/collections/individual/index.php?occid=679494,StillImage,Photograph,en
679495,https://localhost/bndb/imagelib/INABIOEC_MECN-DP/00002/MECN-DP_2968_1578668314_lg.jpg,https://localhost/bndb/imagelib/INABIOEC_MECN-DP/00002/MECN-DP_2968_1578668314_lg.jpg,https://localhost/bndb/imagelib/INABIOEC_MECN-DP/00002/MECN-DP_2968_1578668314_tn.jpg,https://localhost/bndb/imagelib/INABIOEC_MECN-DP/00002/MECN-DP_2968_1578668314.jpg,http://creativecommons.org/licenses/by-nc/4.0/,"Gobierno del Ecuador- INABIO",,"CC BY-NC-SA (Attribution-NonCommercial-ShareAlike)","Sin fines de lucro","Astyanax bimaculatus",,urn:uuid:c4ed8f19-19f1-40be-a4cb-7f6274268f9f,"2022-04-15 17:45:21",image/jpeg,https://localhost/bndb/collections/individual/index.php?occid=679495,StillImage,Photograph,en
679496,https://localhost/bndb/imagelib/INABIOEC_MECN-DP/00002/MECN-DP_2969_1578668366_lg.jpg,https://localhost/bndb/imagelib/INABIOEC_MECN-DP/00002/MECN-DP_2969_1578668366_lg.jpg,https://localhost/bndb/imagelib/INABIOEC_MECN-DP/00002/MECN-DP_2969_1578668366_tn.jpg,https://localhost/bndb/imagelib/INABIOEC_MECN-DP/00002/MECN-DP_2969_1578668366.jpg,http://creativecommons.org/licenses/by-nc/4.0/,"Gobierno del Ecuador- INABIO",,"CC BY-NC-SA (Attribution-NonCommercial-ShareAlike)","Sin fines de lucro","Brachychalcinus cf. copei",,urn:uuid:3a3188dc-8081-4816-8360-1ec6d677aa58,"2022-04-15 17:45:21",image/jpeg,https://localhost/bndb/collections/individual/index.php?occid=679496,StillImage,Photograph,en
679498,https://localhost/bndb/imagelib/INABIOEC_MECN-DP/00002/MECN-DP_2970_1578668519_lg.jpg,https://localhost/bndb/imagelib/INABIOEC_MECN-DP/00002/MECN-DP_2970_1578668519_lg.jpg,https://localhost/bndb/imagelib/INABIOEC_MECN-DP/00002/MECN-DP_2970_1578668519_tn.jpg,https://localhost/bndb/imagelib/INABIOEC_MECN-DP/00002/MECN-DP_2970_1578668519.jpg,http://creativecommons.org/licenses/by-nc/4.0/,"Gobierno del Ecuador- INABIO",,"CC BY-NC-SA (Attribution-NonCommercial-ShareAlike)","Sin fines de lucro","Sternopygus macrurus",,urn:uuid:f5b0471d-3eb2-421b-9103-b1c36fd42f38,"2022-04-15 17:45:21",image/jpeg,https://localhost/bndb/collections/individual/index.php?occid=679498,StillImage,Photograph,en
679499,https://localhost/bndb/imagelib/INABIOEC_MECN-DP/00002/MECN-DP_2971_1578668972_lg.jpg,https://localhost/bndb/imagelib/INABIOEC_MECN-DP/00002/MECN-DP_2971_1578668972_lg.jpg,https://localhost/bndb/imagelib/INABIOEC_MECN-DP/00002/MECN-DP_2971_1578668972_tn.jpg,https://localhost/bndb/imagelib/INABIOEC_MECN-DP/00002/MECN-DP_2971_1578668972.jpg,http://creativecommons.org/licenses/by-nc/4.0/,"Gobierno del Ecuador- INABIO",,"CC BY-NC-SA (Attribution-NonCommercial-ShareAlike)","Sin fines de lucro","Characidium cf. etheostoma",,urn:uuid:124ef5b6-ddbb-4545-88dc-02b3cac61359,"2022-04-15 17:45:21",image/jpeg,https://localhost/bndb/collections/individual/index.php?occid=679499,StillImage,Photograph,en
679500,https://localhost/bndb/imagelib/INABIOEC_MECN-DP/00002/MECN-DP_2972_1578669022_lg.jpg,https://localhost/bndb/imagelib/INABIOEC_MECN-DP/00002/MECN-DP_2972_1578669022_lg.jpg,https://localhost/bndb/imagelib/INABIOEC_MECN-DP/00002/MECN-DP_2972_1578669022_tn.jpg,https://localhost/bndb/imagelib/INABIOEC_MECN-DP/00002/MECN-DP_2972_1578669022.jpg,http://creativecommons.org/licenses/by-nc/4.0/,"Gobierno del Ecuador- INABIO",,"CC BY-NC-SA (Attribution-NonCommercial-ShareAlike)","Sin fines de lucro","Cochliodon sp.",,urn:uuid:ea9f830d-610c-4fcc-a713-0fab834e98af,"2022-04-15 17:45:21",image/jpeg,https://localhost/bndb/collections/individual/index.php?occid=679500,StillImage,Photograph,en
679501,https://localhost/bndb/imagelib/INABIOEC_MECN-DP/00002/MECN-DP_2973_1578669070_lg.jpg,https://localhost/bndb/imagelib/INABIOEC_MECN-DP/00002/MECN-DP_2973_1578669070_lg.jpg,https://localhost/bndb/imagelib/INABIOEC_MECN-DP/00002/MECN-DP_2973_1578669070_tn.jpg,https://localhost/bndb/imagelib/INABIOEC_MECN-DP/00002/MECN-DP_2973_1578669070.jpg,http://creativecommons.org/licenses/by-nc/4.0/,"Gobierno del Ecuador- INABIO",,"CC BY-NC-SA (Attribution-NonCommercial-ShareAlike)","Sin fines de lucro","Moenkhausia aff. dichura",,urn:uuid:86748ac2-1ccf-4dde-aded-3f90d1e39385,"2022-04-15 17:45:21",image/jpeg,https://localhost/bndb/collections/individual/index.php?occid=679501,StillImage,Photograph,en
679502,https://localhost/bndb/imagelib/INABIOEC_MECN-DP/00002/MECN-DP_2974_1578669137_lg.jpg,https://localhost/bndb/imagelib/INABIOEC_MECN-DP/00002/MECN-DP_2974_1578669137_lg.jpg,https://localhost/bndb/imagelib/INABIOEC_MECN-DP/00002/MECN-DP_2974_1578669137_tn.jpg,https://localhost/bndb/imagelib/INABIOEC_MECN-DP/00002/MECN-DP_2974_1578669137.jpg,http://creativecommons.org/licenses/by-nc/4.0/,"Gobierno del Ecuador- INABIO",,"CC BY-NC-SA (Attribution-NonCommercial-ShareAlike)","Sin fines de lucro","Chrysobrycon sp.",,urn:uuid:9e86a2e4-07f9-4e6a-8ac6-a67ca6ddcbcf,"2022-04-15 17:45:21",image/jpeg,https://localhost/bndb/collections/individual/index.php?occid=679502,StillImage,Photograph,en
679503,https://localhost/bndb/imagelib/INABIOEC_MECN-DP/00002/MECN-DP_2975_1578669210_lg.jpg,https://localhost/bndb/imagelib/INABIOEC_MECN-DP/00002/MECN-DP_2975_1578669210_lg.jpg,https://localhost/bndb/imagelib/INABIOEC_MECN-DP/00002/MECN-DP_2975_1578669210_tn.jpg,https://localhost/bndb/imagelib/INABIOEC_MECN-DP/00002/MECN-DP_2975_1578669210.jpg,http://creativecommons.org/licenses/by-nc/4.0/,"Gobierno del Ecuador- INABIO",,"CC BY-NC-SA (Attribution-NonCommercial-ShareAlike)","Sin fines de lucro","Knodus orteguasae",,urn:uuid:c11dda52-a0dd-4b5f-a9f0-105f2b271a69,"2022-04-15 17:45:21",image/jpeg,https://localhost/bndb/collections/individual/index.php?occid=679503,StillImage,Photograph,en
679504,https://localhost/bndb/imagelib/INABIOEC_MECN-DP/00002/MECN-DP_2976_1578669259_lg.jpg,https://localhost/bndb/imagelib/INABIOEC_MECN-DP/00002/MECN-DP_2976_1578669259_lg.jpg,https://localhost/bndb/imagelib/INABIOEC_MECN-DP/00002/MECN-DP_2976_1578669259_tn.jpg,https://localhost/bndb/imagelib/INABIOEC_MECN-DP/00002/MECN-DP_2976_1578669259.jpg,http://creativecommons.org/licenses/by-nc/4.0/,"Gobierno del Ecuador- INABIO",,"CC BY-NC-SA (Attribution-NonCommercial-ShareAlike)","Sin fines de lucro","Charax tectifer",,urn:uuid:5a22a767-37dd-4810-803c-8d6e3cf9cb47,"2022-04-15 17:45:21",image/jpeg,https://localhost/bndb/collections/individual/index.php?occid=679504,StillImage,Photograph,en
679505,https://localhost/bndb/imagelib/INABIOEC_MECN-DP/00002/MECN-DP_2977_1578669413_lg.jpg,https://localhost/bndb/imagelib/INABIOEC_MECN-DP/00002/MECN-DP_2977_1578669413_lg.jpg,https://localhost/bndb/imagelib/INABIOEC_MECN-DP/00002/MECN-DP_2977_1578669413_tn.jpg,https://localhost/bndb/imagelib/INABIOEC_MECN-DP/00002/MECN-DP_2977_1578669413.jpg,http://creativecommons.org/licenses/by-nc/4.0/,"Gobierno del Ecuador- INABIO",,"CC BY-NC-SA (Attribution-NonCommercial-ShareAlike)","Sin fines de lucro","Hemigrammus sp.",,urn:uuid:e58b5b0d-01cf-4713-927b-9256dbd30e27,"2022-04-15 17:45:21",image/jpeg,https://localhost/bndb/collections/individual/index.php?occid=679505,StillImage,Photograph,en
679506,https://localhost/bndb/imagelib/INABIOEC_MECN-DP/00002/MECN-DP_2978_1578950210_lg.jpg,https://localhost/bndb/imagelib/INABIOEC_MECN-DP/00002/MECN-DP_2978_1578950210_lg.jpg,https://localhost/bndb/imagelib/INABIOEC_MECN-DP/00002/MECN-DP_2978_1578950210_tn.jpg,https://localhost/bndb/imagelib/INABIOEC_MECN-DP/00002/MECN-DP_2978_1578950210.jpg,http://creativecommons.org/licenses/by-nc/4.0/,"Gobierno del Ecuador- INABIO",,"CC BY-NC-SA (Attribution-NonCommercial-ShareAlike)","Sin fines de lucro","Astyanax bimaculatus",,urn:uuid:0d9b1a8c-c3c8-465a-b460-b11060691e4c,"2022-04-15 17:45:21",image/jpeg,https://localhost/bndb/collections/individual/index.php?occid=679506,StillImage,Photograph,en
679507,https://localhost/bndb/imagelib/INABIOEC_MECN-DP/00002/MECN-DP_2979_1578669484_lg.jpg,https://localhost/bndb/imagelib/INABIOEC_MECN-DP/00002/MECN-DP_2979_1578669484_lg.jpg,https://localhost/bndb/imagelib/INABIOEC_MECN-DP/00002/MECN-DP_2979_1578669484_tn.jpg,https://localhost/bndb/imagelib/INABIOEC_MECN-DP/00002/MECN-DP_2979_1578669484.jpg,http://creativecommons.org/licenses/by-nc/4.0/,"Gobierno del Ecuador- INABIO",,"CC BY-NC-SA (Attribution-NonCommercial-ShareAlike)","Sin fines de lucro","Chrysobrycon hesperus",,urn:uuid:de92edd1-27c4-4d5f-8eb3-2f8c1be408cc,"2022-04-15 17:45:21",image/jpeg,https://localhost/bndb/collections/individual/index.php?occid=679507,StillImage,Photograph,en
679509,https://localhost/bndb/imagelib/INABIOEC_MECN-DP/00002/MECN-DP_2980_1578669523_lg.jpg,https://localhost/bndb/imagelib/INABIOEC_MECN-DP/00002/MECN-DP_2980_1578669523_lg.jpg,https://localhost/bndb/imagelib/INABIOEC_MECN-DP/00002/MECN-DP_2980_1578669523_tn.jpg,https://localhost/bndb/imagelib/INABIOEC_MECN-DP/00002/MECN-DP_2980_1578669523.jpg,http://creativecommons.org/licenses/by-nc/4.0/,"Gobierno del Ecuador- INABIO",,"CC BY-NC-SA (Attribution-NonCommercial-ShareAlike)","Sin fines de lucro","Crenicichla anthurus",,urn:uuid:b5c61e40-4184-431c-a3a0-b075ed1fa930,"2022-04-15 17:45:21",image/jpeg,https://localhost/bndb/collections/individual/index.php?occid=679509,StillImage,Photograph,en
679510,https://localhost/bndb/imagelib/INABIOEC_MECN-DP/00002/MECN-DP_2981_1578669625_lg.jpg,https://localhost/bndb/imagelib/INABIOEC_MECN-DP/00002/MECN-DP_2981_1578669625_lg.jpg,https://localhost/bndb/imagelib/INABIOEC_MECN-DP/00002/MECN-DP_2981_1578669625_tn.jpg,https://localhost/bndb/imagelib/INABIOEC_MECN-DP/00002/MECN-DP_2981_1578669625.jpg,http://creativecommons.org/licenses/by-nc/4.0/,"Gobierno del Ecuador- INABIO",,"CC BY-NC-SA (Attribution-NonCommercial-ShareAlike)","Sin fines de lucro","Satanoperca jurupari",,urn:uuid:c217d054-f8ba-4a48-8d26-ff7ad010400d,"2022-04-15 17:45:21",image/jpeg,https://localhost/bndb/collections/individual/index.php?occid=679510,StillImage,Photograph,en
679511,https://localhost/bndb/imagelib/INABIOEC_MECN-DP/00002/MECN-DP_2982_1578669685_lg.jpg,https://localhost/bndb/imagelib/INABIOEC_MECN-DP/00002/MECN-DP_2982_1578669685_lg.jpg,https://localhost/bndb/imagelib/INABIOEC_MECN-DP/00002/MECN-DP_2982_1578669685_tn.jpg,https://localhost/bndb/imagelib/INABIOEC_MECN-DP/00002/MECN-DP_2982_1578669685.jpg,http://creativecommons.org/licenses/by-nc/4.0/,"Gobierno del Ecuador- INABIO",,"CC BY-NC-SA (Attribution-NonCommercial-ShareAlike)","Sin fines de lucro","Acestrorhynchus lacustris",,urn:uuid:57b2e4fe-2846-48e2-a4db-a185a3580d45,"2022-04-15 17:45:21",image/jpeg,https://localhost/bndb/collections/individual/index.php?occid=679511,StillImage,Photograph,en
679512,https://localhost/bndb/imagelib/INABIOEC_MECN-DP/00002/MECN-DP_2983_1578669729_lg.jpg,https://localhost/bndb/imagelib/INABIOEC_MECN-DP/00002/MECN-DP_2983_1578669729_lg.jpg,https://localhost/bndb/imagelib/INABIOEC_MECN-DP/00002/MECN-DP_2983_1578669729_tn.jpg,https://localhost/bndb/imagelib/INABIOEC_MECN-DP/00002/MECN-DP_2983_1578669729.jpg,http://creativecommons.org/licenses/by-nc/4.0/,"Gobierno del Ecuador- INABIO",,"CC BY-NC-SA (Attribution-NonCommercial-ShareAlike)","Sin fines de lucro","Pseudanos trimaculatus",,urn:uuid:e4c6e46e-036d-4207-9cb7-c770600f6814,"2022-04-15 17:45:21",image/jpeg,https://localhost/bndb/collections/individual/index.php?occid=679512,StillImage,Photograph,en
679513,https://localhost/bndb/imagelib/INABIOEC_MECN-DP/00002/MECN-DP_2984_1578669786_lg.jpg,https://localhost/bndb/imagelib/INABIOEC_MECN-DP/00002/MECN-DP_2984_1578669786_lg.jpg,https://localhost/bndb/imagelib/INABIOEC_MECN-DP/00002/MECN-DP_2984_1578669786_tn.jpg,https://localhost/bndb/imagelib/INABIOEC_MECN-DP/00002/MECN-DP_2984_1578669786.jpg,http://creativecommons.org/licenses/by-nc/4.0/,"Gobierno del Ecuador- INABIO",,"CC BY-NC-SA (Attribution-NonCommercial-ShareAlike)","Sin fines de lucro","Aequidens tetramerus",,urn:uuid:315ee434-83c5-4c56-8283-7fdac2eb1515,"2022-04-15 17:45:21",image/jpeg,https://localhost/bndb/collections/individual/index.php?occid=679513,StillImage,Photograph,en
679514,https://localhost/bndb/imagelib/INABIOEC_MECN-DP/00002/MECN-DP_2985_1578669828_lg.jpg,https://localhost/bndb/imagelib/INABIOEC_MECN-DP/00002/MECN-DP_2985_1578669828_lg.jpg,https://localhost/bndb/imagelib/INABIOEC_MECN-DP/00002/MECN-DP_2985_1578669828_tn.jpg,https://localhost/bndb/imagelib/INABIOEC_MECN-DP/00002/MECN-DP_2985_1578669828.jpg,http://creativecommons.org/licenses/by-nc/4.0/,"Gobierno del Ecuador- INABIO",,"CC BY-NC-SA (Attribution-NonCommercial-ShareAlike)","Sin fines de lucro","Heros efasciatus",,urn:uuid:ef6d0c34-d837-463a-8d7d-a3312bcefcde,"2022-04-15 17:45:21",image/jpeg,https://localhost/bndb/collections/individual/index.php?occid=679514,StillImage,Photograph,en
679515,https://localhost/bndb/imagelib/INABIOEC_MECN-DP/00002/MECN-DP_2986_1578669890_lg.jpg,https://localhost/bndb/imagelib/INABIOEC_MECN-DP/00002/MECN-DP_2986_1578669890_lg.jpg,https://localhost/bndb/imagelib/INABIOEC_MECN-DP/00002/MECN-DP_2986_1578669890_tn.jpg,https://localhost/bndb/imagelib/INABIOEC_MECN-DP/00002/MECN-DP_2986_1578669890.jpg,http://creativecommons.org/licenses/by-nc/4.0/,"Gobierno del Ecuador- INABIO",,"CC BY-NC-SA (Attribution-NonCommercial-ShareAlike)","Sin fines de lucro","Apistogramma sp.",,urn:uuid:99260fa3-2d40-48ab-ab58-43410dbb242d,"2022-04-15 17:45:21",image/jpeg,https://localhost/bndb/collections/individual/index.php?occid=679515,StillImage,Photograph,en
679516,https://localhost/bndb/imagelib/INABIOEC_MECN-DP/00002/MECN-DP_2987_1578669931_lg.jpg,https://localhost/bndb/imagelib/INABIOEC_MECN-DP/00002/MECN-DP_2987_1578669931_lg.jpg,https://localhost/bndb/imagelib/INABIOEC_MECN-DP/00002/MECN-DP_2987_1578669931_tn.jpg,https://localhost/bndb/imagelib/INABIOEC_MECN-DP/00002/MECN-DP_2987_1578669931.jpg,http://creativecommons.org/licenses/by-nc/4.0/,"Gobierno del Ecuador- INABIO",,"CC BY-NC-SA (Attribution-NonCommercial-ShareAlike)","Sin fines de lucro","Cichla monoculus",,urn:uuid:d4a995d7-340d-4d77-9025-970f7f4740d0,"2022-04-15 17:45:21",image/jpeg,https://localhost/bndb/collections/individual/index.php?occid=679516,StillImage,Photograph,en
679517,https://localhost/bndb/imagelib/INABIOEC_MECN-DP/00002/MECN-DP_2988_1578670053_lg.jpg,https://localhost/bndb/imagelib/INABIOEC_MECN-DP/00002/MECN-DP_2988_1578670053_lg.jpg,https://localhost/bndb/imagelib/INABIOEC_MECN-DP/00002/MECN-DP_2988_1578670053_tn.jpg,https://localhost/bndb/imagelib/INABIOEC_MECN-DP/00002/MECN-DP_2988_1578670053.jpg,http://creativecommons.org/licenses/by-nc/4.0/,"Gobierno del Ecuador- INABIO",,"CC BY-NC-SA (Attribution-NonCommercial-ShareAlike)","Sin fines de lucro","Curimatopsis macrolepis",,urn:uuid:0da3e608-ac9c-4235-9597-cf6a0049e397,"2022-04-15 17:45:21",image/jpeg,https://localhost/bndb/collections/individual/index.php?occid=679517,StillImage,Photograph,en
679518,https://localhost/bndb/imagelib/INABIOEC_MECN-DP/00002/MECN-DP_2989_1578670098_lg.jpg,https://localhost/bndb/imagelib/INABIOEC_MECN-DP/00002/MECN-DP_2989_1578670098_lg.jpg,https://localhost/bndb/imagelib/INABIOEC_MECN-DP/00002/MECN-DP_2989_1578670098_tn.jpg,https://localhost/bndb/imagelib/INABIOEC_MECN-DP/00002/MECN-DP_2989_1578670098.jpg,http://creativecommons.org/licenses/by-nc/4.0/,"Gobierno del Ecuador- INABIO",,"CC BY-NC-SA (Attribution-NonCommercial-ShareAlike)","Sin fines de lucro","Mesonauta sp.",,urn:uuid:40e3cb4c-6ae9-425c-b60f-9890901a3f28,"2022-04-15 17:45:21",image/jpeg,https://localhost/bndb/collections/individual/index.php?occid=679518,StillImage,Photograph,en
679520,https://localhost/bndb/imagelib/INABIOEC_MECN-DP/00002/MECN-DP_2990_1578670474_lg.jpg,https://localhost/bndb/imagelib/INABIOEC_MECN-DP/00002/MECN-DP_2990_1578670474_lg.jpg,https://localhost/bndb/imagelib/INABIOEC_MECN-DP/00002/MECN-DP_2990_1578670474_tn.jpg,https://localhost/bndb/imagelib/INABIOEC_MECN-DP/00002/MECN-DP_2990_1578670474.jpg,http://creativecommons.org/licenses/by-nc/4.0/,"Gobierno del Ecuador- INABIO",,"CC BY-NC-SA (Attribution-NonCommercial-ShareAlike)","Sin fines de lucro","Pyrrhulina cf. laeta",,urn:uuid:921ff2df-dbb3-44d5-8b74-72ee6766e129,"2022-04-15 17:45:21",image/jpeg,https://localhost/bndb/collections/individual/index.php?occid=679520,StillImage,Photograph,en
679521,https://localhost/bndb/imagelib/INABIOEC_MECN-DP/00002/MECN-DP_2991_1578670531_lg.jpg,https://localhost/bndb/imagelib/INABIOEC_MECN-DP/00002/MECN-DP_2991_1578670531_lg.jpg,https://localhost/bndb/imagelib/INABIOEC_MECN-DP/00002/MECN-DP_2991_1578670531_tn.jpg,https://localhost/bndb/imagelib/INABIOEC_MECN-DP/00002/MECN-DP_2991_1578670531.jpg,http://creativecommons.org/licenses/by-nc/4.0/,"Gobierno del Ecuador- INABIO",,"CC BY-NC-SA (Attribution-NonCommercial-ShareAlike)","Sin fines de lucro","Acestrorhynchus microlepis",,urn:uuid:ff769dc3-8956-4a43-be56-89c235baa54f,"2022-04-15 17:45:21",image/jpeg,https://localhost/bndb/collections/individual/index.php?occid=679521,StillImage,Photograph,en
679522,https://localhost/bndb/imagelib/INABIOEC_MECN-DP/00002/MECN-DP_2992_1579015153_lg.jpg,https://localhost/bndb/imagelib/INABIOEC_MECN-DP/00002/MECN-DP_2992_1579015153_lg.jpg,https://localhost/bndb/imagelib/INABIOEC_MECN-DP/00002/MECN-DP_2992_1579015153_tn.jpg,https://localhost/bndb/imagelib/INABIOEC_MECN-DP/00002/MECN-DP_2992_1579015153.jpg,http://creativecommons.org/licenses/by-nc/4.0/,"Gobierno del Ecuador- INABIO",,"CC BY-NC-SA (Attribution-NonCommercial-ShareAlike)","Sin fines de lucro","Steatogenys elegans",,urn:uuid:8e3d0191-cdc4-4f15-bc25-1043bdd3e424,"2022-04-15 17:45:21",image/jpeg,https://localhost/bndb/collections/individual/index.php?occid=679522,StillImage,Photograph,en
679523,https://localhost/bndb/imagelib/INABIOEC_MECN-DP/00002/MECN-DP_2993_1578671387_lg.jpg,https://localhost/bndb/imagelib/INABIOEC_MECN-DP/00002/MECN-DP_2993_1578671387_lg.jpg,https://localhost/bndb/imagelib/INABIOEC_MECN-DP/00002/MECN-DP_2993_1578671387_tn.jpg,https://localhost/bndb/imagelib/INABIOEC_MECN-DP/00002/MECN-DP_2993_1578671387.jpg,http://creativecommons.org/licenses/by-nc/4.0/,"Gobierno del Ecuador- INABIO",,"CC BY-NC-SA (Attribution-NonCommercial-ShareAlike)","Sin fines de lucro","Crenicichla anthurus",,urn:uuid:2fc633d4-15dc-428a-b375-f1620c6d7b84,"2022-04-15 17:45:21",image/jpeg,https://localhost/bndb/collections/individual/index.php?occid=679523,StillImage,Photograph,en
679524,https://localhost/bndb/imagelib/INABIOEC_MECN-DP/00002/MECN-DP_2994_1578671429_lg.jpg,https://localhost/bndb/imagelib/INABIOEC_MECN-DP/00002/MECN-DP_2994_1578671429_lg.jpg,https://localhost/bndb/imagelib/INABIOEC_MECN-DP/00002/MECN-DP_2994_1578671429_tn.jpg,https://localhost/bndb/imagelib/INABIOEC_MECN-DP/00002/MECN-DP_2994_1578671429.jpg,http://creativecommons.org/licenses/by-nc/4.0/,"Gobierno del Ecuador- INABIO",,"CC BY-NC-SA (Attribution-NonCommercial-ShareAlike)","Sin fines de lucro","Chilodus punctatus",,urn:uuid:a01ca76d-49c5-41e1-9a55-8f7ed85e9b33,"2022-04-15 17:45:21",image/jpeg,https://localhost/bndb/collections/individual/index.php?occid=679524,StillImage,Photograph,en
679525,https://localhost/bndb/imagelib/INABIOEC_MECN-DP/00002/MECN-DP_2995_1578671467_lg.jpg,https://localhost/bndb/imagelib/INABIOEC_MECN-DP/00002/MECN-DP_2995_1578671467_lg.jpg,https://localhost/bndb/imagelib/INABIOEC_MECN-DP/00002/MECN-DP_2995_1578671467_tn.jpg,https://localhost/bndb/imagelib/INABIOEC_MECN-DP/00002/MECN-DP_2995_1578671467.jpg,http://creativecommons.org/licenses/by-nc/4.0/,"Gobierno del Ecuador- INABIO",,"CC BY-NC-SA (Attribution-NonCommercial-ShareAlike)","Sin fines de lucro","Hoplias malabaricus",,urn:uuid:d8f0c80d-b114-41f1-a172-f513814c09ed,"2022-04-15 17:45:21",image/jpeg,https://localhost/bndb/collections/individual/index.php?occid=679525,StillImage,Photograph,en
679526,https://localhost/bndb/imagelib/INABIOEC_MECN-DP/00002/MECN-DP_2996_1578671607_lg.jpg,https://localhost/bndb/imagelib/INABIOEC_MECN-DP/00002/MECN-DP_2996_1578671607_lg.jpg,https://localhost/bndb/imagelib/INABIOEC_MECN-DP/00002/MECN-DP_2996_1578671607_tn.jpg,https://localhost/bndb/imagelib/INABIOEC_MECN-DP/00002/MECN-DP_2996_1578671607.jpg,http://creativecommons.org/licenses/by-nc/4.0/,"Gobierno del Ecuador- INABIO",,"CC BY-NC-SA (Attribution-NonCommercial-ShareAlike)","Sin fines de lucro","Hemigrammus ocellifer",,urn:uuid:daa5b4da-0c53-4d59-8add-037f8e6edc1d,"2022-04-15 17:45:21",image/jpeg,https://localhost/bndb/collections/individual/index.php?occid=679526,StillImage,Photograph,en
679527,https://localhost/bndb/imagelib/INABIOEC_MECN-DP/00002/MECN-DP_2997_1578671643_lg.jpg,https://localhost/bndb/imagelib/INABIOEC_MECN-DP/00002/MECN-DP_2997_1578671643_lg.jpg,https://localhost/bndb/imagelib/INABIOEC_MECN-DP/00002/MECN-DP_2997_1578671643_tn.jpg,https://localhost/bndb/imagelib/INABIOEC_MECN-DP/00002/MECN-DP_2997_1578671643.jpg,http://creativecommons.org/licenses/by-nc/4.0/,"Gobierno del Ecuador- INABIO",,"CC BY-NC-SA (Attribution-NonCommercial-ShareAlike)","Sin fines de lucro","Serrasalmus rhombeus",,urn:uuid:caceb610-63ae-448e-b3db-adae266c02af,"2022-04-15 17:45:21",image/jpeg,https://localhost/bndb/collections/individual/index.php?occid=679527,StillImage,Photograph,en
679528,https://localhost/bndb/imagelib/INABIOEC_MECN-DP/00002/MECN-DP_2998_1578671698_lg.jpg,https://localhost/bndb/imagelib/INABIOEC_MECN-DP/00002/MECN-DP_2998_1578671698_lg.jpg,https://localhost/bndb/imagelib/INABIOEC_MECN-DP/00002/MECN-DP_2998_1578671698_tn.jpg,https://localhost/bndb/imagelib/INABIOEC_MECN-DP/00002/MECN-DP_2998_1578671698.jpg,http://creativecommons.org/licenses/by-nc/4.0/,"Gobierno del Ecuador- INABIO",,"CC BY-NC-SA (Attribution-NonCommercial-ShareAlike)","Sin fines de lucro","Gymnocorymbus thayeri",,urn:uuid:6b81800a-c5e9-444c-8dc0-8a7f54a41a8d,"2022-04-15 17:45:21",image/jpeg,https://localhost/bndb/collections/individual/index.php?occid=679528,StillImage,Photograph,en
679529,https://localhost/bndb/imagelib/INABIOEC_MECN-DP/00002/MECN-DP_2999_1578671758_lg.jpg,https://localhost/bndb/imagelib/INABIOEC_MECN-DP/00002/MECN-DP_2999_1578671758_lg.jpg,https://localhost/bndb/imagelib/INABIOEC_MECN-DP/00002/MECN-DP_2999_1578671758_tn.jpg,https://localhost/bndb/imagelib/INABIOEC_MECN-DP/00002/MECN-DP_2999_1578671758.jpg,http://creativecommons.org/licenses/by-nc/4.0/,"Gobierno del Ecuador- INABIO",,"CC BY-NC-SA (Attribution-NonCommercial-ShareAlike)","Sin fines de lucro","Ctenobrycon hauxwellianus",,urn:uuid:dcaf7b4f-f389-4317-af86-09250fc96470,"2022-04-15 17:45:21",image/jpeg,https://localhost/bndb/collections/individual/index.php?occid=679529,StillImage,Photograph,en
679533,https://localhost/bndb/imagelib/INABIOEC_MECN-DP/00003/MECN-DP_3000_1578671914_lg.jpg,https://localhost/bndb/imagelib/INABIOEC_MECN-DP/00003/MECN-DP_3000_1578671914_lg.jpg,https://localhost/bndb/imagelib/INABIOEC_MECN-DP/00003/MECN-DP_3000_1578671914_tn.jpg,https://localhost/bndb/imagelib/INABIOEC_MECN-DP/00003/MECN-DP_3000_1578671914.jpg,http://creativecommons.org/licenses/by-nc/4.0/,"Gobierno del Ecuador- INABIO",,"CC BY-NC-SA (Attribution-NonCommercial-ShareAlike)","Sin fines de lucro","Hemigrammus lunatus",,urn:uuid:61dd61e7-977a-481e-a81e-bab44b1ae7ec,"2022-04-15 17:45:21",image/jpeg,https://localhost/bndb/collections/individual/index.php?occid=679533,StillImage,Photograph,en
679534,https://localhost/bndb/imagelib/INABIOEC_MECN-DP/00003/MECN-DP_3001_1578672010_lg.jpg,https://localhost/bndb/imagelib/INABIOEC_MECN-DP/00003/MECN-DP_3001_1578672010_lg.jpg,https://localhost/bndb/imagelib/INABIOEC_MECN-DP/00003/MECN-DP_3001_1578672010_tn.jpg,https://localhost/bndb/imagelib/INABIOEC_MECN-DP/00003/MECN-DP_3001_1578672010.jpg,http://creativecommons.org/licenses/by-nc/4.0/,"Gobierno del Ecuador- INABIO",,"CC BY-NC-SA (Attribution-NonCommercial-ShareAlike)","Sin fines de lucro","Moenkhausia aff. copei",,urn:uuid:3b218e72-14a6-4440-95ed-d6b73de786be,"2022-04-15 17:45:21",image/jpeg,https://localhost/bndb/collections/individual/index.php?occid=679534,StillImage,Photograph,en
679539,https://localhost/bndb/imagelib/INABIOEC_MECN-DP/00003/MECN-DP_3006_1578672125_lg.jpg,https://localhost/bndb/imagelib/INABIOEC_MECN-DP/00003/MECN-DP_3006_1578672125_lg.jpg,https://localhost/bndb/imagelib/INABIOEC_MECN-DP/00003/MECN-DP_3006_1578672125_tn.jpg,https://localhost/bndb/imagelib/INABIOEC_MECN-DP/00003/MECN-DP_3006_1578672125.jpg,http://creativecommons.org/licenses/by-nc/4.0/,"Gobierno del Ecuador- INABIO",,"CC BY-NC-SA (Attribution-NonCommercial-ShareAlike)","Sin fines de lucro","Chaetobranchus flavescens",,urn:uuid:c6f02e3c-f6c4-459b-8751-bee586387486,"2022-04-15 17:45:21",image/jpeg,https://localhost/bndb/collections/individual/index.php?occid=679539,StillImage,Photograph,en
679540,https://localhost/bndb/imagelib/INABIOEC_MECN-DP/00003/MECN-DP_3007_1578672581_lg.jpg,https://localhost/bndb/imagelib/INABIOEC_MECN-DP/00003/MECN-DP_3007_1578672581_lg.jpg,https://localhost/bndb/imagelib/INABIOEC_MECN-DP/00003/MECN-DP_3007_1578672581_tn.jpg,https://localhost/bndb/imagelib/INABIOEC_MECN-DP/00003/MECN-DP_3007_1578672581.jpg,http://creativecommons.org/licenses/by-nc/4.0/,"Gobierno del Ecuador- INABIO",,"CC BY-NC-SA (Attribution-NonCommercial-ShareAlike)","Sin fines de lucro","Serrasalmus elongatus",,urn:uuid:93e52c68-d7da-43ba-a1c1-a7866c3309bb,"2022-04-15 17:45:21",image/jpeg,https://localhost/bndb/collections/individual/index.php?occid=679540,StillImage,Photograph,en
679541,https://localhost/bndb/imagelib/INABIOEC_MECN-DP/00003/MECN-DP_3008_1578672620_lg.jpg,https://localhost/bndb/imagelib/INABIOEC_MECN-DP/00003/MECN-DP_3008_1578672620_lg.jpg,https://localhost/bndb/imagelib/INABIOEC_MECN-DP/00003/MECN-DP_3008_1578672620_tn.jpg,https://localhost/bndb/imagelib/INABIOEC_MECN-DP/00003/MECN-DP_3008_1578672620.jpg,http://creativecommons.org/licenses/by-nc/4.0/,"Gobierno del Ecuador- INABIO",,"CC BY-NC-SA (Attribution-NonCommercial-ShareAlike)","Sin fines de lucro","Satanoperca jurupari",,urn:uuid:69d6fb05-4b4a-456b-b6b2-202390c82dae,"2022-04-15 17:45:21",image/jpeg,https://localhost/bndb/collections/individual/index.php?occid=679541,StillImage,Photograph,en
679542,https://localhost/bndb/imagelib/INABIOEC_MECN-DP/00003/MECN-DP_3009_1578672662_lg.jpg,https://localhost/bndb/imagelib/INABIOEC_MECN-DP/00003/MECN-DP_3009_1578672662_lg.jpg,https://localhost/bndb/imagelib/INABIOEC_MECN-DP/00003/MECN-DP_3009_1578672662_tn.jpg,https://localhost/bndb/imagelib/INABIOEC_MECN-DP/00003/MECN-DP_3009_1578672662.jpg,http://creativecommons.org/licenses/by-nc/4.0/,"Gobierno del Ecuador- INABIO",,"CC BY-NC-SA (Attribution-NonCommercial-ShareAlike)","Sin fines de lucro","Serrasalmus spilopleura",,urn:uuid:bc4af546-1572-4638-8790-63e6ffffa0e3,"2022-04-15 17:45:21",image/jpeg,https://localhost/bndb/collections/individual/index.php?occid=679542,StillImage,Photograph,en
679544,https://localhost/bndb/imagelib/INABIOEC_MECN-DP/00003/MECN-DP_3010_1578672726_lg.jpg,https://localhost/bndb/imagelib/INABIOEC_MECN-DP/00003/MECN-DP_3010_1578672726_lg.jpg,https://localhost/bndb/imagelib/INABIOEC_MECN-DP/00003/MECN-DP_3010_1578672726_tn.jpg,https://localhost/bndb/imagelib/INABIOEC_MECN-DP/00003/MECN-DP_3010_1578672726.jpg,http://creativecommons.org/licenses/by-nc/4.0/,"Gobierno del Ecuador- INABIO",,"CC BY-NC-SA (Attribution-NonCommercial-ShareAlike)","Sin fines de lucro","Hyphessobrycon copelandi",,urn:uuid:72feb177-e1dc-4795-a99e-586d7ac4084d,"2022-04-15 17:45:21",image/jpeg,https://localhost/bndb/collections/individual/index.php?occid=679544,StillImage,Photograph,en
679545,https://localhost/bndb/imagelib/INABIOEC_MECN-DP/00003/MECN-DP_3011_1578672890_lg.jpg,https://localhost/bndb/imagelib/INABIOEC_MECN-DP/00003/MECN-DP_3011_1578672890_lg.jpg,https://localhost/bndb/imagelib/INABIOEC_MECN-DP/00003/MECN-DP_3011_1578672890_tn.jpg,https://localhost/bndb/imagelib/INABIOEC_MECN-DP/00003/MECN-DP_3011_1578672890.jpg,http://creativecommons.org/licenses/by-nc/4.0/,"Gobierno del Ecuador- INABIO",,"CC BY-NC-SA (Attribution-NonCommercial-ShareAlike)","Sin fines de lucro","Crenicichla anthurus",,urn:uuid:8f456815-d318-48ed-8273-1391cfe948a7,"2022-04-15 17:45:21",image/jpeg,https://localhost/bndb/collections/individual/index.php?occid=679545,StillImage,Photograph,en
679546,https://localhost/bndb/imagelib/INABIOEC_MECN-DP/00003/MECN-DP_3012_1578673036_lg.jpg,https://localhost/bndb/imagelib/INABIOEC_MECN-DP/00003/MECN-DP_3012_1578673036_lg.jpg,https://localhost/bndb/imagelib/INABIOEC_MECN-DP/00003/MECN-DP_3012_1578673036_tn.jpg,https://localhost/bndb/imagelib/INABIOEC_MECN-DP/00003/MECN-DP_3012_1578673036.jpg,http://creativecommons.org/licenses/by-nc/4.0/,"Gobierno del Ecuador- INABIO",,"CC BY-NC-SA (Attribution-NonCommercial-ShareAlike)","Sin fines de lucro","Prochilodus nigricans",,urn:uuid:5254b058-c50b-4e3b-bf9d-cc78bfbd38fa,"2022-04-15 17:45:21",image/jpeg,https://localhost/bndb/collections/individual/index.php?occid=679546,StillImage,Photograph,en
679547,https://localhost/bndb/imagelib/INABIOEC_MECN-DP/00003/MECN-DP_3013_1578673238_lg.jpg,https://localhost/bndb/imagelib/INABIOEC_MECN-DP/00003/MECN-DP_3013_1578673238_lg.jpg,https://localhost/bndb/imagelib/INABIOEC_MECN-DP/00003/MECN-DP_3013_1578673238_tn.jpg,https://localhost/bndb/imagelib/INABIOEC_MECN-DP/00003/MECN-DP_3013_1578673238.jpg,http://creativecommons.org/licenses/by-nc/4.0/,"Gobierno del Ecuador- INABIO",,"CC BY-NC-SA (Attribution-NonCommercial-ShareAlike)","Sin fines de lucro","Curimatopsis macrolepis",,urn:uuid:fb38eb1a-2a68-4aca-9d83-b2bbe257b4f4,"2022-04-15 17:45:21",image/jpeg,https://localhost/bndb/collections/individual/index.php?occid=679547,StillImage,Photograph,en
679548,https://localhost/bndb/imagelib/INABIOEC_MECN-DP/00003/MECN-DP_3014_1578673287_lg.jpg,https://localhost/bndb/imagelib/INABIOEC_MECN-DP/00003/MECN-DP_3014_1578673287_lg.jpg,https://localhost/bndb/imagelib/INABIOEC_MECN-DP/00003/MECN-DP_3014_1578673287_tn.jpg,https://localhost/bndb/imagelib/INABIOEC_MECN-DP/00003/MECN-DP_3014_1578673287.jpg,http://creativecommons.org/licenses/by-nc/4.0/,"Gobierno del Ecuador- INABIO",,"CC BY-NC-SA (Attribution-NonCommercial-ShareAlike)","Sin fines de lucro","Hyphessobrycon bentosi",,urn:uuid:1de0cd8b-bbdb-40d1-8f09-051fdfbd032b,"2022-04-15 17:45:21",image/jpeg,https://localhost/bndb/collections/individual/index.php?occid=679548,StillImage,Photograph,en
679549,https://localhost/bndb/imagelib/INABIOEC_MECN-DP/00003/MECN-DP_3015_1578673363_lg.jpg,https://localhost/bndb/imagelib/INABIOEC_MECN-DP/00003/MECN-DP_3015_1578673363_lg.jpg,https://localhost/bndb/imagelib/INABIOEC_MECN-DP/00003/MECN-DP_3015_1578673363_tn.jpg,https://localhost/bndb/imagelib/INABIOEC_MECN-DP/00003/MECN-DP_3015_1578673363.jpg,http://creativecommons.org/licenses/by-nc/4.0/,"Gobierno del Ecuador- INABIO",,"CC BY-NC-SA (Attribution-NonCommercial-ShareAlike)","Sin fines de lucro","Characidium sp.",,urn:uuid:56c9ed8c-0733-4bcb-b8cf-9195e62fec04,"2022-04-15 17:45:21",image/jpeg,https://localhost/bndb/collections/individual/index.php?occid=679549,StillImage,Photograph,en
679550,https://localhost/bndb/imagelib/INABIOEC_MECN-DP/00003/MECN-DP_3016_1578673397_lg.jpg,https://localhost/bndb/imagelib/INABIOEC_MECN-DP/00003/MECN-DP_3016_1578673397_lg.jpg,https://localhost/bndb/imagelib/INABIOEC_MECN-DP/00003/MECN-DP_3016_1578673397_tn.jpg,https://localhost/bndb/imagelib/INABIOEC_MECN-DP/00003/MECN-DP_3016_1578673397.jpg,http://creativecommons.org/licenses/by-nc/4.0/,"Gobierno del Ecuador- INABIO",,"CC BY-NC-SA (Attribution-NonCommercial-ShareAlike)","Sin fines de lucro","Crenicichla anthurus",,urn:uuid:ec593678-667c-41f6-8d71-1dfba2e1b2ae,"2022-04-15 17:45:21",image/jpeg,https://localhost/bndb/collections/individual/index.php?occid=679550,StillImage,Photograph,en
679551,https://localhost/bndb/imagelib/INABIOEC_MECN-DP/00003/MECN-DP_3017_1578673806_lg.jpg,https://localhost/bndb/imagelib/INABIOEC_MECN-DP/00003/MECN-DP_3017_1578673806_lg.jpg,https://localhost/bndb/imagelib/INABIOEC_MECN-DP/00003/MECN-DP_3017_1578673806_tn.jpg,https://localhost/bndb/imagelib/INABIOEC_MECN-DP/00003/MECN-DP_3017_1578673806.jpg,http://creativecommons.org/licenses/by-nc/4.0/,"Gobierno del Ecuador- INABIO",,"CC BY-NC-SA (Attribution-NonCommercial-ShareAlike)","Sin fines de lucro","Moenkhausia collettii",,urn:uuid:a7b3da30-1fc0-432a-ad5f-bab06009f012,"2022-04-15 17:45:21",image/jpeg,https://localhost/bndb/collections/individual/index.php?occid=679551,StillImage,Photograph,en
679552,https://localhost/bndb/imagelib/INABIOEC_MECN-DP/00003/MECN-DP_3018_1578673857_lg.jpg,https://localhost/bndb/imagelib/INABIOEC_MECN-DP/00003/MECN-DP_3018_1578673857_lg.jpg,https://localhost/bndb/imagelib/INABIOEC_MECN-DP/00003/MECN-DP_3018_1578673857_tn.jpg,https://localhost/bndb/imagelib/INABIOEC_MECN-DP/00003/MECN-DP_3018_1578673857.jpg,http://creativecommons.org/licenses/by-nc/4.0/,"Gobierno del Ecuador- INABIO",,"CC BY-NC-SA (Attribution-NonCommercial-ShareAlike)","Sin fines de lucro","Astyanax abramis",,urn:uuid:d3f2bf33-a23a-4961-902c-73c15e1a3c3e,"2022-04-15 17:45:21",image/jpeg,https://localhost/bndb/collections/individual/index.php?occid=679552,StillImage,Photograph,en
679553,https://localhost/bndb/imagelib/INABIOEC_MECN-DP/00003/MECN-DP_3019_1578673899_lg.jpg,https://localhost/bndb/imagelib/INABIOEC_MECN-DP/00003/MECN-DP_3019_1578673899_lg.jpg,https://localhost/bndb/imagelib/INABIOEC_MECN-DP/00003/MECN-DP_3019_1578673899_tn.jpg,https://localhost/bndb/imagelib/INABIOEC_MECN-DP/00003/MECN-DP_3019_1578673899.jpg,http://creativecommons.org/licenses/by-nc/4.0/,"Gobierno del Ecuador- INABIO",,"CC BY-NC-SA (Attribution-NonCommercial-ShareAlike)","Sin fines de lucro","Astyanax bimaculatus",,urn:uuid:48981539-71b2-41f4-8422-8cede0941f61,"2022-04-15 17:45:21",image/jpeg,https://localhost/bndb/collections/individual/index.php?occid=679553,StillImage,Photograph,en
679555,https://localhost/bndb/imagelib/INABIOEC_MECN-DP/00003/MECN-DP_3020_1578674144_lg.jpg,https://localhost/bndb/imagelib/INABIOEC_MECN-DP/00003/MECN-DP_3020_1578674144_lg.jpg,https://localhost/bndb/imagelib/INABIOEC_MECN-DP/00003/MECN-DP_3020_1578674144_tn.jpg,https://localhost/bndb/imagelib/INABIOEC_MECN-DP/00003/MECN-DP_3020_1578674144.jpg,http://creativecommons.org/licenses/by-nc/4.0/,"Gobierno del Ecuador- INABIO",,"CC BY-NC-SA (Attribution-NonCommercial-ShareAlike)","Sin fines de lucro","Rivulus sp.",,urn:uuid:0a8b0c55-5b11-4052-aed0-cc18b8d9f878,"2022-04-15 17:45:21",image/jpeg,https://localhost/bndb/collections/individual/index.php?occid=679555,StillImage,Photograph,en
679556,https://localhost/bndb/imagelib/INABIOEC_MECN-DP/00003/MECN-DP_3021_1578674199_lg.jpg,https://localhost/bndb/imagelib/INABIOEC_MECN-DP/00003/MECN-DP_3021_1578674199_lg.jpg,https://localhost/bndb/imagelib/INABIOEC_MECN-DP/00003/MECN-DP_3021_1578674199_tn.jpg,https://localhost/bndb/imagelib/INABIOEC_MECN-DP/00003/MECN-DP_3021_1578674199.jpg,http://creativecommons.org/licenses/by-nc/4.0/,"Gobierno del Ecuador- INABIO",,"CC BY-NC-SA (Attribution-NonCommercial-ShareAlike)","Sin fines de lucro","Charax tectifer",,urn:uuid:6c346909-7d47-49d8-9bc0-c1b5dc912538,"2022-04-15 17:45:21",image/jpeg,https://localhost/bndb/collections/individual/index.php?occid=679556,StillImage,Photograph,en
679557,https://localhost/bndb/imagelib/INABIOEC_MECN-DP/00003/MECN-DP_3022_1578674239_lg.jpg,https://localhost/bndb/imagelib/INABIOEC_MECN-DP/00003/MECN-DP_3022_1578674239_lg.jpg,https://localhost/bndb/imagelib/INABIOEC_MECN-DP/00003/MECN-DP_3022_1578674239_tn.jpg,https://localhost/bndb/imagelib/INABIOEC_MECN-DP/00003/MECN-DP_3022_1578674239.jpg,http://creativecommons.org/licenses/by-nc/4.0/,"Gobierno del Ecuador- INABIO",,"CC BY-NC-SA (Attribution-NonCommercial-ShareAlike)","Sin fines de lucro","Hoplias malabaricus",,urn:uuid:ab88a4e0-2709-4fea-803e-888637d39cf6,"2022-04-15 17:45:21",image/jpeg,https://localhost/bndb/collections/individual/index.php?occid=679557,StillImage,Photograph,en
679558,https://localhost/bndb/imagelib/INABIOEC_MECN-DP/00003/MECN-DP_3023_1578674387_lg.jpg,https://localhost/bndb/imagelib/INABIOEC_MECN-DP/00003/MECN-DP_3023_1578674387_lg.jpg,https://localhost/bndb/imagelib/INABIOEC_MECN-DP/00003/MECN-DP_3023_1578674387_tn.jpg,https://localhost/bndb/imagelib/INABIOEC_MECN-DP/00003/MECN-DP_3023_1578674387.jpg,http://creativecommons.org/licenses/by-nc/4.0/,"Gobierno del Ecuador- INABIO",,"CC BY-NC-SA (Attribution-NonCommercial-ShareAlike)","Sin fines de lucro","Pariolius armillatus",,urn:uuid:2b37604a-2d51-4236-8cb5-b1123ea167d5,"2022-04-15 17:45:21",image/jpeg,https://localhost/bndb/collections/individual/index.php?occid=679558,StillImage,Photograph,en
679559,https://localhost/bndb/imagelib/INABIOEC_MECN-DP/00003/MECN-DP_3024_1578674437_lg.jpg,https://localhost/bndb/imagelib/INABIOEC_MECN-DP/00003/MECN-DP_3024_1578674437_lg.jpg,https://localhost/bndb/imagelib/INABIOEC_MECN-DP/00003/MECN-DP_3024_1578674437_tn.jpg,https://localhost/bndb/imagelib/INABIOEC_MECN-DP/00003/MECN-DP_3024_1578674437.jpg,http://creativecommons.org/licenses/by-nc/4.0/,"Gobierno del Ecuador- INABIO",,"CC BY-NC-SA (Attribution-NonCommercial-ShareAlike)","Sin fines de lucro","Corydoras stenocephalus",,urn:uuid:55849941-bf1b-47a5-b665-606fe30adf26,"2022-04-15 17:45:21",image/jpeg,https://localhost/bndb/collections/individual/index.php?occid=679559,StillImage,Photograph,en
679560,https://localhost/bndb/imagelib/INABIOEC_MECN-DP/00003/MECN-DP_3025_D_1578674582_lg.jpg,https://localhost/bndb/imagelib/INABIOEC_MECN-DP/00003/MECN-DP_3025_D_1578674582_lg.jpg,https://localhost/bndb/imagelib/INABIOEC_MECN-DP/00003/MECN-DP_3025_D_1578674582_tn.jpg,https://localhost/bndb/imagelib/INABIOEC_MECN-DP/00003/MECN-DP_3025_D_1578674582.jpg,http://creativecommons.org/licenses/by-nc/4.0/,"Gobierno del Ecuador- INABIO",,"CC BY-NC-SA (Attribution-NonCommercial-ShareAlike)","Sin fines de lucro","Rineloricaria sp.",,urn:uuid:98941474-ea34-4fcb-9b73-5e14d465e5f6,"2022-04-15 17:45:21",image/jpeg,https://localhost/bndb/collections/individual/index.php?occid=679560,StillImage,Photograph,en
679560,https://localhost/bndb/imagelib/INABIOEC_MECN-DP/00003/MECN-DP_3025_1578674605_lg.jpg,https://localhost/bndb/imagelib/INABIOEC_MECN-DP/00003/MECN-DP_3025_1578674605_lg.jpg,https://localhost/bndb/imagelib/INABIOEC_MECN-DP/00003/MECN-DP_3025_1578674605_tn.jpg,https://localhost/bndb/imagelib/INABIOEC_MECN-DP/00003/MECN-DP_3025_1578674605.jpg,http://creativecommons.org/licenses/by-nc/4.0/,"Gobierno del Ecuador- INABIO",,"CC BY-NC-SA (Attribution-NonCommercial-ShareAlike)","Sin fines de lucro","Rineloricaria sp.",,urn:uuid:af91c97e-5688-4abe-90ad-a7445a0f3a2f,"2022-04-15 17:45:21",image/jpeg,https://localhost/bndb/collections/individual/index.php?occid=679560,StillImage,Photograph,en
679561,https://localhost/bndb/imagelib/INABIOEC_MECN-DP/00003/MECN-DP_3026_1578674665_lg.jpg,https://localhost/bndb/imagelib/INABIOEC_MECN-DP/00003/MECN-DP_3026_1578674665_lg.jpg,https://localhost/bndb/imagelib/INABIOEC_MECN-DP/00003/MECN-DP_3026_1578674665_tn.jpg,https://localhost/bndb/imagelib/INABIOEC_MECN-DP/00003/MECN-DP_3026_1578674665.jpg,http://creativecommons.org/licenses/by-nc/4.0/,"Gobierno del Ecuador- INABIO",,"CC BY-NC-SA (Attribution-NonCommercial-ShareAlike)","Sin fines de lucro","Pyrrhulina cf. laeta",,urn:uuid:59de79bb-3449-4465-bbfd-b02bd04cf9f8,"2022-04-15 17:45:21",image/jpeg,https://localhost/bndb/collections/individual/index.php?occid=679561,StillImage,Photograph,en
679562,https://localhost/bndb/imagelib/INABIOEC_MECN-DP/00003/MECN-DP_3027_1578674791_lg.jpg,https://localhost/bndb/imagelib/INABIOEC_MECN-DP/00003/MECN-DP_3027_1578674791_lg.jpg,https://localhost/bndb/imagelib/INABIOEC_MECN-DP/00003/MECN-DP_3027_1578674791_tn.jpg,https://localhost/bndb/imagelib/INABIOEC_MECN-DP/00003/MECN-DP_3027_1578674791.jpg,http://creativecommons.org/licenses/by-nc/4.0/,"Gobierno del Ecuador- INABIO",,"CC BY-NC-SA (Attribution-NonCommercial-ShareAlike)","Sin fines de lucro","Hemigrammus analis",,urn:uuid:d473e575-6904-4e66-8656-2e25f489d430,"2022-04-15 17:45:21",image/jpeg,https://localhost/bndb/collections/individual/index.php?occid=679562,StillImage,Photograph,en
679563,https://localhost/bndb/imagelib/INABIOEC_MECN-DP/00003/MECN-DP_3028_D_1578674840_lg.jpg,https://localhost/bndb/imagelib/INABIOEC_MECN-DP/00003/MECN-DP_3028_D_1578674840_lg.jpg,https://localhost/bndb/imagelib/INABIOEC_MECN-DP/00003/MECN-DP_3028_D_1578674840_tn.jpg,https://localhost/bndb/imagelib/INABIOEC_MECN-DP/00003/MECN-DP_3028_D_1578674840.jpg,http://creativecommons.org/licenses/by-nc/4.0/,"Gobierno del Ecuador- INABIO",,"CC BY-NC-SA (Attribution-NonCommercial-ShareAlike)","Sin fines de lucro","Amblydoras hancockii",,urn:uuid:300ed66e-3f43-4493-96c4-d18bb35d5290,"2022-04-15 17:45:21",image/jpeg,https://localhost/bndb/collections/individual/index.php?occid=679563,StillImage,Photograph,en
679563,https://localhost/bndb/imagelib/INABIOEC_MECN-DP/00003/MECN-DP_3028_L_1578674867_lg.jpg,https://localhost/bndb/imagelib/INABIOEC_MECN-DP/00003/MECN-DP_3028_L_1578674867_lg.jpg,https://localhost/bndb/imagelib/INABIOEC_MECN-DP/00003/MECN-DP_3028_L_1578674867_tn.jpg,https://localhost/bndb/imagelib/INABIOEC_MECN-DP/00003/MECN-DP_3028_L_1578674867.jpg,http://creativecommons.org/licenses/by-nc/4.0/,"Gobierno del Ecuador- INABIO",,"CC BY-NC-SA (Attribution-NonCommercial-ShareAlike)","Sin fines de lucro","Amblydoras hancockii",,urn:uuid:d1e3365d-f3bc-4423-8f07-3a555e8f1ff8,"2022-04-15 17:45:21",image/jpeg,https://localhost/bndb/collections/individual/index.php?occid=679563,StillImage,Photograph,en
679564,https://localhost/bndb/imagelib/INABIOEC_MECN-DP/00003/MECN-DP_3029_D_1578674915_lg.jpg,https://localhost/bndb/imagelib/INABIOEC_MECN-DP/00003/MECN-DP_3029_D_1578674915_lg.jpg,https://localhost/bndb/imagelib/INABIOEC_MECN-DP/00003/MECN-DP_3029_D_1578674915_tn.jpg,https://localhost/bndb/imagelib/INABIOEC_MECN-DP/00003/MECN-DP_3029_D_1578674915.jpg,http://creativecommons.org/licenses/by-nc/4.0/,"Gobierno del Ecuador- INABIO",,"CC BY-NC-SA (Attribution-NonCommercial-ShareAlike)","Sin fines de lucro","Tatia intermedia",,urn:uuid:cc0ec866-cc92-43fc-8f91-3bf3ef273baf,"2022-04-15 17:45:21",image/jpeg,https://localhost/bndb/collections/individual/index.php?occid=679564,StillImage,Photograph,en
679564,https://localhost/bndb/imagelib/INABIOEC_MECN-DP/00003/MECN-DP_3029_L_1578674942_lg.jpg,https://localhost/bndb/imagelib/INABIOEC_MECN-DP/00003/MECN-DP_3029_L_1578674942_lg.jpg,https://localhost/bndb/imagelib/INABIOEC_MECN-DP/00003/MECN-DP_3029_L_1578674942_tn.jpg,https://localhost/bndb/imagelib/INABIOEC_MECN-DP/00003/MECN-DP_3029_L_1578674942.jpg,http://creativecommons.org/licenses/by-nc/4.0/,"Gobierno del Ecuador- INABIO",,"CC BY-NC-SA (Attribution-NonCommercial-ShareAlike)","Sin fines de lucro","Tatia intermedia",,urn:uuid:7c420403-796c-476c-a09a-d7f990002a16,"2022-04-15 17:45:21",image/jpeg,https://localhost/bndb/collections/individual/index.php?occid=679564,StillImage,Photograph,en
679566,https://localhost/bndb/imagelib/INABIOEC_MECN-DP/00003/MECN-DP_3030_D_1578675003_lg.jpg,https://localhost/bndb/imagelib/INABIOEC_MECN-DP/00003/MECN-DP_3030_D_1578675003_lg.jpg,https://localhost/bndb/imagelib/INABIOEC_MECN-DP/00003/MECN-DP_3030_D_1578675003_tn.jpg,https://localhost/bndb/imagelib/INABIOEC_MECN-DP/00003/MECN-DP_3030_D_1578675003.jpg,http://creativecommons.org/licenses/by-nc/4.0/,"Gobierno del Ecuador- INABIO",,"CC BY-NC-SA (Attribution-NonCommercial-ShareAlike)","Sin fines de lucro","Trachelyopterus  sp.",,urn:uuid:2ccf50ab-2ca2-472d-b26d-7ac22972bce2,"2022-04-15 17:45:21",image/jpeg,https://localhost/bndb/collections/individual/index.php?occid=679566,StillImage,Photograph,en
679566,https://localhost/bndb/imagelib/INABIOEC_MECN-DP/00003/MECN-DP_3030_V_1578675028_lg.jpg,https://localhost/bndb/imagelib/INABIOEC_MECN-DP/00003/MECN-DP_3030_V_1578675028_lg.jpg,https://localhost/bndb/imagelib/INABIOEC_MECN-DP/00003/MECN-DP_3030_V_1578675028_tn.jpg,https://localhost/bndb/imagelib/INABIOEC_MECN-DP/00003/MECN-DP_3030_V_1578675028.jpg,http://creativecommons.org/licenses/by-nc/4.0/,"Gobierno del Ecuador- INABIO",,"CC BY-NC-SA (Attribution-NonCommercial-ShareAlike)","Sin fines de lucro",Trachelyopterus sp.,,urn:uuid:6c7d387f-a133-4569-9c58-33e5bd3898d2,"2022-04-15 17:45:21",image/jpeg,https://localhost/bndb/collections/individual/index.php?occid=679566,StillImage,Photograph,en
679567,https://localhost/bndb/imagelib/INABIOEC_MECN-DP/00003/MECN-DP_3031_1578675177_lg.jpg,https://localhost/bndb/imagelib/INABIOEC_MECN-DP/00003/MECN-DP_3031_1578675177_lg.jpg,https://localhost/bndb/imagelib/INABIOEC_MECN-DP/00003/MECN-DP_3031_1578675177_tn.jpg,https://localhost/bndb/imagelib/INABIOEC_MECN-DP/00003/MECN-DP_3031_1578675177.jpg,http://creativecommons.org/licenses/by-nc/4.0/,"Gobierno del Ecuador- INABIO",,"CC BY-NC-SA (Attribution-NonCommercial-ShareAlike)","Sin fines de lucro","Hemigrammus sp.",,urn:uuid:35f4c109-0bf3-4c01-98f2-176998e66582,"2022-04-15 17:45:21",image/jpeg,https://localhost/bndb/collections/individual/index.php?occid=679567,StillImage,Photograph,en
679568,https://localhost/bndb/imagelib/INABIOEC_MECN-DP/00003/MECN-DP_3032_1578675250_lg.jpg,https://localhost/bndb/imagelib/INABIOEC_MECN-DP/00003/MECN-DP_3032_1578675250_lg.jpg,https://localhost/bndb/imagelib/INABIOEC_MECN-DP/00003/MECN-DP_3032_1578675250_tn.jpg,https://localhost/bndb/imagelib/INABIOEC_MECN-DP/00003/MECN-DP_3032_1578675250.jpg,http://creativecommons.org/licenses/by-nc/4.0/,"Gobierno del Ecuador- INABIO",,"CC BY-NC-SA (Attribution-NonCommercial-ShareAlike)","Sin fines de lucro","Moenkhausia oligolepis",,urn:uuid:afd84e75-9d69-4e58-8a29-474a87d651ed,"2022-04-15 17:45:21",image/jpeg,https://localhost/bndb/collections/individual/index.php?occid=679568,StillImage,Photograph,en
679569,https://localhost/bndb/imagelib/INABIOEC_MECN-DP/00003/MECN-DP_3033_1578675288_lg.jpg,https://localhost/bndb/imagelib/INABIOEC_MECN-DP/00003/MECN-DP_3033_1578675288_lg.jpg,https://localhost/bndb/imagelib/INABIOEC_MECN-DP/00003/MECN-DP_3033_1578675288_tn.jpg,https://localhost/bndb/imagelib/INABIOEC_MECN-DP/00003/MECN-DP_3033_1578675288.jpg,http://creativecommons.org/licenses/by-nc/4.0/,"Gobierno del Ecuador- INABIO",,"CC BY-NC-SA (Attribution-NonCommercial-ShareAlike)","Sin fines de lucro","Moenkhausia lepidura",,urn:uuid:90bd4d1a-eff8-4fe3-aeb3-97d999886311,"2022-04-15 17:45:21",image/jpeg,https://localhost/bndb/collections/individual/index.php?occid=679569,StillImage,Photograph,en
679570,https://localhost/bndb/imagelib/INABIOEC_MECN-DP/00003/MECN-DP_3034_1578675337_lg.jpg,https://localhost/bndb/imagelib/INABIOEC_MECN-DP/00003/MECN-DP_3034_1578675337_lg.jpg,https://localhost/bndb/imagelib/INABIOEC_MECN-DP/00003/MECN-DP_3034_1578675337_tn.jpg,https://localhost/bndb/imagelib/INABIOEC_MECN-DP/00003/MECN-DP_3034_1578675337.jpg,http://creativecommons.org/licenses/by-nc/4.0/,"Gobierno del Ecuador- INABIO",,"CC BY-NC-SA (Attribution-NonCommercial-ShareAlike)","Sin fines de lucro","Bryconops sp.",,urn:uuid:4d100d99-f1f5-48ff-abf0-a68c5ed7c469,"2022-04-15 17:45:21",image/jpeg,https://localhost/bndb/collections/individual/index.php?occid=679570,StillImage,Photograph,en
679571,https://localhost/bndb/imagelib/INABIOEC_MECN-DP/00003/MECN-DP_3035_1578675378_lg.jpg,https://localhost/bndb/imagelib/INABIOEC_MECN-DP/00003/MECN-DP_3035_1578675378_lg.jpg,https://localhost/bndb/imagelib/INABIOEC_MECN-DP/00003/MECN-DP_3035_1578675378_tn.jpg,https://localhost/bndb/imagelib/INABIOEC_MECN-DP/00003/MECN-DP_3035_1578675378.jpg,http://creativecommons.org/licenses/by-nc/4.0/,"Gobierno del Ecuador- INABIO",,"CC BY-NC-SA (Attribution-NonCommercial-ShareAlike)","Sin fines de lucro","Moenkhausia dichroura",,urn:uuid:f0fd4d2d-371e-4fea-88c2-89cd8ebb0265,"2022-04-15 17:45:21",image/jpeg,https://localhost/bndb/collections/individual/index.php?occid=679571,StillImage,Photograph,en
679572,https://localhost/bndb/imagelib/INABIOEC_MECN-DP/00003/MECN-DP_3036_1578675463_lg.jpg,https://localhost/bndb/imagelib/INABIOEC_MECN-DP/00003/MECN-DP_3036_1578675463_lg.jpg,https://localhost/bndb/imagelib/INABIOEC_MECN-DP/00003/MECN-DP_3036_1578675463_tn.jpg,https://localhost/bndb/imagelib/INABIOEC_MECN-DP/00003/MECN-DP_3036_1578675463.jpg,http://creativecommons.org/licenses/by-nc/4.0/,"Gobierno del Ecuador- INABIO",,"CC BY-NC-SA (Attribution-NonCommercial-ShareAlike)","Sin fines de lucro","Acestrorhynchus microlepis",,urn:uuid:fede5bbc-d073-4810-9a48-2db4b0435c84,"2022-04-15 17:45:21",image/jpeg,https://localhost/bndb/collections/individual/index.php?occid=679572,StillImage,Photograph,en
679573,https://localhost/bndb/imagelib/INABIOEC_MECN-DP/00003/MECN-DP_3037_1578675499_lg.jpg,https://localhost/bndb/imagelib/INABIOEC_MECN-DP/00003/MECN-DP_3037_1578675499_lg.jpg,https://localhost/bndb/imagelib/INABIOEC_MECN-DP/00003/MECN-DP_3037_1578675499_tn.jpg,https://localhost/bndb/imagelib/INABIOEC_MECN-DP/00003/MECN-DP_3037_1578675499.jpg,http://creativecommons.org/licenses/by-nc/4.0/,"Gobierno del Ecuador- INABIO",,"CC BY-NC-SA (Attribution-NonCommercial-ShareAlike)","Sin fines de lucro","Carnegiella myersi",,urn:uuid:78a96f78-47a5-48f3-b04a-e5e71948ce88,"2022-04-15 17:45:21",image/jpeg,https://localhost/bndb/collections/individual/index.php?occid=679573,StillImage,Photograph,en
679574,https://localhost/bndb/imagelib/INABIOEC_MECN-DP/00003/MECN-DP_3038_1578675566_lg.jpg,https://localhost/bndb/imagelib/INABIOEC_MECN-DP/00003/MECN-DP_3038_1578675566_lg.jpg,https://localhost/bndb/imagelib/INABIOEC_MECN-DP/00003/MECN-DP_3038_1578675566_tn.jpg,https://localhost/bndb/imagelib/INABIOEC_MECN-DP/00003/MECN-DP_3038_1578675566.jpg,http://creativecommons.org/licenses/by-nc/4.0/,"Gobierno del Ecuador- INABIO",,"CC BY-NC-SA (Attribution-NonCommercial-ShareAlike)","Sin fines de lucro","Hoplias malabaricus",,urn:uuid:c9cb33ac-b198-4312-82dd-f3286de85a53,"2022-04-15 17:45:21",image/jpeg,https://localhost/bndb/collections/individual/index.php?occid=679574,StillImage,Photograph,en
679575,https://localhost/bndb/imagelib/INABIOEC_MECN-DP/00003/MECN-DP_3039_1578675758_lg.jpg,https://localhost/bndb/imagelib/INABIOEC_MECN-DP/00003/MECN-DP_3039_1578675758_lg.jpg,https://localhost/bndb/imagelib/INABIOEC_MECN-DP/00003/MECN-DP_3039_1578675758_tn.jpg,https://localhost/bndb/imagelib/INABIOEC_MECN-DP/00003/MECN-DP_3039_1578675758.jpg,http://creativecommons.org/licenses/by-nc/4.0/,"Gobierno del Ecuador- INABIO",,"CC BY-NC-SA (Attribution-NonCommercial-ShareAlike)","Sin fines de lucro","Crenicichla anthurus",,urn:uuid:2eeab8bf-13c9-405c-a799-8b4b83d97f29,"2022-04-15 17:45:21",image/jpeg,https://localhost/bndb/collections/individual/index.php?occid=679575,StillImage,Photograph,en
679579,https://localhost/bndb/imagelib/INABIOEC_MECN-DP/00003/MECN-DP_3042_1578683345_lg.jpg,https://localhost/bndb/imagelib/INABIOEC_MECN-DP/00003/MECN-DP_3042_1578683345_lg.jpg,https://localhost/bndb/imagelib/INABIOEC_MECN-DP/00003/MECN-DP_3042_1578683345_tn.jpg,https://localhost/bndb/imagelib/INABIOEC_MECN-DP/00003/MECN-DP_3042_1578683345.jpg,http://creativecommons.org/licenses/by-nc/4.0/,"Gobierno del Ecuador- INABIO",,"CC BY-NC-SA (Attribution-NonCommercial-ShareAlike)","Sin fines de lucro","Mesonauta insignis",,urn:uuid:dc178d10-d18c-458a-8eba-9a3368ec728f,"2022-04-15 17:45:21",image/jpeg,https://localhost/bndb/collections/individual/index.php?occid=679579,StillImage,Photograph,en
679580,https://localhost/bndb/imagelib/INABIOEC_MECN-DP/00003/MECN-DP_3043_1578683458_lg.jpg,https://localhost/bndb/imagelib/INABIOEC_MECN-DP/00003/MECN-DP_3043_1578683458_lg.jpg,https://localhost/bndb/imagelib/INABIOEC_MECN-DP/00003/MECN-DP_3043_1578683458_tn.jpg,https://localhost/bndb/imagelib/INABIOEC_MECN-DP/00003/MECN-DP_3043_1578683458.jpg,http://creativecommons.org/licenses/by-nc/4.0/,"Gobierno del Ecuador- INABIO",,"CC BY-NC-SA (Attribution-NonCommercial-ShareAlike)","Sin fines de lucro","Apistogramma bitaeniata",,urn:uuid:0ffc0fb5-c53d-4fd2-a961-34092b7e2310,"2022-04-15 17:45:21",image/jpeg,https://localhost/bndb/collections/individual/index.php?occid=679580,StillImage,Photograph,en
679581,https://localhost/bndb/imagelib/INABIOEC_MECN-DP/00003/MECN-DP_3044_1578683506_lg.jpg,https://localhost/bndb/imagelib/INABIOEC_MECN-DP/00003/MECN-DP_3044_1578683506_lg.jpg,https://localhost/bndb/imagelib/INABIOEC_MECN-DP/00003/MECN-DP_3044_1578683506_tn.jpg,https://localhost/bndb/imagelib/INABIOEC_MECN-DP/00003/MECN-DP_3044_1578683506.jpg,http://creativecommons.org/licenses/by-nc/4.0/,"Gobierno del Ecuador- INABIO",,"CC BY-NC-SA (Attribution-NonCommercial-ShareAlike)","Sin fines de lucro","Heros efasciatus",,urn:uuid:8352ab4d-7fd1-42a3-a475-e1fd5d615f99,"2022-04-15 17:45:21",image/jpeg,https://localhost/bndb/collections/individual/index.php?occid=679581,StillImage,Photograph,en
679582,https://localhost/bndb/imagelib/INABIOEC_MECN-DP/00003/MECN-DP_3045_1578683545_lg.jpg,https://localhost/bndb/imagelib/INABIOEC_MECN-DP/00003/MECN-DP_3045_1578683545_lg.jpg,https://localhost/bndb/imagelib/INABIOEC_MECN-DP/00003/MECN-DP_3045_1578683545_tn.jpg,https://localhost/bndb/imagelib/INABIOEC_MECN-DP/00003/MECN-DP_3045_1578683545.jpg,http://creativecommons.org/licenses/by-nc/4.0/,"Gobierno del Ecuador- INABIO",,"CC BY-NC-SA (Attribution-NonCommercial-ShareAlike)","Sin fines de lucro","Apistogramma cruzi",,urn:uuid:5e95a7e7-ad47-4686-8ff4-598cecd750d7,"2022-04-15 17:45:21",image/jpeg,https://localhost/bndb/collections/individual/index.php?occid=679582,StillImage,Photograph,en
679583,https://localhost/bndb/imagelib/INABIOEC_MECN-DP/00003/MECN-DP_3046_1578683624_lg.jpg,https://localhost/bndb/imagelib/INABIOEC_MECN-DP/00003/MECN-DP_3046_1578683624_lg.jpg,https://localhost/bndb/imagelib/INABIOEC_MECN-DP/00003/MECN-DP_3046_1578683624_tn.jpg,https://localhost/bndb/imagelib/INABIOEC_MECN-DP/00003/MECN-DP_3046_1578683624.jpg,http://creativecommons.org/licenses/by-nc/4.0/,"Gobierno del Ecuador- INABIO",,"CC BY-NC-SA (Attribution-NonCommercial-ShareAlike)","Sin fines de lucro","Creagrutus amoenus",,urn:uuid:a4caa635-70aa-4532-98b7-b13510ea8821,"2022-04-15 17:45:21",image/jpeg,https://localhost/bndb/collections/individual/index.php?occid=679583,StillImage,Photograph,en
679584,https://localhost/bndb/imagelib/INABIOEC_MECN-DP/00003/MECN-DP_3047_1578683668_lg.jpg,https://localhost/bndb/imagelib/INABIOEC_MECN-DP/00003/MECN-DP_3047_1578683668_lg.jpg,https://localhost/bndb/imagelib/INABIOEC_MECN-DP/00003/MECN-DP_3047_1578683668_tn.jpg,https://localhost/bndb/imagelib/INABIOEC_MECN-DP/00003/MECN-DP_3047_1578683668.jpg,http://creativecommons.org/licenses/by-nc/4.0/,"Gobierno del Ecuador- INABIO",,"CC BY-NC-SA (Attribution-NonCommercial-ShareAlike)","Sin fines de lucro","Astyanax sp.",,urn:uuid:e67bd16b-fbd6-4068-9736-b3fcb1df01a3,"2022-04-15 17:45:21",image/jpeg,https://localhost/bndb/collections/individual/index.php?occid=679584,StillImage,Photograph,en
679585,https://localhost/bndb/imagelib/INABIOEC_MECN-DP/00003/MECN-DP_3048_1578683714_lg.jpg,https://localhost/bndb/imagelib/INABIOEC_MECN-DP/00003/MECN-DP_3048_1578683714_lg.jpg,https://localhost/bndb/imagelib/INABIOEC_MECN-DP/00003/MECN-DP_3048_1578683714_tn.jpg,https://localhost/bndb/imagelib/INABIOEC_MECN-DP/00003/MECN-DP_3048_1578683714.jpg,http://creativecommons.org/licenses/by-nc/4.0/,"Gobierno del Ecuador- INABIO",,"CC BY-NC-SA (Attribution-NonCommercial-ShareAlike)","Sin fines de lucro","Hoplias malabaricus",,urn:uuid:b0555c96-95fd-443f-a5bf-f9c883d54a24,"2022-04-15 17:45:21",image/jpeg,https://localhost/bndb/collections/individual/index.php?occid=679585,StillImage,Photograph,en
679586,https://localhost/bndb/imagelib/INABIOEC_MECN-DP/00003/MECN-DP_3049_1578683754_lg.jpg,https://localhost/bndb/imagelib/INABIOEC_MECN-DP/00003/MECN-DP_3049_1578683754_lg.jpg,https://localhost/bndb/imagelib/INABIOEC_MECN-DP/00003/MECN-DP_3049_1578683754_tn.jpg,https://localhost/bndb/imagelib/INABIOEC_MECN-DP/00003/MECN-DP_3049_1578683754.jpg,http://creativecommons.org/licenses/by-nc/4.0/,"Gobierno del Ecuador- INABIO",,"CC BY-NC-SA (Attribution-NonCommercial-ShareAlike)","Sin fines de lucro","Eigenmannia virescens",,urn:uuid:fc5d17a0-44c0-40d2-96e1-6027bb589b2f,"2022-04-15 17:45:21",image/jpeg,https://localhost/bndb/collections/individual/index.php?occid=679586,StillImage,Photograph,en
679588,https://localhost/bndb/imagelib/INABIOEC_MECN-DP/00003/MECN-DP_3050_D_1578683802_lg.jpg,https://localhost/bndb/imagelib/INABIOEC_MECN-DP/00003/MECN-DP_3050_D_1578683802_lg.jpg,https://localhost/bndb/imagelib/INABIOEC_MECN-DP/00003/MECN-DP_3050_D_1578683802_tn.jpg,https://localhost/bndb/imagelib/INABIOEC_MECN-DP/00003/MECN-DP_3050_D_1578683802.jpg,http://creativecommons.org/licenses/by-nc/4.0/,"Gobierno del Ecuador- INABIO",,"CC BY-NC-SA (Attribution-NonCommercial-ShareAlike)","Sin fines de lucro","Amaralia sp.",,urn:uuid:37a8e847-4421-4f34-ad38-04fd87347196,"2022-04-15 17:45:21",image/jpeg,https://localhost/bndb/collections/individual/index.php?occid=679588,StillImage,Photograph,en
679588,https://localhost/bndb/imagelib/INABIOEC_MECN-DP/00003/MECN-DP_3050_V_1578683836_lg.jpg,https://localhost/bndb/imagelib/INABIOEC_MECN-DP/00003/MECN-DP_3050_V_1578683836_lg.jpg,https://localhost/bndb/imagelib/INABIOEC_MECN-DP/00003/MECN-DP_3050_V_1578683836_tn.jpg,https://localhost/bndb/imagelib/INABIOEC_MECN-DP/00003/MECN-DP_3050_V_1578683836.jpg,http://creativecommons.org/licenses/by-nc/4.0/,"Gobierno del Ecuador- INABIO",,"CC BY-NC-SA (Attribution-NonCommercial-ShareAlike)","Sin fines de lucro","Amaralia sp.",,urn:uuid:87f4e455-b451-4643-a062-fb9f4d2bc415,"2022-04-15 17:45:21",image/jpeg,https://localhost/bndb/collections/individual/index.php?occid=679588,StillImage,Photograph,en
679589,https://localhost/bndb/imagelib/INABIOEC_MECN-DP/00003/MECN-DP_3051_1578683895_lg.jpg,https://localhost/bndb/imagelib/INABIOEC_MECN-DP/00003/MECN-DP_3051_1578683895_lg.jpg,https://localhost/bndb/imagelib/INABIOEC_MECN-DP/00003/MECN-DP_3051_1578683895_tn.jpg,https://localhost/bndb/imagelib/INABIOEC_MECN-DP/00003/MECN-DP_3051_1578683895.jpg,http://creativecommons.org/licenses/by-nc/4.0/,"Gobierno del Ecuador- INABIO",,"CC BY-NC-SA (Attribution-NonCommercial-ShareAlike)","Sin fines de lucro","Pyrrhulina brevis",,urn:uuid:9bd681ef-0f62-44a1-951e-f2d3f01881f4,"2022-04-15 17:45:21",image/jpeg,https://localhost/bndb/collections/individual/index.php?occid=679589,StillImage,Photograph,en
679591,https://localhost/bndb/imagelib/INABIOEC_MECN-DP/00003/MECN-DP_3053_1578684008_lg.jpg,https://localhost/bndb/imagelib/INABIOEC_MECN-DP/00003/MECN-DP_3053_1578684008_lg.jpg,https://localhost/bndb/imagelib/INABIOEC_MECN-DP/00003/MECN-DP_3053_1578684008_tn.jpg,https://localhost/bndb/imagelib/INABIOEC_MECN-DP/00003/MECN-DP_3053_1578684008.jpg,http://creativecommons.org/licenses/by-nc/4.0/,"Gobierno del Ecuador- INABIO",,"CC BY-NC-SA (Attribution-NonCommercial-ShareAlike)","Sin fines de lucro","Curimatella sp.",,urn:uuid:175f22ad-bb1f-4fe1-b2d3-d608799a0cff,"2022-04-15 17:45:21",image/jpeg,https://localhost/bndb/collections/individual/index.php?occid=679591,StillImage,Photograph,en
679592,https://localhost/bndb/imagelib/INABIOEC_MECN-DP/00003/MECN-DP_3054_1578684098_lg.jpg,https://localhost/bndb/imagelib/INABIOEC_MECN-DP/00003/MECN-DP_3054_1578684098_lg.jpg,https://localhost/bndb/imagelib/INABIOEC_MECN-DP/00003/MECN-DP_3054_1578684098_tn.jpg,https://localhost/bndb/imagelib/INABIOEC_MECN-DP/00003/MECN-DP_3054_1578684098.jpg,http://creativecommons.org/licenses/by-nc/4.0/,"Gobierno del Ecuador- INABIO",,"CC BY-NC-SA (Attribution-NonCommercial-ShareAlike)","Sin fines de lucro","Curimatopsis macrolepis",,urn:uuid:8cd243cf-cb27-4a20-bb08-f0421dd3d6d6,"2022-04-15 17:45:21",image/jpeg,https://localhost/bndb/collections/individual/index.php?occid=679592,StillImage,Photograph,en
679593,https://localhost/bndb/imagelib/INABIOEC_MECN-DP/00003/MECN-DP_3055_1578684162_lg.jpg,https://localhost/bndb/imagelib/INABIOEC_MECN-DP/00003/MECN-DP_3055_1578684162_lg.jpg,https://localhost/bndb/imagelib/INABIOEC_MECN-DP/00003/MECN-DP_3055_1578684162_tn.jpg,https://localhost/bndb/imagelib/INABIOEC_MECN-DP/00003/MECN-DP_3055_1578684162.jpg,http://creativecommons.org/licenses/by-nc/4.0/,"Gobierno del Ecuador- INABIO",,"CC BY-NC-SA (Attribution-NonCommercial-ShareAlike)","Sin fines de lucro","Moenkhausia oligolepis",,urn:uuid:c4d3e952-0cba-4d6b-abb6-a27dc93ed209,"2022-04-15 17:45:21",image/jpeg,https://localhost/bndb/collections/individual/index.php?occid=679593,StillImage,Photograph,en
679594,https://localhost/bndb/imagelib/INABIOEC_MECN-DP/00003/MECN-DP_3056_1578684238_lg.jpg,https://localhost/bndb/imagelib/INABIOEC_MECN-DP/00003/MECN-DP_3056_1578684238_lg.jpg,https://localhost/bndb/imagelib/INABIOEC_MECN-DP/00003/MECN-DP_3056_1578684238_tn.jpg,https://localhost/bndb/imagelib/INABIOEC_MECN-DP/00003/MECN-DP_3056_1578684238.jpg,http://creativecommons.org/licenses/by-nc/4.0/,"Gobierno del Ecuador- INABIO",,"CC BY-NC-SA (Attribution-NonCommercial-ShareAlike)","Sin fines de lucro","Hemiodontichthys acipenserinus",,urn:uuid:b5fe78b3-d802-4580-b4a7-b21fd8e92a9f,"2022-04-15 17:45:21",image/jpeg,https://localhost/bndb/collections/individual/index.php?occid=679594,StillImage,Photograph,en
679594,https://localhost/bndb/imagelib/INABIOEC_MECN-DP/00003/MECN-DP_3056_V_1578684266_lg.jpg,https://localhost/bndb/imagelib/INABIOEC_MECN-DP/00003/MECN-DP_3056_V_1578684266_lg.jpg,https://localhost/bndb/imagelib/INABIOEC_MECN-DP/00003/MECN-DP_3056_V_1578684266_tn.jpg,https://localhost/bndb/imagelib/INABIOEC_MECN-DP/00003/MECN-DP_3056_V_1578684266.jpg,http://creativecommons.org/licenses/by-nc/4.0/,"Gobierno del Ecuador- INABIO",,"CC BY-NC-SA (Attribution-NonCommercial-ShareAlike)","Sin fines de lucro","Hemiodontichthys acipenserinus",,urn:uuid:2b01d21c-5039-4b53-a82b-be9f9e8a1d31,"2022-04-15 17:45:21",image/jpeg,https://localhost/bndb/collections/individual/index.php?occid=679594,StillImage,Photograph,en
679595,https://localhost/bndb/imagelib/INABIOEC_MECN-DP/00003/MECN-DP_3057_1578684313_lg.jpg,https://localhost/bndb/imagelib/INABIOEC_MECN-DP/00003/MECN-DP_3057_1578684313_lg.jpg,https://localhost/bndb/imagelib/INABIOEC_MECN-DP/00003/MECN-DP_3057_1578684313_tn.jpg,https://localhost/bndb/imagelib/INABIOEC_MECN-DP/00003/MECN-DP_3057_1578684313.jpg,http://creativecommons.org/licenses/by-nc/4.0/,"Gobierno del Ecuador- INABIO",,"CC BY-NC-SA (Attribution-NonCommercial-ShareAlike)","Sin fines de lucro","Ochmacanthus reinhardtii",,urn:uuid:4962624a-1719-45b3-a1cd-7d10a4ca43fe,"2022-04-15 17:45:21",image/jpeg,https://localhost/bndb/collections/individual/index.php?occid=679595,StillImage,Photograph,en
679596,https://localhost/bndb/imagelib/INABIOEC_MECN-DP/00003/MECN-DP_3058_D_1578684361_lg.jpg,https://localhost/bndb/imagelib/INABIOEC_MECN-DP/00003/MECN-DP_3058_D_1578684361_lg.jpg,https://localhost/bndb/imagelib/INABIOEC_MECN-DP/00003/MECN-DP_3058_D_1578684361_tn.jpg,https://localhost/bndb/imagelib/INABIOEC_MECN-DP/00003/MECN-DP_3058_D_1578684361.jpg,http://creativecommons.org/licenses/by-nc/4.0/,"Gobierno del Ecuador- INABIO",,"CC BY-NC-SA (Attribution-NonCommercial-ShareAlike)","Sin fines de lucro","Megalechis sp.",,urn:uuid:902555c9-29a7-41e1-8737-7f3f7d029500,"2022-04-15 17:45:21",image/jpeg,https://localhost/bndb/collections/individual/index.php?occid=679596,StillImage,Photograph,en
679597,https://localhost/bndb/imagelib/INABIOEC_MECN-DP/00003/MECN-DP_3059_D_1578605245_lg.jpg,https://localhost/bndb/imagelib/INABIOEC_MECN-DP/00003/MECN-DP_3059_D_1578605245_lg.jpg,https://localhost/bndb/imagelib/INABIOEC_MECN-DP/00003/MECN-DP_3059_D_1578605245_tn.jpg,https://localhost/bndb/imagelib/INABIOEC_MECN-DP/00003/MECN-DP_3059_D_1578605245.jpg,http://creativecommons.org/licenses/by-nc/4.0/,"Gobierno del Ecuador- INABIO",,"CC BY-NC-SA (Attribution-NonCommercial-ShareAlike)","Sin fines de lucro","Chaetostoma microps",,urn:uuid:f113a039-9434-4413-9bf6-5f4cef197d2b,"2022-04-15 17:45:21",image/jpeg,https://localhost/bndb/collections/individual/index.php?occid=679597,StillImage,Photograph,en
679597,https://localhost/bndb/imagelib/INABIOEC_MECN-DP/00003/MECN-DP_3059_V_1578605685.jpg,https://localhost/bndb/imagelib/INABIOEC_MECN-DP/00003/MECN-DP_3059_V_1578605685.jpg,https://localhost/bndb/imagelib/INABIOEC_MECN-DP/00003/MECN-DP_3059_V_1578605685_tn.jpg,https://localhost/bndb/imagelib/INABIOEC_MECN-DP/00003/MECN-DP_3059_V_1578605685.jpg,http://creativecommons.org/licenses/by-nc/4.0/,"Gobierno del Ecuador- INABIO",,"CC BY-NC-SA (Attribution-NonCommercial-ShareAlike)","Sin fines de lucro","Chaetostoma microps",,urn:uuid:789ff843-dbef-40b0-834d-4d0c63f54d3d,"2022-04-15 17:45:21",image/jpeg,https://localhost/bndb/collections/individual/index.php?occid=679597,StillImage,Photograph,en
679599,https://localhost/bndb/imagelib/INABIOEC_MECN-DP/00003/MECN-DP_3060_1578684481_lg.jpg,https://localhost/bndb/imagelib/INABIOEC_MECN-DP/00003/MECN-DP_3060_1578684481_lg.jpg,https://localhost/bndb/imagelib/INABIOEC_MECN-DP/00003/MECN-DP_3060_1578684481_tn.jpg,https://localhost/bndb/imagelib/INABIOEC_MECN-DP/00003/MECN-DP_3060_1578684481.jpg,http://creativecommons.org/licenses/by-nc/4.0/,"Gobierno del Ecuador- INABIO",,"CC BY-NC-SA (Attribution-NonCommercial-ShareAlike)","Sin fines de lucro","Characidium zebra",,urn:uuid:5470a5a7-ea32-475f-bbea-6cb119ba1d36,"2022-04-15 17:45:21",image/jpeg,https://localhost/bndb/collections/individual/index.php?occid=679599,StillImage,Photograph,en
679600,https://localhost/bndb/imagelib/INABIOEC_MECN-DP/00003/MECN-DP_3061_1578684524_lg.jpg,https://localhost/bndb/imagelib/INABIOEC_MECN-DP/00003/MECN-DP_3061_1578684524_lg.jpg,https://localhost/bndb/imagelib/INABIOEC_MECN-DP/00003/MECN-DP_3061_1578684524_tn.jpg,https://localhost/bndb/imagelib/INABIOEC_MECN-DP/00003/MECN-DP_3061_1578684524.jpg,http://creativecommons.org/licenses/by-nc/4.0/,"Gobierno del Ecuador- INABIO",,"CC BY-NC-SA (Attribution-NonCommercial-ShareAlike)","Sin fines de lucro","Trichomycterus sp.",,urn:uuid:55ea4249-80d5-4cfd-96a0-7107d937b82b,"2022-04-15 17:45:21",image/jpeg,https://localhost/bndb/collections/individual/index.php?occid=679600,StillImage,Photograph,en
679601,https://localhost/bndb/imagelib/INABIOEC_MECN-DP/00003/MECN-DP_3062_1578684570_lg.jpg,https://localhost/bndb/imagelib/INABIOEC_MECN-DP/00003/MECN-DP_3062_1578684570_lg.jpg,https://localhost/bndb/imagelib/INABIOEC_MECN-DP/00003/MECN-DP_3062_1578684570_tn.jpg,https://localhost/bndb/imagelib/INABIOEC_MECN-DP/00003/MECN-DP_3062_1578684570.jpg,http://creativecommons.org/licenses/by-nc/4.0/,"Gobierno del Ecuador- INABIO",,"CC BY-NC-SA (Attribution-NonCommercial-ShareAlike)","Sin fines de lucro","Eigenmannia virescens",,urn:uuid:b22b8d95-876d-4530-9152-2ece41c1cb6a,"2022-04-15 17:45:21",image/jpeg,https://localhost/bndb/collections/individual/index.php?occid=679601,StillImage,Photograph,en
679602,https://localhost/bndb/imagelib/INABIOEC_MECN-DP/00003/MECN-DP_3063_1579011758_lg.jpg,https://localhost/bndb/imagelib/INABIOEC_MECN-DP/00003/MECN-DP_3063_1579011758_lg.jpg,https://localhost/bndb/imagelib/INABIOEC_MECN-DP/00003/MECN-DP_3063_1579011758_tn.jpg,https://localhost/bndb/imagelib/INABIOEC_MECN-DP/00003/MECN-DP_3063_1579011758.jpg,http://creativecommons.org/licenses/by-nc/4.0/,"Gobierno del Ecuador- INABIO",,"CC BY-NC-SA (Attribution-NonCommercial-ShareAlike)","Sin fines de lucro","Sternopygus macrurus",,urn:uuid:4ca609ef-2e5e-4a89-af48-2009350842f4,"2022-04-15 17:45:21",image/jpeg,https://localhost/bndb/collections/individual/index.php?occid=679602,StillImage,Photograph,en
679603,https://localhost/bndb/imagelib/INABIOEC_MECN-DP/00003/MECN-DP_3064_1578684749_lg.jpg,https://localhost/bndb/imagelib/INABIOEC_MECN-DP/00003/MECN-DP_3064_1578684749_lg.jpg,https://localhost/bndb/imagelib/INABIOEC_MECN-DP/00003/MECN-DP_3064_1578684749_tn.jpg,https://localhost/bndb/imagelib/INABIOEC_MECN-DP/00003/MECN-DP_3064_1578684749.jpg,http://creativecommons.org/licenses/by-nc/4.0/,"Gobierno del Ecuador- INABIO",,"CC BY-NC-SA (Attribution-NonCommercial-ShareAlike)","Sin fines de lucro","Steatogenys elegans",,urn:uuid:08f265bf-00ce-4246-bf27-df915c4d7dd4,"2022-04-15 17:45:21",image/jpeg,https://localhost/bndb/collections/individual/index.php?occid=679603,StillImage,Photograph,en
679604,https://localhost/bndb/imagelib/INABIOEC_MECN-DP/00003/MECN-DP_3065_1578684801_lg.jpg,https://localhost/bndb/imagelib/INABIOEC_MECN-DP/00003/MECN-DP_3065_1578684801_lg.jpg,https://localhost/bndb/imagelib/INABIOEC_MECN-DP/00003/MECN-DP_3065_1578684801_tn.jpg,https://localhost/bndb/imagelib/INABIOEC_MECN-DP/00003/MECN-DP_3065_1578684801.jpg,http://creativecommons.org/licenses/by-nc/4.0/,"Gobierno del Ecuador- INABIO",,"CC BY-NC-SA (Attribution-NonCommercial-ShareAlike)","Sin fines de lucro","Gladioglanis conquistador",,urn:uuid:f0bb7b5a-7b86-4e87-a70a-d3c648208ed3,"2022-04-15 17:45:21",image/jpeg,https://localhost/bndb/collections/individual/index.php?occid=679604,StillImage,Photograph,en
679605,https://localhost/bndb/imagelib/INABIOEC_MECN-DP/00003/MECN-DP_3066_1578684948_lg.jpg,https://localhost/bndb/imagelib/INABIOEC_MECN-DP/00003/MECN-DP_3066_1578684948_lg.jpg,https://localhost/bndb/imagelib/INABIOEC_MECN-DP/00003/MECN-DP_3066_1578684948_tn.jpg,https://localhost/bndb/imagelib/INABIOEC_MECN-DP/00003/MECN-DP_3066_1578684948.jpg,http://creativecommons.org/licenses/by-nc/4.0/,"Gobierno del Ecuador- INABIO",,"CC BY-NC-SA (Attribution-NonCommercial-ShareAlike)","Sin fines de lucro","Moenkhausia comma",,urn:uuid:f4a4c9f6-d02f-409b-b46a-dabb983bed3e,"2022-04-15 17:45:21",image/jpeg,https://localhost/bndb/collections/individual/index.php?occid=679605,StillImage,Photograph,en
679606,https://localhost/bndb/imagelib/INABIOEC_MECN-DP/00003/MECN-DP_3067_1578685010_lg.jpg,https://localhost/bndb/imagelib/INABIOEC_MECN-DP/00003/MECN-DP_3067_1578685010_lg.jpg,https://localhost/bndb/imagelib/INABIOEC_MECN-DP/00003/MECN-DP_3067_1578685010_tn.jpg,https://localhost/bndb/imagelib/INABIOEC_MECN-DP/00003/MECN-DP_3067_1578685010.jpg,http://creativecommons.org/licenses/by-nc/4.0/,"Gobierno del Ecuador- INABIO",,"CC BY-NC-SA (Attribution-NonCommercial-ShareAlike)","Sin fines de lucro","Moekhausia oligolepys",,urn:uuid:edb1d80b-0d1c-47ce-888e-1eaf8182a0ff,"2022-04-15 17:45:21",image/jpeg,https://localhost/bndb/collections/individual/index.php?occid=679606,StillImage,Photograph,en
679607,https://localhost/bndb/imagelib/INABIOEC_MECN-DP/00003/MECN-DP_3068_1578685107_lg.jpg,https://localhost/bndb/imagelib/INABIOEC_MECN-DP/00003/MECN-DP_3068_1578685107_lg.jpg,https://localhost/bndb/imagelib/INABIOEC_MECN-DP/00003/MECN-DP_3068_1578685107_tn.jpg,https://localhost/bndb/imagelib/INABIOEC_MECN-DP/00003/MECN-DP_3068_1578685107.jpg,http://creativecommons.org/licenses/by-nc/4.0/,"Gobierno del Ecuador- INABIO",,"CC BY-NC-SA (Attribution-NonCommercial-ShareAlike)","Sin fines de lucro","Chrysobrycon sp.",,urn:uuid:06b88681-4e76-4df1-8cda-c48673d624cc,"2022-04-15 17:45:21",image/jpeg,https://localhost/bndb/collections/individual/index.php?occid=679607,StillImage,Photograph,en
679608,https://localhost/bndb/imagelib/INABIOEC_MECN-DP/00003/MECN-DP_3069_V_1578685224_lg.jpg,https://localhost/bndb/imagelib/INABIOEC_MECN-DP/00003/MECN-DP_3069_V_1578685224_lg.jpg,https://localhost/bndb/imagelib/INABIOEC_MECN-DP/00003/MECN-DP_3069_V_1578685224_tn.jpg,https://localhost/bndb/imagelib/INABIOEC_MECN-DP/00003/MECN-DP_3069_V_1578685224.jpg,http://creativecommons.org/licenses/by-nc/4.0/,"Gobierno del Ecuador- INABIO",,"CC BY-NC-SA (Attribution-NonCommercial-ShareAlike)","Sin fines de lucro","Farlowella oxyrryncha",,urn:uuid:d93670a5-55a6-48b3-a848-3a2553a17819,"2022-04-15 17:45:21",image/jpeg,https://localhost/bndb/collections/individual/index.php?occid=679608,StillImage,Photograph,en
679608,https://localhost/bndb/imagelib/INABIOEC_MECN-DP/00003/MECN-DP_3069_1578685291_lg.jpg,https://localhost/bndb/imagelib/INABIOEC_MECN-DP/00003/MECN-DP_3069_1578685291_lg.jpg,https://localhost/bndb/imagelib/INABIOEC_MECN-DP/00003/MECN-DP_3069_1578685291_tn.jpg,https://localhost/bndb/imagelib/INABIOEC_MECN-DP/00003/MECN-DP_3069_1578685291.jpg,http://creativecommons.org/licenses/by-nc/4.0/,"Gobierno del Ecuador- INABIO",,"CC BY-NC-SA (Attribution-NonCommercial-ShareAlike)","Sin fines de lucro","Farlowella oxyrryncha",,urn:uuid:55ecb259-66f3-4411-b9d0-842dc204178a,"2022-04-15 17:45:21",image/jpeg,https://localhost/bndb/collections/individual/index.php?occid=679608,StillImage,Photograph,en
679610,https://localhost/bndb/imagelib/INABIOEC_MECN-DP/00003/MECN-DP_3070_1578685451_lg.jpg,https://localhost/bndb/imagelib/INABIOEC_MECN-DP/00003/MECN-DP_3070_1578685451_lg.jpg,https://localhost/bndb/imagelib/INABIOEC_MECN-DP/00003/MECN-DP_3070_1578685451_tn.jpg,https://localhost/bndb/imagelib/INABIOEC_MECN-DP/00003/MECN-DP_3070_1578685451.jpg,http://creativecommons.org/licenses/by-nc/4.0/,"Gobierno del Ecuador- INABIO",,"CC BY-NC-SA (Attribution-NonCommercial-ShareAlike)","Sin fines de lucro","Potamorrhaphis guianensis",,urn:uuid:6a3d40ae-82bc-4e28-90a2-e69be51e6ad1,"2022-04-15 17:45:21",image/jpeg,https://localhost/bndb/collections/individual/index.php?occid=679610,StillImage,Photograph,en
679611,https://localhost/bndb/imagelib/INABIOEC_MECN-DP/00003/MECN-DP_3071_1578685556_lg.jpg,https://localhost/bndb/imagelib/INABIOEC_MECN-DP/00003/MECN-DP_3071_1578685556_lg.jpg,https://localhost/bndb/imagelib/INABIOEC_MECN-DP/00003/MECN-DP_3071_1578685556_tn.jpg,https://localhost/bndb/imagelib/INABIOEC_MECN-DP/00003/MECN-DP_3071_1578685556.jpg,http://creativecommons.org/licenses/by-nc/4.0/,"Gobierno del Ecuador- INABIO",,"CC BY-NC-SA (Attribution-NonCommercial-ShareAlike)","Sin fines de lucro","Ituglanis amazonicus",,urn:uuid:9241f29d-f135-437a-9ffe-3fed037fd4aa,"2022-04-15 17:45:21",image/jpeg,https://localhost/bndb/collections/individual/index.php?occid=679611,StillImage,Photograph,en
679612,https://localhost/bndb/imagelib/INABIOEC_MECN-DP/00003/MECN-DP_3072_1578685607_lg.jpg,https://localhost/bndb/imagelib/INABIOEC_MECN-DP/00003/MECN-DP_3072_1578685607_lg.jpg,https://localhost/bndb/imagelib/INABIOEC_MECN-DP/00003/MECN-DP_3072_1578685607_tn.jpg,https://localhost/bndb/imagelib/INABIOEC_MECN-DP/00003/MECN-DP_3072_1578685607.jpg,http://creativecommons.org/licenses/by-nc/4.0/,"Gobierno del Ecuador- INABIO",,"CC BY-NC-SA (Attribution-NonCommercial-ShareAlike)","Sin fines de lucro","Astronotus ocellatus",,urn:uuid:fc7f356e-f0e4-40a9-ab36-2c3ff53db364,"2022-04-15 17:45:21",image/jpeg,https://localhost/bndb/collections/individual/index.php?occid=679612,StillImage,Photograph,en
679943,https://localhost/bndb/imagelib/INABIOEC_MECN-DP/00003/MECN-DP_3370_1578685689_lg.jpg,https://localhost/bndb/imagelib/INABIOEC_MECN-DP/00003/MECN-DP_3370_1578685689_lg.jpg,https://localhost/bndb/imagelib/INABIOEC_MECN-DP/00003/MECN-DP_3370_1578685689_tn.jpg,https://localhost/bndb/imagelib/INABIOEC_MECN-DP/00003/MECN-DP_3370_1578685689.jpg,http://creativecommons.org/licenses/by-nc/4.0/,"Gobierno del Ecuador- INABIO",,"CC BY-NC-SA (Attribution-NonCommercial-ShareAlike)","Sin fines de lucro","Astyanacinus multidens",,urn:uuid:ab1e37ee-5491-48bb-868c-3221b684f1e3,"2022-04-15 17:45:21",image/jpeg,https://localhost/bndb/collections/individual/index.php?occid=679943,StillImage,Photograph,en
679944,https://localhost/bndb/imagelib/INABIOEC_MECN-DP/00003/MECN-DP_3371_1578685737_lg.jpg,https://localhost/bndb/imagelib/INABIOEC_MECN-DP/00003/MECN-DP_3371_1578685737_lg.jpg,https://localhost/bndb/imagelib/INABIOEC_MECN-DP/00003/MECN-DP_3371_1578685737_tn.jpg,https://localhost/bndb/imagelib/INABIOEC_MECN-DP/00003/MECN-DP_3371_1578685737.jpg,http://creativecommons.org/licenses/by-nc/4.0/,"Gobierno del Ecuador- INABIO",,"CC BY-NC-SA (Attribution-NonCommercial-ShareAlike)","Sin fines de lucro","Steindachnerina argentea",,urn:uuid:388df20d-865c-4b9d-b0dd-db4d6d5d776b,"2022-04-15 17:45:21",image/jpeg,https://localhost/bndb/collections/individual/index.php?occid=679944,StillImage,Photograph,en
679945,https://localhost/bndb/imagelib/INABIOEC_MECN-DP/00003/MECN-DP_3372_1578692916_lg.jpg,https://localhost/bndb/imagelib/INABIOEC_MECN-DP/00003/MECN-DP_3372_1578692916_lg.jpg,https://localhost/bndb/imagelib/INABIOEC_MECN-DP/00003/MECN-DP_3372_1578692916_tn.jpg,https://localhost/bndb/imagelib/INABIOEC_MECN-DP/00003/MECN-DP_3372_1578692916.jpg,http://creativecommons.org/licenses/by-nc/4.0/,"Gobierno del Ecuador- INABIO",,"CC BY-NC-SA (Attribution-NonCommercial-ShareAlike)","Sin fines de lucro","Tetragonopterus argenteus",,urn:uuid:9e34aed4-54a2-4d50-8335-ca3e593ea1ac,"2022-04-15 17:45:21",image/jpeg,https://localhost/bndb/collections/individual/index.php?occid=679945,StillImage,Photograph,en
679946,https://localhost/bndb/imagelib/INABIOEC_MECN-DP/00003/MECN-DP_3373_1578685818_lg.jpg,https://localhost/bndb/imagelib/INABIOEC_MECN-DP/00003/MECN-DP_3373_1578685818_lg.jpg,https://localhost/bndb/imagelib/INABIOEC_MECN-DP/00003/MECN-DP_3373_1578685818_tn.jpg,https://localhost/bndb/imagelib/INABIOEC_MECN-DP/00003/MECN-DP_3373_1578685818.jpg,http://creativecommons.org/licenses/by-nc/4.0/,"Gobierno del Ecuador- INABIO",,"CC BY-NC-SA (Attribution-NonCommercial-ShareAlike)","Sin fines de lucro","Moenkhausia oligolepis",,urn:uuid:7b2e2324-a341-43c1-937c-87440dbadcdf,"2022-04-15 17:45:21",image/jpeg,https://localhost/bndb/collections/individual/index.php?occid=679946,StillImage,Photograph,en
679947,https://localhost/bndb/imagelib/INABIOEC_MECN-DP/00003/MECN-DP_3374_1578686024_lg.jpg,https://localhost/bndb/imagelib/INABIOEC_MECN-DP/00003/MECN-DP_3374_1578686024_lg.jpg,https://localhost/bndb/imagelib/INABIOEC_MECN-DP/00003/MECN-DP_3374_1578686024_tn.jpg,https://localhost/bndb/imagelib/INABIOEC_MECN-DP/00003/MECN-DP_3374_1578686024.jpg,http://creativecommons.org/licenses/by-nc/4.0/,"Gobierno del Ecuador- INABIO",,"CC BY-NC-SA (Attribution-NonCommercial-ShareAlike)","Sin fines de lucro","Astyanax bimaculatus",,urn:uuid:db6eb010-7061-4920-ac34-32798df1457c,"2022-04-15 17:45:21",image/jpeg,https://localhost/bndb/collections/individual/index.php?occid=679947,StillImage,Photograph,en
679948,https://localhost/bndb/imagelib/INABIOEC_MECN-DP/00003/MECN-DP_3375_1578686111_lg.jpg,https://localhost/bndb/imagelib/INABIOEC_MECN-DP/00003/MECN-DP_3375_1578686111_lg.jpg,https://localhost/bndb/imagelib/INABIOEC_MECN-DP/00003/MECN-DP_3375_1578686111_tn.jpg,https://localhost/bndb/imagelib/INABIOEC_MECN-DP/00003/MECN-DP_3375_1578686111.jpg,http://creativecommons.org/licenses/by-nc/4.0/,"Gobierno del Ecuador- INABIO",,"CC BY-NC-SA (Attribution-NonCommercial-ShareAlike)","Sin fines de lucro","Hyphessobrycon copelandi",,urn:uuid:d773fa92-ed0d-408e-826a-0cbdaf7c81b7,"2022-04-15 17:45:21",image/jpeg,https://localhost/bndb/collections/individual/index.php?occid=679948,StillImage,Photograph,en
679949,https://localhost/bndb/imagelib/INABIOEC_MECN-DP/00003/MECN-DP_3376_1578686168_lg.jpg,https://localhost/bndb/imagelib/INABIOEC_MECN-DP/00003/MECN-DP_3376_1578686168_lg.jpg,https://localhost/bndb/imagelib/INABIOEC_MECN-DP/00003/MECN-DP_3376_1578686168_tn.jpg,https://localhost/bndb/imagelib/INABIOEC_MECN-DP/00003/MECN-DP_3376_1578686168.jpg,http://creativecommons.org/licenses/by-nc/4.0/,"Gobierno del Ecuador- INABIO",,"CC BY-NC-SA (Attribution-NonCommercial-ShareAlike)","Sin fines de lucro","Phenacogaster pectinatus",,urn:uuid:d936eece-a0d6-49de-ac4a-fbe8793acd21,"2022-04-15 17:45:21",image/jpeg,https://localhost/bndb/collections/individual/index.php?occid=679949,StillImage,Photograph,en
679950,https://localhost/bndb/imagelib/INABIOEC_MECN-DP/00003/MECN-DP_3377_1578686217_lg.jpg,https://localhost/bndb/imagelib/INABIOEC_MECN-DP/00003/MECN-DP_3377_1578686217_lg.jpg,https://localhost/bndb/imagelib/INABIOEC_MECN-DP/00003/MECN-DP_3377_1578686217_tn.jpg,https://localhost/bndb/imagelib/INABIOEC_MECN-DP/00003/MECN-DP_3377_1578686217.jpg,http://creativecommons.org/licenses/by-nc/4.0/,"Gobierno del Ecuador- INABIO",,"CC BY-NC-SA (Attribution-NonCommercial-ShareAlike)","Sin fines de lucro","Astyanax maximus",,urn:uuid:ee9050ae-c7a1-46b6-9271-1d19a9410644,"2022-04-15 17:45:21",image/jpeg,https://localhost/bndb/collections/individual/index.php?occid=679950,StillImage,Photograph,en
679951,https://localhost/bndb/imagelib/INABIOEC_MECN-DP/00003/MECN-DP_3378_1578686265_lg.jpg,https://localhost/bndb/imagelib/INABIOEC_MECN-DP/00003/MECN-DP_3378_1578686265_lg.jpg,https://localhost/bndb/imagelib/INABIOEC_MECN-DP/00003/MECN-DP_3378_1578686265_tn.jpg,https://localhost/bndb/imagelib/INABIOEC_MECN-DP/00003/MECN-DP_3378_1578686265.jpg,http://creativecommons.org/licenses/by-nc/4.0/,"Gobierno del Ecuador- INABIO",,"CC BY-NC-SA (Attribution-NonCommercial-ShareAlike)","Sin fines de lucro","Gymnocorymbus thayeri",,urn:uuid:c1541093-9f15-4b05-8817-0dfe4f02bd0e,"2022-04-15 17:45:21",image/jpeg,https://localhost/bndb/collections/individual/index.php?occid=679951,StillImage,Photograph,en
679952,https://localhost/bndb/imagelib/INABIOEC_MECN-DP/00003/MECN-DP_3379_1578691677_lg.jpg,https://localhost/bndb/imagelib/INABIOEC_MECN-DP/00003/MECN-DP_3379_1578691677_lg.jpg,https://localhost/bndb/imagelib/INABIOEC_MECN-DP/00003/MECN-DP_3379_1578691677_tn.jpg,https://localhost/bndb/imagelib/INABIOEC_MECN-DP/00003/MECN-DP_3379_1578691677.jpg,http://creativecommons.org/licenses/by-nc/4.0/,"Gobierno del Ecuador- INABIO",,"CC BY-NC-SA (Attribution-NonCommercial-ShareAlike)","Sin fines de lucro","Poptella compressa",,urn:uuid:eb82b546-13e0-4ff4-bf7a-7a3528d08c5c,"2022-04-15 17:45:21",image/jpeg,https://localhost/bndb/collections/individual/index.php?occid=679952,StillImage,Photograph,en
679954,https://localhost/bndb/imagelib/INABIOEC_MECN-DP/00003/MECN-DP_3380_1578686839_lg.jpg,https://localhost/bndb/imagelib/INABIOEC_MECN-DP/00003/MECN-DP_3380_1578686839_lg.jpg,https://localhost/bndb/imagelib/INABIOEC_MECN-DP/00003/MECN-DP_3380_1578686839_tn.jpg,https://localhost/bndb/imagelib/INABIOEC_MECN-DP/00003/MECN-DP_3380_1578686839.jpg,http://creativecommons.org/licenses/by-nc/4.0/,"Gobierno del Ecuador- INABIO",,"CC BY-NC-SA (Attribution-NonCommercial-ShareAlike)","Sin fines de lucro","Hemigrammus lunatus",,urn:uuid:020a8fb1-881d-41ba-aca6-9606c9458ed0,"2022-04-15 17:45:21",image/jpeg,https://localhost/bndb/collections/individual/index.php?occid=679954,StillImage,Photograph,en
679955,https://localhost/bndb/imagelib/INABIOEC_MECN-DP/00003/MECN-DP_3381_1578687164_lg.jpg,https://localhost/bndb/imagelib/INABIOEC_MECN-DP/00003/MECN-DP_3381_1578687164_lg.jpg,https://localhost/bndb/imagelib/INABIOEC_MECN-DP/00003/MECN-DP_3381_1578687164_tn.jpg,https://localhost/bndb/imagelib/INABIOEC_MECN-DP/00003/MECN-DP_3381_1578687164.jpg,http://creativecommons.org/licenses/by-nc/4.0/,"Gobierno del Ecuador- INABIO",,"CC BY-NC-SA (Attribution-NonCommercial-ShareAlike)","Sin fines de lucro","Curimatella meyeri",,urn:uuid:11bac64d-1a8d-4e6e-b91c-ae3ecbf1cc4c,"2022-04-15 17:45:21",image/jpeg,https://localhost/bndb/collections/individual/index.php?occid=679955,StillImage,Photograph,en
679956,https://localhost/bndb/imagelib/INABIOEC_MECN-DP/00003/MECN-DP_3382_1578687230_lg.jpg,https://localhost/bndb/imagelib/INABIOEC_MECN-DP/00003/MECN-DP_3382_1578687230_lg.jpg,https://localhost/bndb/imagelib/INABIOEC_MECN-DP/00003/MECN-DP_3382_1578687230_tn.jpg,https://localhost/bndb/imagelib/INABIOEC_MECN-DP/00003/MECN-DP_3382_1578687230.jpg,http://creativecommons.org/licenses/by-nc/4.0/,"Gobierno del Ecuador- INABIO",,"CC BY-NC-SA (Attribution-NonCommercial-ShareAlike)","Sin fines de lucro","Hemigrammus ocellifer",,urn:uuid:2a38b5b5-26fa-4fdc-aee5-07bd362f663c,"2022-04-15 17:45:21",image/jpeg,https://localhost/bndb/collections/individual/index.php?occid=679956,StillImage,Photograph,en
679957,https://localhost/bndb/imagelib/INABIOEC_MECN-DP/00003/MECN-DP_3383_1578687314_lg.jpg,https://localhost/bndb/imagelib/INABIOEC_MECN-DP/00003/MECN-DP_3383_1578687314_lg.jpg,https://localhost/bndb/imagelib/INABIOEC_MECN-DP/00003/MECN-DP_3383_1578687314_tn.jpg,https://localhost/bndb/imagelib/INABIOEC_MECN-DP/00003/MECN-DP_3383_1578687314.jpg,http://creativecommons.org/licenses/by-nc/4.0/,"Gobierno del Ecuador- INABIO",,"CC BY-NC-SA (Attribution-NonCommercial-ShareAlike)","Sin fines de lucro","Serrasalmus rhombeus",,urn:uuid:f7c470c3-32db-4072-9b12-5822a8293471,"2022-04-15 17:45:21",image/jpeg,https://localhost/bndb/collections/individual/index.php?occid=679957,StillImage,Photograph,en
679958,https://localhost/bndb/imagelib/INABIOEC_MECN-DP/00003/MECN-DP_3384_1578687376_lg.jpg,https://localhost/bndb/imagelib/INABIOEC_MECN-DP/00003/MECN-DP_3384_1578687376_lg.jpg,https://localhost/bndb/imagelib/INABIOEC_MECN-DP/00003/MECN-DP_3384_1578687376_tn.jpg,https://localhost/bndb/imagelib/INABIOEC_MECN-DP/00003/MECN-DP_3384_1578687376.jpg,http://creativecommons.org/licenses/by-nc/4.0/,"Gobierno del Ecuador- INABIO",,"CC BY-NC-SA (Attribution-NonCommercial-ShareAlike)","Sin fines de lucro","Moenkhausia dichroura",,urn:uuid:7a2b22dc-b7a6-4d7d-ae5d-34368d77bb22,"2022-04-15 17:45:21",image/jpeg,https://localhost/bndb/collections/individual/index.php?occid=679958,StillImage,Photograph,en
679963,https://localhost/bndb/imagelib/INABIOEC_MECN-DP/00003/MECN-DP_3389_1578687536_lg.jpg,https://localhost/bndb/imagelib/INABIOEC_MECN-DP/00003/MECN-DP_3389_1578687536_lg.jpg,https://localhost/bndb/imagelib/INABIOEC_MECN-DP/00003/MECN-DP_3389_1578687536_tn.jpg,https://localhost/bndb/imagelib/INABIOEC_MECN-DP/00003/MECN-DP_3389_1578687536.jpg,http://creativecommons.org/licenses/by-nc/4.0/,"Gobierno del Ecuador- INABIO",,"CC BY-NC-SA (Attribution-NonCommercial-ShareAlike)","Sin fines de lucro","Carnegiella strigata",,urn:uuid:e3b65a87-b83f-4f98-97ae-ab6fc3812d70,"2022-04-15 17:45:21",image/jpeg,https://localhost/bndb/collections/individual/index.php?occid=679963,StillImage,Photograph,en
679965,https://localhost/bndb/imagelib/INABIOEC_MECN-DP/00003/MECN-DP_3390_1578687676_lg.jpg,https://localhost/bndb/imagelib/INABIOEC_MECN-DP/00003/MECN-DP_3390_1578687676_lg.jpg,https://localhost/bndb/imagelib/INABIOEC_MECN-DP/00003/MECN-DP_3390_1578687676_tn.jpg,https://localhost/bndb/imagelib/INABIOEC_MECN-DP/00003/MECN-DP_3390_1578687676.jpg,http://creativecommons.org/licenses/by-nc/4.0/,"Gobierno del Ecuador- INABIO",,"CC BY-NC-SA (Attribution-NonCommercial-ShareAlike)","Sin fines de lucro","Hemigrammus sp.",,urn:uuid:85178c23-8578-42d8-9a67-8a22d65c54f0,"2022-04-15 17:45:21",image/jpeg,https://localhost/bndb/collections/individual/index.php?occid=679965,StillImage,Photograph,en
680706,https://localhost/bndb/imagelib/INABIOEC_MECN-DP/00004/MECN-DP_4036_D_1578687806.jpg,https://localhost/bndb/imagelib/INABIOEC_MECN-DP/00004/MECN-DP_4036_D_1578687806.jpg,https://localhost/bndb/imagelib/INABIOEC_MECN-DP/00004/MECN-DP_4036_D_1578687806_tn.jpg,https://localhost/bndb/imagelib/INABIOEC_MECN-DP/00004/MECN-DP_4036_D_1578687806.jpg,http://creativecommons.org/licenses/by-nc/4.0/,"Gobierno del Ecuador- INABIO",,"CC BY-NC-SA (Attribution-NonCommercial-ShareAlike)","Sin fines de lucro","Cheatostoma microps",,urn:uuid:aacd9795-e7e6-4987-b1a7-a3558234536e,"2022-04-15 17:45:21",image/jpeg,https://localhost/bndb/collections/individual/index.php?occid=680706,StillImage,Photograph,en
680706,https://localhost/bndb/imagelib/INABIOEC_MECN-DP/00004/MECN-DP_4036_V_1578687827_lg.jpg,https://localhost/bndb/imagelib/INABIOEC_MECN-DP/00004/MECN-DP_4036_V_1578687827_lg.jpg,https://localhost/bndb/imagelib/INABIOEC_MECN-DP/00004/MECN-DP_4036_V_1578687827_tn.jpg,https://localhost/bndb/imagelib/INABIOEC_MECN-DP/00004/MECN-DP_4036_V_1578687827.jpg,http://creativecommons.org/licenses/by-nc/4.0/,"Gobierno del Ecuador- INABIO",,"CC BY-NC-SA (Attribution-NonCommercial-ShareAlike)","Sin fines de lucro","Cheatostoma microps",,urn:uuid:e12be3ef-533d-46c3-9a75-053ae04d616e,"2022-04-15 17:45:21",image/jpeg,https://localhost/bndb/collections/individual/index.php?occid=680706,StillImage,Photograph,en
680809,https://localhost/bndb/imagelib/INABIOEC_MECN-DP/00004/MECN-DP_4129_D_1579014212_lg.jpg,https://localhost/bndb/imagelib/INABIOEC_MECN-DP/00004/MECN-DP_4129_D_1579014212_lg.jpg,https://localhost/bndb/imagelib/INABIOEC_MECN-DP/00004/MECN-DP_4129_D_1579014212_tn.jpg,https://localhost/bndb/imagelib/INABIOEC_MECN-DP/00004/MECN-DP_4129_D_1579014212.jpg,http://creativecommons.org/licenses/by-nc/4.0/,"Gobierno del Ecuador- INABIO",,"CC BY-NC-SA (Attribution-NonCommercial-ShareAlike)","Sin fines de lucro","Hypopygus lepturus",,urn:uuid:5af81a12-a68f-4c40-80c8-9b7348328ab4,"2022-04-15 17:45:21",image/jpeg,https://localhost/bndb/collections/individual/index.php?occid=680809,StillImage,Photograph,en
680811,https://localhost/bndb/imagelib/INABIOEC_MECN-DP/00004/MECN-DP_4130_1578688136_lg.jpg,https://localhost/bndb/imagelib/INABIOEC_MECN-DP/00004/MECN-DP_4130_1578688136_lg.jpg,https://localhost/bndb/imagelib/INABIOEC_MECN-DP/00004/MECN-DP_4130_1578688136_tn.jpg,https://localhost/bndb/imagelib/INABIOEC_MECN-DP/00004/MECN-DP_4130_1578688136.jpg,http://creativecommons.org/licenses/by-nc/4.0/,"Gobierno del Ecuador- INABIO",,"CC BY-NC-SA (Attribution-NonCommercial-ShareAlike)","Sin fines de lucro","Carnegiella strigata",,urn:uuid:6361dd3b-d94b-47c0-a828-3b14f49e4c89,"2022-04-15 17:45:21",image/jpeg,https://localhost/bndb/collections/individual/index.php?occid=680811,StillImage,Photograph,en
680812,https://localhost/bndb/imagelib/INABIOEC_MECN-DP/00004/MECN-DP_4131_1578688188_lg.jpg,https://localhost/bndb/imagelib/INABIOEC_MECN-DP/00004/MECN-DP_4131_1578688188_lg.jpg,https://localhost/bndb/imagelib/INABIOEC_MECN-DP/00004/MECN-DP_4131_1578688188_tn.jpg,https://localhost/bndb/imagelib/INABIOEC_MECN-DP/00004/MECN-DP_4131_1578688188.jpg,http://creativecommons.org/licenses/by-nc/4.0/,"Gobierno del Ecuador- INABIO",,"CC BY-NC-SA (Attribution-NonCommercial-ShareAlike)","Sin fines de lucro","Acestrorhynchus microlepis",,urn:uuid:818eeb96-ec8d-4408-99ca-f326dbf1f7e7,"2022-04-15 17:45:21",image/jpeg,https://localhost/bndb/collections/individual/index.php?occid=680812,StillImage,Photograph,en
680813,https://localhost/bndb/imagelib/INABIOEC_MECN-DP/00004/MECN-DP_4132_1578688239_lg.jpg,https://localhost/bndb/imagelib/INABIOEC_MECN-DP/00004/MECN-DP_4132_1578688239_lg.jpg,https://localhost/bndb/imagelib/INABIOEC_MECN-DP/00004/MECN-DP_4132_1578688239_tn.jpg,https://localhost/bndb/imagelib/INABIOEC_MECN-DP/00004/MECN-DP_4132_1578688239.jpg,http://creativecommons.org/licenses/by-nc/4.0/,"Gobierno del Ecuador- INABIO",,"CC BY-NC-SA (Attribution-NonCommercial-ShareAlike)","Sin fines de lucro","Carnegiella strigata",,urn:uuid:81c35f4c-1557-4ffe-8a58-c4cdfefbc24b,"2022-04-15 17:45:21",image/jpeg,https://localhost/bndb/collections/individual/index.php?occid=680813,StillImage,Photograph,en
680814,https://localhost/bndb/imagelib/INABIOEC_MECN-DP/00004/MECN-DP_4133_1578688277_lg.jpg,https://localhost/bndb/imagelib/INABIOEC_MECN-DP/00004/MECN-DP_4133_1578688277_lg.jpg,https://localhost/bndb/imagelib/INABIOEC_MECN-DP/00004/MECN-DP_4133_1578688277_tn.jpg,https://localhost/bndb/imagelib/INABIOEC_MECN-DP/00004/MECN-DP_4133_1578688277.jpg,http://creativecommons.org/licenses/by-nc/4.0/,"Gobierno del Ecuador- INABIO",,"CC BY-NC-SA (Attribution-NonCommercial-ShareAlike)","Sin fines de lucro","Pyrrhulina laeta",,urn:uuid:999dbc01-9f2b-4859-89f7-56fea554edd4,"2022-04-15 17:45:21",image/jpeg,https://localhost/bndb/collections/individual/index.php?occid=680814,StillImage,Photograph,en
680815,https://localhost/bndb/imagelib/INABIOEC_MECN-DP/00004/MECN-DP_4134_1578691796_lg.jpg,https://localhost/bndb/imagelib/INABIOEC_MECN-DP/00004/MECN-DP_4134_1578691796_lg.jpg,https://localhost/bndb/imagelib/INABIOEC_MECN-DP/00004/MECN-DP_4134_1578691796_tn.jpg,https://localhost/bndb/imagelib/INABIOEC_MECN-DP/00004/MECN-DP_4134_1578691796.jpg,http://creativecommons.org/licenses/by-nc/4.0/,"Gobierno del Ecuador- INABIO",,"CC BY-NC-SA (Attribution-NonCommercial-ShareAlike)","Sin fines de lucro","Hyphessobrycon copelandi",,urn:uuid:7963679a-8562-455d-aa7e-71bf7d587615,"2022-04-15 17:45:21",image/jpeg,https://localhost/bndb/collections/individual/index.php?occid=680815,StillImage,Photograph,en
680816,https://localhost/bndb/imagelib/INABIOEC_MECN-DP/00004/MECN-DP_4135_1578691832_lg.jpg,https://localhost/bndb/imagelib/INABIOEC_MECN-DP/00004/MECN-DP_4135_1578691832_lg.jpg,https://localhost/bndb/imagelib/INABIOEC_MECN-DP/00004/MECN-DP_4135_1578691832_tn.jpg,https://localhost/bndb/imagelib/INABIOEC_MECN-DP/00004/MECN-DP_4135_1578691832.jpg,http://creativecommons.org/licenses/by-nc/4.0/,"Gobierno del Ecuador- INABIO",,"CC BY-NC-SA (Attribution-NonCommercial-ShareAlike)","Sin fines de lucro","Apistogramma bitaeniata",,urn:uuid:4ad47c50-5dc0-4ebb-9ed2-2fa196a6440f,"2022-04-15 17:45:21",image/jpeg,https://localhost/bndb/collections/individual/index.php?occid=680816,StillImage,Photograph,en
680817,https://localhost/bndb/imagelib/INABIOEC_MECN-DP/00004/MECN-DP_4136_1578691864_lg.jpg,https://localhost/bndb/imagelib/INABIOEC_MECN-DP/00004/MECN-DP_4136_1578691864_lg.jpg,https://localhost/bndb/imagelib/INABIOEC_MECN-DP/00004/MECN-DP_4136_1578691864_tn.jpg,https://localhost/bndb/imagelib/INABIOEC_MECN-DP/00004/MECN-DP_4136_1578691864.jpg,http://creativecommons.org/licenses/by-nc/4.0/,"Gobierno del Ecuador- INABIO",,"CC BY-NC-SA (Attribution-NonCommercial-ShareAlike)","Sin fines de lucro","Hemigrammus luelingi",,urn:uuid:308cd020-6288-43ce-a779-3bb3afae67d5,"2022-04-15 17:45:21",image/jpeg,https://localhost/bndb/collections/individual/index.php?occid=680817,StillImage,Photograph,en
680818,https://localhost/bndb/imagelib/INABIOEC_MECN-DP/00004/MECN-DP_4137_1578691906_lg.jpg,https://localhost/bndb/imagelib/INABIOEC_MECN-DP/00004/MECN-DP_4137_1578691906_lg.jpg,https://localhost/bndb/imagelib/INABIOEC_MECN-DP/00004/MECN-DP_4137_1578691906_tn.jpg,https://localhost/bndb/imagelib/INABIOEC_MECN-DP/00004/MECN-DP_4137_1578691906.jpg,http://creativecommons.org/licenses/by-nc/4.0/,"Gobierno del Ecuador- INABIO",,"CC BY-NC-SA (Attribution-NonCommercial-ShareAlike)","Sin fines de lucro","Hemigrammus sp.",,urn:uuid:bbe95bca-29a7-4d6b-a564-c3c6215d9300,"2022-04-15 17:45:21",image/jpeg,https://localhost/bndb/collections/individual/index.php?occid=680818,StillImage,Photograph,en
680820,https://localhost/bndb/imagelib/INABIOEC_MECN-DP/00004/MECN-DP_4139_1578934974_lg.jpg,https://localhost/bndb/imagelib/INABIOEC_MECN-DP/00004/MECN-DP_4139_1578934974_lg.jpg,https://localhost/bndb/imagelib/INABIOEC_MECN-DP/00004/MECN-DP_4139_1578934974_tn.jpg,https://localhost/bndb/imagelib/INABIOEC_MECN-DP/00004/MECN-DP_4139_1578934974.jpg,http://creativecommons.org/licenses/by-nc/4.0/,"Gobierno del Ecuador- INABIO",,"CC BY-NC-SA (Attribution-NonCommercial-ShareAlike)","Sin fines de lucro","Hemigrammus sp.",,urn:uuid:dc1e9f07-c7e5-4687-b567-1adac8abd810,"2022-04-15 17:45:21",image/jpeg,https://localhost/bndb/collections/individual/index.php?occid=680820,StillImage,Photograph,en
680822,https://localhost/bndb/imagelib/INABIOEC_MECN-DP/00004/MECN-DP_4140_1578935019_lg.jpg,https://localhost/bndb/imagelib/INABIOEC_MECN-DP/00004/MECN-DP_4140_1578935019_lg.jpg,https://localhost/bndb/imagelib/INABIOEC_MECN-DP/00004/MECN-DP_4140_1578935019_tn.jpg,https://localhost/bndb/imagelib/INABIOEC_MECN-DP/00004/MECN-DP_4140_1578935019.jpg,http://creativecommons.org/licenses/by-nc/4.0/,"Gobierno del Ecuador- INABIO",,"CC BY-NC-SA (Attribution-NonCommercial-ShareAlike)","Sin fines de lucro","Curimatopsis sp.",,urn:uuid:ec39c1da-dfa1-4394-9b5d-51591a3f7fce,"2022-04-15 17:45:21",image/jpeg,https://localhost/bndb/collections/individual/index.php?occid=680822,StillImage,Photograph,en
680823,https://localhost/bndb/imagelib/INABIOEC_MECN-DP/00004/MECN-DP_4141_1578935051_lg.jpg,https://localhost/bndb/imagelib/INABIOEC_MECN-DP/00004/MECN-DP_4141_1578935051_lg.jpg,https://localhost/bndb/imagelib/INABIOEC_MECN-DP/00004/MECN-DP_4141_1578935051_tn.jpg,https://localhost/bndb/imagelib/INABIOEC_MECN-DP/00004/MECN-DP_4141_1578935051.jpg,http://creativecommons.org/licenses/by-nc/4.0/,"Gobierno del Ecuador- INABIO",,"CC BY-NC-SA (Attribution-NonCommercial-ShareAlike)","Sin fines de lucro","Hemigrammus sp.",,urn:uuid:37e98a8d-929d-44d4-b686-06a4f289fe35,"2022-04-15 17:45:21",image/jpeg,https://localhost/bndb/collections/individual/index.php?occid=680823,StillImage,Photograph,en
680824,https://localhost/bndb/imagelib/INABIOEC_MECN-DP/00004/MECN-DP_4142_1578935081_lg.jpg,https://localhost/bndb/imagelib/INABIOEC_MECN-DP/00004/MECN-DP_4142_1578935081_lg.jpg,https://localhost/bndb/imagelib/INABIOEC_MECN-DP/00004/MECN-DP_4142_1578935081_tn.jpg,https://localhost/bndb/imagelib/INABIOEC_MECN-DP/00004/MECN-DP_4142_1578935081.jpg,http://creativecommons.org/licenses/by-nc/4.0/,"Gobierno del Ecuador- INABIO",,"CC BY-NC-SA (Attribution-NonCommercial-ShareAlike)","Sin fines de lucro","Hemigrammus sp.",,urn:uuid:b7a70f0a-aa83-4073-9cd6-6e450fd605e3,"2022-04-15 17:45:21",image/jpeg,https://localhost/bndb/collections/individual/index.php?occid=680824,StillImage,Photograph,en
680825,https://localhost/bndb/imagelib/INABIOEC_MECN-DP/00004/MECN-DP_4143_1578935118_lg.jpg,https://localhost/bndb/imagelib/INABIOEC_MECN-DP/00004/MECN-DP_4143_1578935118_lg.jpg,https://localhost/bndb/imagelib/INABIOEC_MECN-DP/00004/MECN-DP_4143_1578935118_tn.jpg,https://localhost/bndb/imagelib/INABIOEC_MECN-DP/00004/MECN-DP_4143_1578935118.jpg,http://creativecommons.org/licenses/by-nc/4.0/,"Gobierno del Ecuador- INABIO",,"CC BY-NC-SA (Attribution-NonCommercial-ShareAlike)","Sin fines de lucro","Charax gibbosus",,urn:uuid:6cf01069-3388-4216-be4a-a255799c9290,"2022-04-15 17:45:21",image/jpeg,https://localhost/bndb/collections/individual/index.php?occid=680825,StillImage,Photograph,en
680826,https://localhost/bndb/imagelib/INABIOEC_MECN-DP/00004/MECN-DP_4144_1578935162_lg.jpg,https://localhost/bndb/imagelib/INABIOEC_MECN-DP/00004/MECN-DP_4144_1578935162_lg.jpg,https://localhost/bndb/imagelib/INABIOEC_MECN-DP/00004/MECN-DP_4144_1578935162_tn.jpg,https://localhost/bndb/imagelib/INABIOEC_MECN-DP/00004/MECN-DP_4144_1578935162.jpg,http://creativecommons.org/licenses/by-nc/4.0/,"Gobierno del Ecuador- INABIO",,"CC BY-NC-SA (Attribution-NonCommercial-ShareAlike)","Sin fines de lucro","Hemigrammus lunatus",,urn:uuid:e36853a1-767a-43ac-8d05-4975206dddb2,"2022-04-15 17:45:21",image/jpeg,https://localhost/bndb/collections/individual/index.php?occid=680826,StillImage,Photograph,en
680827,https://localhost/bndb/imagelib/INABIOEC_MECN-DP/00004/MECN-DP_4145_1578935213_lg.jpg,https://localhost/bndb/imagelib/INABIOEC_MECN-DP/00004/MECN-DP_4145_1578935213_lg.jpg,https://localhost/bndb/imagelib/INABIOEC_MECN-DP/00004/MECN-DP_4145_1578935213_tn.jpg,https://localhost/bndb/imagelib/INABIOEC_MECN-DP/00004/MECN-DP_4145_1578935213.jpg,http://creativecommons.org/licenses/by-nc/4.0/,"Gobierno del Ecuador- INABIO",,"CC BY-NC-SA (Attribution-NonCommercial-ShareAlike)","Sin fines de lucro","Denticetopsis seducta",,urn:uuid:7da9fbfc-1e70-4e42-8e71-650b1158f2f8,"2022-04-15 17:45:21",image/jpeg,https://localhost/bndb/collections/individual/index.php?occid=680827,StillImage,Photograph,en
680828,https://localhost/bndb/imagelib/INABIOEC_MECN-DP/00004/MECN-DP_4146_1578935256_lg.jpg,https://localhost/bndb/imagelib/INABIOEC_MECN-DP/00004/MECN-DP_4146_1578935256_lg.jpg,https://localhost/bndb/imagelib/INABIOEC_MECN-DP/00004/MECN-DP_4146_1578935256_tn.jpg,https://localhost/bndb/imagelib/INABIOEC_MECN-DP/00004/MECN-DP_4146_1578935256.jpg,http://creativecommons.org/licenses/by-nc/4.0/,"Gobierno del Ecuador- INABIO",,"CC BY-NC-SA (Attribution-NonCommercial-ShareAlike)","Sin fines de lucro","Crenicichla lucius",,urn:uuid:f8e2e391-d8dd-469c-a91a-4d33fa12f1ca,"2022-04-15 17:45:21",image/jpeg,https://localhost/bndb/collections/individual/index.php?occid=680828,StillImage,Photograph,en
680829,https://localhost/bndb/imagelib/INABIOEC_MECN-DP/00004/MECN-DP_4147_D_1578935290_lg.jpg,https://localhost/bndb/imagelib/INABIOEC_MECN-DP/00004/MECN-DP_4147_D_1578935290_lg.jpg,https://localhost/bndb/imagelib/INABIOEC_MECN-DP/00004/MECN-DP_4147_D_1578935290_tn.jpg,https://localhost/bndb/imagelib/INABIOEC_MECN-DP/00004/MECN-DP_4147_D_1578935290.jpg,http://creativecommons.org/licenses/by-nc/4.0/,"Gobierno del Ecuador- INABIO",,"CC BY-NC-SA (Attribution-NonCommercial-ShareAlike)","Sin fines de lucro","Gladioglanis conquistador",,urn:uuid:d9b51eed-ecbe-4b7b-b898-641bcfb5aa29,"2022-04-15 17:45:21",image/jpeg,https://localhost/bndb/collections/individual/index.php?occid=680829,StillImage,Photograph,en
680829,https://localhost/bndb/imagelib/INABIOEC_MECN-DP/00004/MECN-DP_4147_L_1578935326_lg.jpg,https://localhost/bndb/imagelib/INABIOEC_MECN-DP/00004/MECN-DP_4147_L_1578935326_lg.jpg,https://localhost/bndb/imagelib/INABIOEC_MECN-DP/00004/MECN-DP_4147_L_1578935326_tn.jpg,https://localhost/bndb/imagelib/INABIOEC_MECN-DP/00004/MECN-DP_4147_L_1578935326.jpg,http://creativecommons.org/licenses/by-nc/4.0/,"Gobierno del Ecuador- INABIO",,"CC BY-NC-SA (Attribution-NonCommercial-ShareAlike)","Sin fines de lucro","Gladioglanis conquistador",,urn:uuid:265f6483-0c6f-4760-b4d3-d855806a694a,"2022-04-15 17:45:21",image/jpeg,https://localhost/bndb/collections/individual/index.php?occid=680829,StillImage,Photograph,en
680830,https://localhost/bndb/imagelib/INABIOEC_MECN-DP/00004/MECN-DP_4148_1578935599_lg.jpg,https://localhost/bndb/imagelib/INABIOEC_MECN-DP/00004/MECN-DP_4148_1578935599_lg.jpg,https://localhost/bndb/imagelib/INABIOEC_MECN-DP/00004/MECN-DP_4148_1578935599_tn.jpg,https://localhost/bndb/imagelib/INABIOEC_MECN-DP/00004/MECN-DP_4148_1578935599.jpg,http://creativecommons.org/licenses/by-nc/4.0/,"Gobierno del Ecuador- INABIO",,"CC BY-NC-SA (Attribution-NonCommercial-ShareAlike)","Sin fines de lucro","Hemigrammus schmardae",,urn:uuid:600d806f-3511-40b4-9859-5cbd8279b135,"2022-04-15 17:45:21",image/jpeg,https://localhost/bndb/collections/individual/index.php?occid=680830,StillImage,Photograph,en
680831,https://localhost/bndb/imagelib/INABIOEC_MECN-DP/00004/MECN-DP_4149_D_1578935679_lg.jpg,https://localhost/bndb/imagelib/INABIOEC_MECN-DP/00004/MECN-DP_4149_D_1578935679_lg.jpg,https://localhost/bndb/imagelib/INABIOEC_MECN-DP/00004/MECN-DP_4149_D_1578935679_tn.jpg,https://localhost/bndb/imagelib/INABIOEC_MECN-DP/00004/MECN-DP_4149_D_1578935679.jpg,http://creativecommons.org/licenses/by-nc/4.0/,"Gobierno del Ecuador- INABIO",,"CC BY-NC-SA (Attribution-NonCommercial-ShareAlike)","Sin fines de lucro","Astroblepus sp.",,urn:uuid:9315af76-5128-4677-9e6f-362105aea11f,"2022-04-15 17:45:21",image/jpeg,https://localhost/bndb/collections/individual/index.php?occid=680831,StillImage,Photograph,en
680833,https://localhost/bndb/imagelib/INABIOEC_MECN-DP/00004/MECN-DP_4150_D_1578936145_lg.jpg,https://localhost/bndb/imagelib/INABIOEC_MECN-DP/00004/MECN-DP_4150_D_1578936145_lg.jpg,https://localhost/bndb/imagelib/INABIOEC_MECN-DP/00004/MECN-DP_4150_D_1578936145_tn.jpg,https://localhost/bndb/imagelib/INABIOEC_MECN-DP/00004/MECN-DP_4150_D_1578936145.jpg,http://creativecommons.org/licenses/by-nc/4.0/,"Gobierno del Ecuador- INABIO",,"CC BY-NC-SA (Attribution-NonCommercial-ShareAlike)","Sin fines de lucro","Astroblepus sp.",,urn:uuid:867c3aaa-6951-4abf-897c-633df80d9799,"2022-04-15 17:45:21",image/jpeg,https://localhost/bndb/collections/individual/index.php?occid=680833,StillImage,Photograph,en
680833,https://localhost/bndb/imagelib/INABIOEC_MECN-DP/00004/MECN-DP_4150_V_1578936173_lg.jpg,https://localhost/bndb/imagelib/INABIOEC_MECN-DP/00004/MECN-DP_4150_V_1578936173_lg.jpg,https://localhost/bndb/imagelib/INABIOEC_MECN-DP/00004/MECN-DP_4150_V_1578936173_tn.jpg,https://localhost/bndb/imagelib/INABIOEC_MECN-DP/00004/MECN-DP_4150_V_1578936173.jpg,http://creativecommons.org/licenses/by-nc/4.0/,"Gobierno del Ecuador- INABIO",,"CC BY-NC-SA (Attribution-NonCommercial-ShareAlike)","Sin fines de lucro","Astroblepus sp.",,urn:uuid:61640592-6a29-4bd5-acf2-6bf55afe8b92,"2022-04-15 17:45:21",image/jpeg,https://localhost/bndb/collections/individual/index.php?occid=680833,StillImage,Photograph,en
680834,https://localhost/bndb/imagelib/INABIOEC_MECN-DP/00004/MECN-DP_4151_D_1578936611_lg.jpg,https://localhost/bndb/imagelib/INABIOEC_MECN-DP/00004/MECN-DP_4151_D_1578936611_lg.jpg,https://localhost/bndb/imagelib/INABIOEC_MECN-DP/00004/MECN-DP_4151_D_1578936611_tn.jpg,https://localhost/bndb/imagelib/INABIOEC_MECN-DP/00004/MECN-DP_4151_D_1578936611.jpg,http://creativecommons.org/licenses/by-nc/4.0/,"Gobierno del Ecuador- INABIO",,"CC BY-NC-SA (Attribution-NonCommercial-ShareAlike)","Sin fines de lucro","Astroblepus sp.",,urn:uuid:70bb1e2d-4fdf-4b30-9484-f89411933edf,"2022-04-15 17:45:21",image/jpeg,https://localhost/bndb/collections/individual/index.php?occid=680834,StillImage,Photograph,en
680834,https://localhost/bndb/imagelib/INABIOEC_MECN-DP/00004/MECN-DP_4151_V_1578936637_lg.jpg,https://localhost/bndb/imagelib/INABIOEC_MECN-DP/00004/MECN-DP_4151_V_1578936637_lg.jpg,https://localhost/bndb/imagelib/INABIOEC_MECN-DP/00004/MECN-DP_4151_V_1578936637_tn.jpg,https://localhost/bndb/imagelib/INABIOEC_MECN-DP/00004/MECN-DP_4151_V_1578936637.jpg,http://creativecommons.org/licenses/by-nc/4.0/,"Gobierno del Ecuador- INABIO",,"CC BY-NC-SA (Attribution-NonCommercial-ShareAlike)","Sin fines de lucro","Astroblepus sp.",,urn:uuid:1c8dfbc4-9f05-41da-9d59-7f722fd6dbf4,"2022-04-15 17:45:21",image/jpeg,https://localhost/bndb/collections/individual/index.php?occid=680834,StillImage,Photograph,en
680985,https://localhost/bndb/imagelib/INABIOEC_MECN-DP/00004/MECN-DP_4288_1578936682_lg.jpg,https://localhost/bndb/imagelib/INABIOEC_MECN-DP/00004/MECN-DP_4288_1578936682_lg.jpg,https://localhost/bndb/imagelib/INABIOEC_MECN-DP/00004/MECN-DP_4288_1578936682_tn.jpg,https://localhost/bndb/imagelib/INABIOEC_MECN-DP/00004/MECN-DP_4288_1578936682.jpg,http://creativecommons.org/licenses/by-nc/4.0/,"Gobierno del Ecuador- INABIO",,"CC BY-NC-SA (Attribution-NonCommercial-ShareAlike)","Sin fines de lucro","Hemigrammus sp.",,urn:uuid:085127ce-cd48-4cf9-9a39-b29d886cd486,"2022-04-15 17:45:21",image/jpeg,https://localhost/bndb/collections/individual/index.php?occid=680985,StillImage,Photograph,en
