catalogNumber,id,bloque,regla,campos,valores,severidad,destino
1489,677806,coordenadas,coordenada compartida y provincia minoritaria,stateProvince|decimalLatitude|decimalLongitude,Guayas -1.557533 -79.758014,alta,INABIO
1814,678191,coordenadas,coordenada compartida y provincia minoritaria,stateProvince|decimalLatitude|decimalLongitude,Pichincha 0.133663 -76.652616,alta,INABIO
1815,678192,coordenadas,coordenada compartida y provincia minoritaria,stateProvince|decimalLatitude|decimalLongitude,Pichincha 0.133663 -76.652616,alta,INABIO
2534,678991,coordenadas,coordenada compartida y provincia minoritaria,stateProvince|decimalLatitude|decimalLongitude,Loreto -0.565725 -75.205312,alta,INABIO
2535,678992,coordenadas,coordenada compartida y provincia minoritaria,stateProvince|decimalLatitude|decimalLongitude,Loreto -0.565725 -75.205312,alta,INABIO
2536,678993,coordenadas,coordenada compartida y provincia minoritaria,stateProvince|decimalLatitude|decimalLongitude,Loreto -0.565725 -75.205312,alta,INABIO
2537,678994,coordenadas,coordenada compartida y provincia minoritaria,stateProvince|decimalLatitude|decimalLongitude,Loreto -0.565725 -75.205312,alta,INABIO
2538,678995,coordenadas,coordenada compartida y provincia minoritaria,stateProvince|decimalLatitude|decimalLongitude,Loreto -0.565725 -75.205312,alta,INABIO
3052,679590,coordenadas,coordenada compartida y provincia minoritaria,stateProvince|decimalLatitude|decimalLongitude,Carchi -0.455956 -75.353747,alta,INABIO
3094,679636,coordenadas,coordenada compartida y provincia minoritaria,stateProvince|decimalLatitude|decimalLongitude,NA 0.214115 -76.274799,alta,INABIO
3095,679637,coordenadas,coordenada compartida y provincia minoritaria,stateProvince|decimalLatitude|decimalLongitude,NA 0.214115 -76.274799,alta,INABIO
3096,679638,coordenadas,coordenada compartida y provincia minoritaria,stateProvince|decimalLatitude|decimalLongitude,Pastaza 0.214115 -76.274799,alta,INABIO
3097,679639,coordenadas,coordenada compartida y provincia minoritaria,stateProvince|decimalLatitude|decimalLongitude,Tungurahua 0.214115 -76.274799,alta,INABIO
3098,679640,coordenadas,coordenada compartida y provincia minoritaria,stateProvince|decimalLatitude|decimalLongitude,Tungurahua 0.214115 -76.274799,alta,INABIO
3099,679641,coordenadas,coordenada compartida y provincia minoritaria,stateProvince|decimalLatitude|decimalLongitude,Tungurahua 0.214115 -76.274799,alta,INABIO
3116,679661,coordenadas,coordenada compartida y provincia minoritaria,stateProvince|decimalLatitude|decimalLongitude,Morona Santiago -1.436321 -78.165466,alta,INABIO
3431,680011,coordenadas,coordenada compartida y provincia minoritaria,stateProvince|decimalLatitude|decimalLongitude,El Oro -3.872997 -80.037728,alta,INABIO
3514,680103,coordenadas,coordenada compartida y provincia minoritaria,stateProvince|decimalLatitude|decimalLongitude,Napo -0.363411 -75.685774,alta,INABIO
4922,1839995,coordenadas,coordenada compartida y provincia minoritaria,stateProvince|decimalLatitude|decimalLongitude,Guayas -2.17724 -79.13347,alta,INABIO
5,681169,coordenadas,coordenada compartida y provincia minoritaria,stateProvince|decimalLatitude|decimalLongitude,Sucumbíos -0.459992 -80.454897,alta,INABIO
5246,1840319,coordenadas,coordenada compartida y provincia minoritaria,stateProvince|decimalLatitude|decimalLongitude,Sucumbíos -0.997237 -76.09445,alta,INABIO
5259,1840332,coordenadas,coordenada compartida y provincia minoritaria,stateProvince|decimalLatitude|decimalLongitude,Orellana -2.091522 -79.39281,alta,INABIO
5260,1840333,coordenadas,coordenada compartida y provincia minoritaria,stateProvince|decimalLatitude|decimalLongitude,Orellana -2.091522 -79.39281,alta,INABIO
5264,1840337,coordenadas,coordenada compartida y provincia minoritaria,stateProvince|decimalLatitude|decimalLongitude,Bolívar -2.091522 -79.392815,alta,INABIO
5606,1840702,coordenadas,coordenada compartida y provincia minoritaria,stateProvince|decimalLatitude|decimalLongitude,Esmeraldas -0.928275 -79.221299,alta,INABIO
5607,1840703,coordenadas,coordenada compartida y provincia minoritaria,stateProvince|decimalLatitude|decimalLongitude,Orellana -0.87127 -79.85844,alta,INABIO
5610,1840706,coordenadas,coordenada compartida y provincia minoritaria,stateProvince|decimalLatitude|decimalLongitude,Pichincha -0.928275 -79.221299,alta,INABIO
5613,1840709,coordenadas,coordenada compartida y provincia minoritaria,stateProvince|decimalLatitude|decimalLongitude,Orellana -0.42756 -76.12474,alta,INABIO
5614,1840710,coordenadas,coordenada compartida y provincia minoritaria,stateProvince|decimalLatitude|decimalLongitude,Napo -0.599774 -75.508604,alta,INABIO
5615,1840711,coordenadas,coordenada compartida y provincia minoritaria,stateProvince|decimalLatitude|decimalLongitude,Orellana -0.599774 -75.508604,alta,INABIO
5616,1840712,coordenadas,coordenada compartida y provincia minoritaria,stateProvince|decimalLatitude|decimalLongitude,Orellana -1.943606 -79.076243,alta,INABIO
5620,1840716,coordenadas,coordenada compartida y provincia minoritaria,stateProvince|decimalLatitude|decimalLongitude,Bolívar -0.928275 -79.221299,alta,INABIO
5625,1840721,coordenadas,coordenada compartida y provincia minoritaria,stateProvince|decimalLatitude|decimalLongitude,Napo 1.060249 -79.404332,alta,INABIO
5630,1840726,coordenadas,coordenada compartida y provincia minoritaria,stateProvince|decimalLatitude|decimalLongitude,Napo -2.452546 -78.174371,alta,INABIO
5636,1840732,coordenadas,coordenada compartida y provincia minoritaria,stateProvince|decimalLatitude|decimalLongitude,Cotopaxi -0.04499 -76.20131,alta,INABIO
5644,1840740,coordenadas,coordenada compartida y provincia minoritaria,stateProvince|decimalLatitude|decimalLongitude,Sucumbíos -0.6211 -75.8582,alta,INABIO
5647,1840743,coordenadas,coordenada compartida y provincia minoritaria,stateProvince|decimalLatitude|decimalLongitude,Napo -0.670262 -75.901753,alta,INABIO
5649,1840745,coordenadas,coordenada compartida y provincia minoritaria,stateProvince|decimalLatitude|decimalLongitude,Pichincha -0.87127 -79.85844,alta,INABIO
5653,1840749,coordenadas,coordenada compartida y provincia minoritaria,stateProvince|decimalLatitude|decimalLongitude,Esmeraldas -0.6211 -75.8582,alta,INABIO
5654,1840750,coordenadas,coordenada compartida y provincia minoritaria,stateProvince|decimalLatitude|decimalLongitude,Esmeraldas -0.670262 -75.901753,alta,INABIO
5657,1840753,coordenadas,coordenada compartida y provincia minoritaria,stateProvince|decimalLatitude|decimalLongitude,Esmeraldas -0.04499 -76.20131,alta,INABIO
5658,1840754,coordenadas,coordenada compartida y provincia minoritaria,stateProvince|decimalLatitude|decimalLongitude,Esmeraldas -2.091522 -79.392815,alta,INABIO
5659,1840755,coordenadas,coordenada compartida y provincia minoritaria,stateProvince|decimalLatitude|decimalLongitude,Esmeraldas -0.599774 -75.508604,alta,INABIO
5660,1840756,coordenadas,coordenada compartida y provincia minoritaria,stateProvince|decimalLatitude|decimalLongitude,Esmeraldas -0.04499 -76.20131,alta,INABIO
5663,1840759,coordenadas,coordenada compartida y provincia minoritaria,stateProvince|decimalLatitude|decimalLongitude,Pichincha -0.6211 -75.8582,alta,INABIO
5666,1840762,coordenadas,coordenada compartida y provincia minoritaria,stateProvince|decimalLatitude|decimalLongitude,Pichincha -0.599774 -75.508604,alta,INABIO
5667,1840763,coordenadas,coordenada compartida y provincia minoritaria,stateProvince|decimalLatitude|decimalLongitude,Pichincha -0.04499 -76.20131,alta,INABIO
5669,1840765,coordenadas,coordenada compartida y provincia minoritaria,stateProvince|decimalLatitude|decimalLongitude,Pichincha -0.010389 -76.142919,alta,INABIO
5675,1840771,coordenadas,coordenada compartida y provincia minoritaria,stateProvince|decimalLatitude|decimalLongitude,El Oro -0.6211 -75.8582,alta,INABIO
5677,1840773,coordenadas,coordenada compartida y provincia minoritaria,stateProvince|decimalLatitude|decimalLongitude,Esmeraldas -0.670262 -75.901753,alta,INABIO
5680,1840776,coordenadas,coordenada compartida y provincia minoritaria,stateProvince|decimalLatitude|decimalLongitude,Manabí -0.597198 -75.901753,alta,INABIO
5682,1840778,coordenadas,coordenada compartida y provincia minoritaria,stateProvince|decimalLatitude|decimalLongitude,Orellana -0.42756 -76.12474,alta,INABIO
5685,1840781,coordenadas,coordenada compartida y provincia minoritaria,stateProvince|decimalLatitude|decimalLongitude,Orellana -2.452546 -78.174371,alta,INABIO
5686,1840782,coordenadas,coordenada compartida y provincia minoritaria,stateProvince|decimalLatitude|decimalLongitude,Bolívar -0.87127 -79.85844,alta,INABIO
6,681280,coordenadas,coordenada compartida y provincia minoritaria,stateProvince|decimalLatitude|decimalLongitude,Sucumbíos -0.459992 -80.454897,alta,INABIO
6042,1841138,coordenadas,coordenada compartida y provincia minoritaria,stateProvince|decimalLatitude|decimalLongitude,Morona Santiago -0.39672 -76.128285,alta,INABIO
3765,680404,coordenadas,coordenada derivada de un DMS fuera de rango,dms_rango_invalido,"00°25'28,40'' 75°25'76,40''",alta,INABIO
4151,680834,coordenadas,coordenada derivada de un DMS fuera de rango,dms_rango_invalido,00°14'29.3''N 077°34'073''W,alta,INABIO
4184,680870,coordenadas,coordenada derivada de un DMS fuera de rango,dms_rango_invalido,00°57'075'' / 80°42'32.73'',alta,INABIO
4212,680902,coordenadas,coordenada derivada de un DMS fuera de rango,dms_rango_invalido,3°55'64''S / 79°48'15''W,alta,INABIO
4213,680903,coordenadas,coordenada derivada de un DMS fuera de rango,dms_rango_invalido,3°55'64''S / 79°48'15''W,alta,INABIO
5899,1840995,coordenadas,coordenada derivada de un DMS fuera de rango,dms_rango_invalido,01°92´44´´S 77° 32´18´´W,alta,INABIO
5917,1841013,coordenadas,coordenada derivada de un DMS fuera de rango,dms_rango_invalido,01°92´44´´S 77°32´18´´W,alta,INABIO
5923,1841019,coordenadas,coordenada derivada de un DMS fuera de rango,dms_rango_invalido,01°92´44´´S 77°32´18´´W,alta,INABIO
5924,1841020,coordenadas,coordenada derivada de un DMS fuera de rango,dms_rango_invalido,01°92´44´´S 77°32´18´´W,alta,INABIO
5965,1841061,coordenadas,coordenada derivada de un DMS fuera de rango,dms_rango_invalido,01°92´44´´S 77°32´18´´W,alta,INABIO
5989,1841085,coordenadas,coordenada derivada de un DMS fuera de rango,dms_rango_invalido,01°92´44´´S 77°32´18´´W,alta,INABIO
6027,1841123,coordenadas,coordenada derivada de un DMS fuera de rango,dms_rango_invalido,01°92´44´´S 77°32´18´´W,alta,INABIO
1489,677806,coordenadas,coordenada fuera de la provincia declarada,coherencia_provincia | dist_fuera_provincia_km,Guayas | 10.71 km,alta,INABIO
1814,678191,coordenadas,coordenada fuera de la provincia declarada,coherencia_provincia | dist_fuera_provincia_km,Pichincha | 132.51 km,alta,INABIO
1815,678192,coordenadas,coordenada fuera de la provincia declarada,coherencia_provincia | dist_fuera_provincia_km,Pichincha | 132.51 km,alta,INABIO
3003,679536,coordenadas,coordenada fuera de la provincia declarada,coherencia_provincia | dist_fuera_provincia_km,Sucumbíos | 75.01 km,alta,INABIO
3005,679538,coordenadas,coordenada fuera de la provincia declarada,coherencia_provincia | dist_fuera_provincia_km,Sucumbíos | 82.56 km,alta,INABIO
3046,679583,coordenadas,coordenada fuera de la provincia declarada,coherencia_provincia | dist_fuera_provincia_km,Morona Santiago | 279.45 km,alta,INABIO
3047,679584,coordenadas,coordenada fuera de la provincia declarada,coherencia_provincia | dist_fuera_provincia_km,Morona Santiago | 279.45 km,alta,INABIO
3052,679590,coordenadas,coordenada fuera de la provincia declarada,coherencia_provincia | dist_fuera_provincia_km,Carchi | 272.13 km,alta,INABIO
3059,679597,coordenadas,coordenada fuera de la provincia declarada,coherencia_provincia | dist_fuera_provincia_km,Pastaza | 102.1 km,alta,INABIO
3060,679599,coordenadas,coordenada fuera de la provincia declarada,coherencia_provincia | dist_fuera_provincia_km,Pastaza | 102.1 km,alta,INABIO
3061,679600,coordenadas,coordenada fuera de la provincia declarada,coherencia_provincia | dist_fuera_provincia_km,Pastaza | 102.1 km,alta,INABIO
3096,679638,coordenadas,coordenada fuera de la provincia declarada,coherencia_provincia | dist_fuera_provincia_km,Pastaza | 143.63 km,alta,INABIO
3097,679639,coordenadas,coordenada fuera de la provincia declarada,coherencia_provincia | dist_fuera_provincia_km,Tungurahua | 257.44 km,alta,INABIO
3098,679640,coordenadas,coordenada fuera de la provincia declarada,coherencia_provincia | dist_fuera_provincia_km,Tungurahua | 257.44 km,alta,INABIO
3099,679641,coordenadas,coordenada fuera de la provincia declarada,coherencia_provincia | dist_fuera_provincia_km,Tungurahua | 257.44 km,alta,INABIO
3106,679650,coordenadas,coordenada fuera de la provincia declarada,coherencia_provincia | dist_fuera_provincia_km,Pastaza | 5.05 km,alta,INABIO
3287,679850,coordenadas,coordenada fuera de la provincia declarada,coherencia_provincia | dist_fuera_provincia_km,Sucumbíos | 187.65 km,alta,INABIO
3288,679851,coordenadas,coordenada fuera de la provincia declarada,coherencia_provincia | dist_fuera_provincia_km,Sucumbíos | 190.92 km,alta,INABIO
3294,679858,coordenadas,coordenada fuera de la provincia declarada,coherencia_provincia | dist_fuera_provincia_km,Morona Santiago | 183.7 km,alta,INABIO
3295,679859,coordenadas,coordenada fuera de la provincia declarada,coherencia_provincia | dist_fuera_provincia_km,Morona Santiago | 184.42 km,alta,INABIO
3350,679921,coordenadas,coordenada fuera de la provincia declarada,coherencia_provincia | dist_fuera_provincia_km,Santo Domingo de los Tsáchilas | 11.65 km,alta,INABIO
3511,680100,coordenadas,coordenada fuera de la provincia declarada,coherencia_provincia | dist_fuera_provincia_km,El Oro | 416.13 km,alta,INABIO
3514,680103,coordenadas,coordenada fuera de la provincia declarada,coherencia_provincia | dist_fuera_provincia_km,Napo | 161.07 km,alta,INABIO
3515,680104,coordenadas,coordenada fuera de la provincia declarada,coherencia_provincia | dist_fuera_provincia_km,Imbabura | 173.8 km,alta,INABIO
3527,680140,coordenadas,coordenada fuera de la provincia declarada,coherencia_provincia | dist_fuera_provincia_km,Pastaza | 243.71 km,alta,INABIO
3589,680208,coordenadas,coordenada fuera de la provincia declarada,coherencia_provincia | dist_fuera_provincia_km,Pastaza | 32.17 km,alta,INABIO
3590,680210,coordenadas,coordenada fuera de la provincia declarada,coherencia_provincia | dist_fuera_provincia_km,Pastaza | 32.17 km,alta,INABIO
3591,680211,coordenadas,coordenada fuera de la provincia declarada,coherencia_provincia | dist_fuera_provincia_km,Pastaza | 32.17 km,alta,INABIO
3765,680404,coordenadas,coordenada fuera de la provincia declarada,coherencia_provincia | dist_fuera_provincia_km,Orellana | 100.03 km,alta,INABIO
3867,680517,coordenadas,coordenada fuera de la provincia declarada,coherencia_provincia | dist_fuera_provincia_km,Pastaza | 188.31 km,alta,INABIO
3875,680526,coordenadas,coordenada fuera de la provincia declarada,coherencia_provincia | dist_fuera_provincia_km,El Oro | 294.97 km,alta,INABIO
3876,680527,coordenadas,coordenada fuera de la provincia declarada,coherencia_provincia | dist_fuera_provincia_km,El Oro | 294.97 km,alta,INABIO
3877,680528,coordenadas,coordenada fuera de la provincia declarada,coherencia_provincia | dist_fuera_provincia_km,El Oro | 294.97 km,alta,INABIO
3878,680529,coordenadas,coordenada fuera de la provincia declarada,coherencia_provincia | dist_fuera_provincia_km,El Oro | 294.97 km,alta,INABIO
3879,680530,coordenadas,coordenada fuera de la provincia declarada,coherencia_provincia | dist_fuera_provincia_km,El Oro | 294.97 km,alta,INABIO
3926,680583,coordenadas,coordenada fuera de la provincia declarada,coherencia_provincia | dist_fuera_provincia_km,Esmeraldas | 36.64 km,alta,INABIO
3927,680584,coordenadas,coordenada fuera de la provincia declarada,coherencia_provincia | dist_fuera_provincia_km,Esmeraldas | 36.64 km,alta,INABIO
4022,680691,coordenadas,coordenada fuera de la provincia declarada,coherencia_provincia | dist_fuera_provincia_km,Orellana | 412.44 km,alta,INABIO
4023,680692,coordenadas,coordenada fuera de la provincia declarada,coherencia_provincia | dist_fuera_provincia_km,Orellana | 412.44 km,alta,INABIO
4024,680693,coordenadas,coordenada fuera de la provincia declarada,coherencia_provincia | dist_fuera_provincia_km,Orellana | 412.44 km,alta,INABIO
4025,680694,coordenadas,coordenada fuera de la provincia declarada,coherencia_provincia | dist_fuera_provincia_km,Orellana | 412.44 km,alta,INABIO
4195,680882,coordenadas,coordenada fuera de la provincia declarada,coherencia_provincia | dist_fuera_provincia_km,Manabí | 1090.51 km,alta,INABIO
4212,680902,coordenadas,coordenada fuera de la provincia declarada,coherencia_provincia | dist_fuera_provincia_km,El Oro | 9.92 km,alta,INABIO
4213,680903,coordenadas,coordenada fuera de la provincia declarada,coherencia_provincia | dist_fuera_provincia_km,El Oro | 9.92 km,alta,INABIO
4237,680929,coordenadas,coordenada fuera de la provincia declarada,coherencia_provincia | dist_fuera_provincia_km,El Oro | 6.52 km,alta,INABIO
4238,680930,coordenadas,coordenada fuera de la provincia declarada,coherencia_provincia | dist_fuera_provincia_km,El Oro | 6.52 km,alta,INABIO
4247,680940,coordenadas,coordenada fuera de la provincia declarada,coherencia_provincia | dist_fuera_provincia_km,Pastaza | 197.78 km,alta,INABIO
4274,680970,coordenadas,coordenada fuera de la provincia declarada,coherencia_provincia | dist_fuera_provincia_km,Morona Santiago | 59.9 km,alta,INABIO
4289,680986,coordenadas,coordenada fuera de la provincia declarada,coherencia_provincia | dist_fuera_provincia_km,Manabí | 102.19 km,alta,INABIO
5,681169,coordenadas,coordenada fuera de la provincia declarada,coherencia_provincia | dist_fuera_provincia_km,Sucumbíos | 282.53 km,alta,INABIO
5094,1840167,coordenadas,coordenada fuera de la provincia declarada,coherencia_provincia | dist_fuera_provincia_km,Orellana | 64.91 km,alta,INABIO
5122,1840195,coordenadas,coordenada fuera de la provincia declarada,coherencia_provincia | dist_fuera_provincia_km,Esmeraldas | 97.76 km,alta,INABIO
5123,1840196,coordenadas,coordenada fuera de la provincia declarada,coherencia_provincia | dist_fuera_provincia_km,Esmeraldas | 97.76 km,alta,INABIO
5124,1840197,coordenadas,coordenada fuera de la provincia declarada,coherencia_provincia | dist_fuera_provincia_km,Esmeraldas | 97.76 km,alta,INABIO
5125,1840198,coordenadas,coordenada fuera de la provincia declarada,coherencia_provincia | dist_fuera_provincia_km,Esmeraldas | 97.76 km,alta,INABIO
5126,1840199,coordenadas,coordenada fuera de la provincia declarada,coherencia_provincia | dist_fuera_provincia_km,Esmeraldas | 97.76 km,alta,INABIO
5127,1840200,coordenadas,coordenada fuera de la provincia declarada,coherencia_provincia | dist_fuera_provincia_km,Esmeraldas | 97.76 km,alta,INABIO
5128,1840201,coordenadas,coordenada fuera de la provincia declarada,coherencia_provincia | dist_fuera_provincia_km,Esmeraldas | 97.76 km,alta,INABIO
5129,1840202,coordenadas,coordenada fuera de la provincia declarada,coherencia_provincia | dist_fuera_provincia_km,Esmeraldas | 97.76 km,alta,INABIO
5146,1840219,coordenadas,coordenada fuera de la provincia declarada,coherencia_provincia | dist_fuera_provincia_km,Orellana | 99.44 km,alta,INABIO
5157,1840230,coordenadas,coordenada fuera de la provincia declarada,coherencia_provincia | dist_fuera_provincia_km,Esmeraldas | 97.76 km,alta,INABIO
5158,1840231,coordenadas,coordenada fuera de la provincia declarada,coherencia_provincia | dist_fuera_provincia_km,Esmeraldas | 97.76 km,alta,INABIO
5160,1840233,coordenadas,coordenada fuera de la provincia declarada,coherencia_provincia | dist_fuera_provincia_km,Pichincha | 5.86 km,alta,INABIO
5162,1840235,coordenadas,coordenada fuera de la provincia declarada,coherencia_provincia | dist_fuera_provincia_km,Esmeraldas | 97.76 km,alta,INABIO
5165,1840238,coordenadas,coordenada fuera de la provincia declarada,coherencia_provincia | dist_fuera_provincia_km,Esmeraldas | 97.76 km,alta,INABIO
5171,1840244,coordenadas,coordenada fuera de la provincia declarada,coherencia_provincia | dist_fuera_provincia_km,Orellana | 50.08 km,alta,INABIO
5185,1840258,coordenadas,coordenada fuera de la provincia declarada,coherencia_provincia | dist_fuera_provincia_km,Sucumbíos | 286.23 km,alta,INABIO
5192,1840265,coordenadas,coordenada fuera de la provincia declarada,coherencia_provincia | dist_fuera_provincia_km,Sucumbíos | 286.23 km,alta,INABIO
5200,1840273,coordenadas,coordenada fuera de la provincia declarada,coherencia_provincia | dist_fuera_provincia_km,Sucumbíos | 286.23 km,alta,INABIO
5211,1840284,coordenadas,coordenada fuera de la provincia declarada,coherencia_provincia | dist_fuera_provincia_km,Sucumbíos | 286.23 km,alta,INABIO
5215,1840288,coordenadas,coordenada fuera de la provincia declarada,coherencia_provincia | dist_fuera_provincia_km,Sucumbíos | 286.23 km,alta,INABIO
5222,1840295,coordenadas,coordenada fuera de la provincia declarada,coherencia_provincia | dist_fuera_provincia_km,Sucumbíos | 286.23 km,alta,INABIO
5225,1840298,coordenadas,coordenada fuera de la provincia declarada,coherencia_provincia | dist_fuera_provincia_km,Sucumbíos | 286.23 km,alta,INABIO
5231,1840304,coordenadas,coordenada fuera de la provincia declarada,coherencia_provincia | dist_fuera_provincia_km,Sucumbíos | 286.23 km,alta,INABIO
5232,1840305,coordenadas,coordenada fuera de la provincia declarada,coherencia_provincia | dist_fuera_provincia_km,Sucumbíos | 286.23 km,alta,INABIO
5240,1840313,coordenadas,coordenada fuera de la provincia declarada,coherencia_provincia | dist_fuera_provincia_km,Pichincha | 13.15 km,alta,INABIO
5241,1840314,coordenadas,coordenada fuera de la provincia declarada,coherencia_provincia | dist_fuera_provincia_km,Sucumbíos | 286.23 km,alta,INABIO
5245,1840318,coordenadas,coordenada fuera de la provincia declarada,coherencia_provincia | dist_fuera_provincia_km,Sucumbíos | 286.23 km,alta,INABIO
5246,1840319,coordenadas,coordenada fuera de la provincia declarada,coherencia_provincia | dist_fuera_provincia_km,Sucumbíos | 50.27 km,alta,INABIO
5251,1840324,coordenadas,coordenada fuera de la provincia declarada,coherencia_provincia | dist_fuera_provincia_km,Sucumbíos | 286.23 km,alta,INABIO
5252,1840325,coordenadas,coordenada fuera de la provincia declarada,coherencia_provincia | dist_fuera_provincia_km,Sucumbíos | 286.23 km,alta,INABIO
5259,1840332,coordenadas,coordenada fuera de la provincia declarada,coherencia_provincia | dist_fuera_provincia_km,Orellana | 238.39 km,alta,INABIO
5260,1840333,coordenadas,coordenada fuera de la provincia declarada,coherencia_provincia | dist_fuera_provincia_km,Orellana | 238.39 km,alta,INABIO
5261,1840334,coordenadas,coordenada fuera de la provincia declarada,coherencia_provincia | dist_fuera_provincia_km,Sucumbíos | 286.23 km,alta,INABIO
5262,1840335,coordenadas,coordenada fuera de la provincia declarada,coherencia_provincia | dist_fuera_provincia_km,Sucumbíos | 286.23 km,alta,INABIO
5263,1840336,coordenadas,coordenada fuera de la provincia declarada,coherencia_provincia | dist_fuera_provincia_km,Esmeraldas | 96.81 km,alta,INABIO
5264,1840337,coordenadas,coordenada fuera de la provincia declarada,coherencia_provincia | dist_fuera_provincia_km,Bolívar | 18.01 km,alta,INABIO
5295,1840368,coordenadas,coordenada fuera de la provincia declarada,coherencia_provincia | dist_fuera_provincia_km,Esmeraldas | 97.76 km,alta,INABIO
5296,1840369,coordenadas,coordenada fuera de la provincia declarada,coherencia_provincia | dist_fuera_provincia_km,Esmeraldas | 97.76 km,alta,INABIO
5299,1840372,coordenadas,coordenada fuera de la provincia declarada,coherencia_provincia | dist_fuera_provincia_km,Sucumbíos | 286.23 km,alta,INABIO
5308,1840381,coordenadas,coordenada fuera de la provincia declarada,coherencia_provincia | dist_fuera_provincia_km,Sucumbíos | 286.23 km,alta,INABIO
5310,1840383,coordenadas,coordenada fuera de la provincia declarada,coherencia_provincia | dist_fuera_provincia_km,Esmeraldas | 97.76 km,alta,INABIO
5314,1840387,coordenadas,coordenada fuera de la provincia declarada,coherencia_provincia | dist_fuera_provincia_km,Esmeraldas | 97.76 km,alta,INABIO
5315,1840388,coordenadas,coordenada fuera de la provincia declarada,coherencia_provincia | dist_fuera_provincia_km,Esmeraldas | 97.76 km,alta,INABIO
5316,1840389,coordenadas,coordenada fuera de la provincia declarada,coherencia_provincia | dist_fuera_provincia_km,Esmeraldas | 97.76 km,alta,INABIO
5317,1840390,coordenadas,coordenada fuera de la provincia declarada,coherencia_provincia | dist_fuera_provincia_km,Esmeraldas | 97.76 km,alta,INABIO
5318,1840391,coordenadas,coordenada fuera de la provincia declarada,coherencia_provincia | dist_fuera_provincia_km,Esmeraldas | 97.76 km,alta,INABIO
5320,1840393,coordenadas,coordenada fuera de la provincia declarada,coherencia_provincia | dist_fuera_provincia_km,Esmeraldas | 97.76 km,alta,INABIO
5321,1840394,coordenadas,coordenada fuera de la provincia declarada,coherencia_provincia | dist_fuera_provincia_km,Esmeraldas | 97.76 km,alta,INABIO
5322,1840395,coordenadas,coordenada fuera de la provincia declarada,coherencia_provincia | dist_fuera_provincia_km,Esmeraldas | 97.76 km,alta,INABIO
5329,1840402,coordenadas,coordenada fuera de la provincia declarada,coherencia_provincia | dist_fuera_provincia_km,Esmeraldas | 97.76 km,alta,INABIO
5330,1840403,coordenadas,coordenada fuera de la provincia declarada,coherencia_provincia | dist_fuera_provincia_km,Santo Domingo de los Tsáchilas | 46.45 km,alta,INABIO
5332,1840405,coordenadas,coordenada fuera de la provincia declarada,coherencia_provincia | dist_fuera_provincia_km,Esmeraldas | 97.76 km,alta,INABIO
5337,1840410,coordenadas,coordenada fuera de la provincia declarada,coherencia_provincia | dist_fuera_provincia_km,Esmeraldas | 97.76 km,alta,INABIO
5340,1840413,coordenadas,coordenada fuera de la provincia declarada,coherencia_provincia | dist_fuera_provincia_km,Esmeraldas | 97.76 km,alta,INABIO
5342,1840415,coordenadas,coordenada fuera de la provincia declarada,coherencia_provincia | dist_fuera_provincia_km,Esmeraldas | 97.76 km,alta,INABIO
5343,1840416,coordenadas,coordenada fuera de la provincia declarada,coherencia_provincia | dist_fuera_provincia_km,Esmeraldas | 97.76 km,alta,INABIO
5344,1840417,coordenadas,coordenada fuera de la provincia declarada,coherencia_provincia | dist_fuera_provincia_km,Esmeraldas | 97.76 km,alta,INABIO
5349,1840422,coordenadas,coordenada fuera de la provincia declarada,coherencia_provincia | dist_fuera_provincia_km,Esmeraldas | 97.76 km,alta,INABIO
5351,1840424,coordenadas,coordenada fuera de la provincia declarada,coherencia_provincia | dist_fuera_provincia_km,Esmeraldas | 97.76 km,alta,INABIO
5352,1840425,coordenadas,coordenada fuera de la provincia declarada,coherencia_provincia | dist_fuera_provincia_km,Esmeraldas | 97.76 km,alta,INABIO
5353,1840426,coordenadas,coordenada fuera de la provincia declarada,coherencia_provincia | dist_fuera_provincia_km,Esmeraldas | 97.76 km,alta,INABIO
5354,1840427,coordenadas,coordenada fuera de la provincia declarada,coherencia_provincia | dist_fuera_provincia_km,Esmeraldas | 97.76 km,alta,INABIO
5355,1840428,coordenadas,coordenada fuera de la provincia declarada,coherencia_provincia | dist_fuera_provincia_km,Esmeraldas | 97.76 km,alta,INABIO
5357,1840430,coordenadas,coordenada fuera de la provincia declarada,coherencia_provincia | dist_fuera_provincia_km,Esmeraldas | 97.76 km,alta,INABIO
5358,1840431,coordenadas,coordenada fuera de la provincia declarada,coherencia_provincia | dist_fuera_provincia_km,Esmeraldas | 97.76 km,alta,INABIO
5359,1840432,coordenadas,coordenada fuera de la provincia declarada,coherencia_provincia | dist_fuera_provincia_km,Esmeraldas | 97.76 km,alta,INABIO
5361,1840434,coordenadas,coordenada fuera de la provincia declarada,coherencia_provincia | dist_fuera_provincia_km,Esmeraldas | 97.76 km,alta,INABIO
5362,1840435,coordenadas,coordenada fuera de la provincia declarada,coherencia_provincia | dist_fuera_provincia_km,Esmeraldas | 97.76 km,alta,INABIO
5363,1840436,coordenadas,coordenada fuera de la provincia declarada,coherencia_provincia | dist_fuera_provincia_km,Esmeraldas | 97.76 km,alta,INABIO
5367,1840440,coordenadas,coordenada fuera de la provincia declarada,coherencia_provincia | dist_fuera_provincia_km,Esmeraldas | 97.76 km,alta,INABIO
5368,1840441,coordenadas,coordenada fuera de la provincia declarada,coherencia_provincia | dist_fuera_provincia_km,Esmeraldas | 97.76 km,alta,INABIO
5369,1840442,coordenadas,coordenada fuera de la provincia declarada,coherencia_provincia | dist_fuera_provincia_km,Esmeraldas | 97.76 km,alta,INABIO
5370,1840443,coordenadas,coordenada fuera de la provincia declarada,coherencia_provincia | dist_fuera_provincia_km,Esmeraldas | 97.76 km,alta,INABIO
5371,1840444,coordenadas,coordenada fuera de la provincia declarada,coherencia_provincia | dist_fuera_provincia_km,Esmeraldas | 97.76 km,alta,INABIO
5373,1840446,coordenadas,coordenada fuera de la provincia declarada,coherencia_provincia | dist_fuera_provincia_km,Esmeraldas | 97.76 km,alta,INABIO
5374,1840447,coordenadas,coordenada fuera de la provincia declarada,coherencia_provincia | dist_fuera_provincia_km,Esmeraldas | 97.76 km,alta,INABIO
5376,1840449,coordenadas,coordenada fuera de la provincia declarada,coherencia_provincia | dist_fuera_provincia_km,Esmeraldas | 97.76 km,alta,INABIO
5377,1840450,coordenadas,coordenada fuera de la provincia declarada,coherencia_provincia | dist_fuera_provincia_km,Esmeraldas | 97.76 km,alta,INABIO
5387,1840460,coordenadas,coordenada fuera de la provincia declarada,coherencia_provincia | dist_fuera_provincia_km,Esmeraldas | 97.76 km,alta,INABIO
5390,1840463,coordenadas,coordenada fuera de la provincia declarada,coherencia_provincia | dist_fuera_provincia_km,Sucumbíos | 286.23 km,alta,INABIO
5394,1840467,coordenadas,coordenada fuera de la provincia declarada,coherencia_provincia | dist_fuera_provincia_km,Esmeraldas | 97.76 km,alta,INABIO
5413,1840486,coordenadas,coordenada fuera de la provincia declarada,coherencia_provincia | dist_fuera_provincia_km,Pichincha | 12.94 km,alta,INABIO
5416,1840489,coordenadas,coordenada fuera de la provincia declarada,coherencia_provincia | dist_fuera_provincia_km,Sucumbíos | 286.23 km,alta,INABIO
5418,1840491,coordenadas,coordenada fuera de la provincia declarada,coherencia_provincia | dist_fuera_provincia_km,Sucumbíos | 286.23 km,alta,INABIO
5429,1840502,coordenadas,coordenada fuera de la provincia declarada,coherencia_provincia | dist_fuera_provincia_km,Sucumbíos | 286.23 km,alta,INABIO
5435,1840508,coordenadas,coordenada fuera de la provincia declarada,coherencia_provincia | dist_fuera_provincia_km,Sucumbíos | 286.23 km,alta,INABIO
5443,1840516,coordenadas,coordenada fuera de la provincia declarada,coherencia_provincia | dist_fuera_provincia_km,Esmeraldas | 97.76 km,alta,INABIO
5450,1840523,coordenadas,coordenada fuera de la provincia declarada,coherencia_provincia | dist_fuera_provincia_km,Esmeraldas | 97.76 km,alta,INABIO
5454,1840527,coordenadas,coordenada fuera de la provincia declarada,coherencia_provincia | dist_fuera_provincia_km,Esmeraldas | 97.76 km,alta,INABIO
5460,1840533,coordenadas,coordenada fuera de la provincia declarada,coherencia_provincia | dist_fuera_provincia_km,Sucumbíos | 286.23 km,alta,INABIO
5463,1840536,coordenadas,coordenada fuera de la provincia declarada,coherencia_provincia | dist_fuera_provincia_km,Sucumbíos | 286.23 km,alta,INABIO
5464,1840537,coordenadas,coordenada fuera de la provincia declarada,coherencia_provincia | dist_fuera_provincia_km,Sucumbíos | 286.23 km,alta,INABIO
5480,1840553,coordenadas,coordenada fuera de la provincia declarada,coherencia_provincia | dist_fuera_provincia_km,Esmeraldas | 97.76 km,alta,INABIO
5484,1840557,coordenadas,coordenada fuera de la provincia declarada,coherencia_provincia | dist_fuera_provincia_km,Sucumbíos | 286.23 km,alta,INABIO
5487,1840560,coordenadas,coordenada fuera de la provincia declarada,coherencia_provincia | dist_fuera_provincia_km,Sucumbíos | 286.23 km,alta,INABIO
5488,1840561,coordenadas,coordenada fuera de la provincia declarada,coherencia_provincia | dist_fuera_provincia_km,Sucumbíos | 286.23 km,alta,INABIO
5491,1840564,coordenadas,coordenada fuera de la provincia declarada,coherencia_provincia | dist_fuera_provincia_km,Sucumbíos | 286.23 km,alta,INABIO
5496,1840569,coordenadas,coordenada fuera de la provincia declarada,coherencia_provincia | dist_fuera_provincia_km,Sucumbíos | 286.23 km,alta,INABIO
5501,1840574,coordenadas,coordenada fuera de la provincia declarada,coherencia_provincia | dist_fuera_provincia_km,Sucumbíos | 286.23 km,alta,INABIO
5502,1840575,coordenadas,coordenada fuera de la provincia declarada,coherencia_provincia | dist_fuera_provincia_km,Sucumbíos | 286.23 km,alta,INABIO
5503,1840576,coordenadas,coordenada fuera de la provincia declarada,coherencia_provincia | dist_fuera_provincia_km,Sucumbíos | 286.23 km,alta,INABIO
5511,1840584,coordenadas,coordenada fuera de la provincia declarada,coherencia_provincia | dist_fuera_provincia_km,Sucumbíos | 286.23 km,alta,INABIO
5514,1840587,coordenadas,coordenada fuera de la provincia declarada,coherencia_provincia | dist_fuera_provincia_km,Sucumbíos | 286.23 km,alta,INABIO
5521,1840594,coordenadas,coordenada fuera de la provincia declarada,coherencia_provincia | dist_fuera_provincia_km,Esmeraldas | 97.76 km,alta,INABIO
5526,1840599,coordenadas,coordenada fuera de la provincia declarada,coherencia_provincia | dist_fuera_provincia_km,Esmeraldas | 97.76 km,alta,INABIO
5551,1840624,coordenadas,coordenada fuera de la provincia declarada,coherencia_provincia | dist_fuera_provincia_km,Imbabura | 62.23 km,alta,INABIO
5568,1840664,coordenadas,coordenada fuera de la provincia declarada,coherencia_provincia | dist_fuera_provincia_km,Esmeraldas | 97.76 km,alta,INABIO
5577,1840673,coordenadas,coordenada fuera de la provincia declarada,coherencia_provincia | dist_fuera_provincia_km,Sucumbíos | 286.23 km,alta,INABIO
5602,1840698,coordenadas,coordenada fuera de la provincia declarada,coherencia_provincia | dist_fuera_provincia_km,Santo Domingo de los Tsáchilas | 14.78 km,alta,INABIO
5605,1840701,coordenadas,coordenada fuera de la provincia declarada,coherencia_provincia | dist_fuera_provincia_km,Esmeraldas | 97.76 km,alta,INABIO
5606,1840702,coordenadas,coordenada fuera de la provincia declarada,coherencia_provincia | dist_fuera_provincia_km,Esmeraldas | 101.99 km,alta,INABIO
5607,1840703,coordenadas,coordenada fuera de la provincia declarada,coherencia_provincia | dist_fuera_provincia_km,Orellana | 250.55 km,alta,INABIO
5610,1840706,coordenadas,coordenada fuera de la provincia declarada,coherencia_provincia | dist_fuera_provincia_km,Pichincha | 62.33 km,alta,INABIO
5612,1840708,coordenadas,coordenada fuera de la provincia declarada,coherencia_provincia | dist_fuera_provincia_km,Pichincha | 299.39 km,alta,INABIO
5614,1840710,coordenadas,coordenada fuera de la provincia declarada,coherencia_provincia | dist_fuera_provincia_km,Napo | 172.1 km,alta,INABIO
5616,1840712,coordenadas,coordenada fuera de la provincia declarada,coherencia_provincia | dist_fuera_provincia_km,Orellana | 199.98 km,alta,INABIO
5619,1840715,coordenadas,coordenada fuera de la provincia declarada,coherencia_provincia | dist_fuera_provincia_km,Esmeraldas | 209.88 km,alta,INABIO
5620,1840716,coordenadas,coordenada fuera de la provincia declarada,coherencia_provincia | dist_fuera_provincia_km,Bolívar | 26.48 km,alta,INABIO
5624,1840720,coordenadas,coordenada fuera de la provincia declarada,coherencia_provincia | dist_fuera_provincia_km,Pichincha | 83.77 km,alta,INABIO
5625,1840721,coordenadas,coordenada fuera de la provincia declarada,coherencia_provincia | dist_fuera_provincia_km,Napo | 194.42 km,alta,INABIO
5630,1840726,coordenadas,coordenada fuera de la provincia declarada,coherencia_provincia | dist_fuera_provincia_km,Napo | 134.54 km,alta,INABIO
5632,1840728,coordenadas,coordenada fuera de la provincia declarada,coherencia_provincia | dist_fuera_provincia_km,Esmeraldas | 13.25 km,alta,INABIO
5636,1840732,coordenadas,coordenada fuera de la provincia declarada,coherencia_provincia | dist_fuera_provincia_km,Cotopaxi | 250.04 km,alta,INABIO
5644,1840740,coordenadas,coordenada fuera de la provincia declarada,coherencia_provincia | dist_fuera_provincia_km,Sucumbíos | 9.93 km,alta,INABIO
5647,1840743,coordenadas,coordenada fuera de la provincia declarada,coherencia_provincia | dist_fuera_provincia_km,Napo | 127.72 km,alta,INABIO
5648,1840744,coordenadas,coordenada fuera de la provincia declarada,coherencia_provincia | dist_fuera_provincia_km,Cotopaxi | 177.26 km,alta,INABIO
5649,1840745,coordenadas,coordenada fuera de la provincia declarada,coherencia_provincia | dist_fuera_provincia_km,Pichincha | 113.14 km,alta,INABIO
5653,1840749,coordenadas,coordenada fuera de la provincia declarada,coherencia_provincia | dist_fuera_provincia_km,Esmeraldas | 315.25 km,alta,INABIO
5654,1840750,coordenadas,coordenada fuera de la provincia declarada,coherencia_provincia | dist_fuera_provincia_km,Esmeraldas | 313.24 km,alta,INABIO
5655,1840751,coordenadas,coordenada fuera de la provincia declarada,coherencia_provincia | dist_fuera_provincia_km,Esmeraldas | 466.67 km,alta,INABIO
5657,1840753,coordenadas,coordenada fuera de la provincia declarada,coherencia_provincia | dist_fuera_provincia_km,Esmeraldas | 257.09 km,alta,INABIO
5658,1840754,coordenadas,coordenada fuera de la provincia declarada,coherencia_provincia | dist_fuera_provincia_km,Esmeraldas | 228.24 km,alta,INABIO
5659,1840755,coordenadas,coordenada fuera de la provincia declarada,coherencia_provincia | dist_fuera_provincia_km,Esmeraldas | 349.98 km,alta,INABIO
5660,1840756,coordenadas,coordenada fuera de la provincia declarada,coherencia_provincia | dist_fuera_provincia_km,Esmeraldas | 257.09 km,alta,INABIO
5663,1840759,coordenadas,coordenada fuera de la provincia declarada,coherencia_provincia | dist_fuera_provincia_km,Pichincha | 231.51 km,alta,INABIO
5666,1840762,coordenadas,coordenada fuera de la provincia declarada,coherencia_provincia | dist_fuera_provincia_km,Pichincha | 268.16 km,alta,INABIO
5667,1840763,coordenadas,coordenada fuera de la provincia declarada,coherencia_provincia | dist_fuera_provincia_km,Pichincha | 182.33 km,alta,INABIO
5669,1840765,coordenadas,coordenada fuera de la provincia declarada,coherencia_provincia | dist_fuera_provincia_km,Pichincha | 188.69 km,alta,INABIO
5671,1840767,coordenadas,coordenada fuera de la provincia declarada,coherencia_provincia | dist_fuera_provincia_km,Pichincha | 98.11 km,alta,INABIO
5674,1840770,coordenadas,coordenada fuera de la provincia declarada,coherencia_provincia | dist_fuera_provincia_km,Esmeraldas | 58.34 km,alta,INABIO
5675,1840771,coordenadas,coordenada fuera de la provincia declarada,coherencia_provincia | dist_fuera_provincia_km,El Oro | 501.06 km,alta,INABIO
5677,1840773,coordenadas,coordenada fuera de la provincia declarada,coherencia_provincia | dist_fuera_provincia_km,Esmeraldas | 313.24 km,alta,INABIO
5678,1840774,coordenadas,coordenada fuera de la provincia declarada,coherencia_provincia | dist_fuera_provincia_km,Manabí | 408.56 km,alta,INABIO
5680,1840776,coordenadas,coordenada fuera de la provincia declarada,coherencia_provincia | dist_fuera_provincia_km,Manabí | 390.72 km,alta,INABIO
5683,1840779,coordenadas,coordenada fuera de la provincia declarada,coherencia_provincia | dist_fuera_provincia_km,Orellana | 205.94 km,alta,INABIO
5684,1840780,coordenadas,coordenada fuera de la provincia declarada,coherencia_provincia | dist_fuera_provincia_km,Orellana | 412.44 km,alta,INABIO
5685,1840781,coordenadas,coordenada fuera de la provincia declarada,coherencia_provincia | dist_fuera_provincia_km,Orellana | 180.91 km,alta,INABIO
5686,1840782,coordenadas,coordenada fuera de la provincia declarada,coherencia_provincia | dist_fuera_provincia_km,Bolívar | 70.37 km,alta,INABIO
5689,1840785,coordenadas,coordenada fuera de la provincia declarada,coherencia_provincia | dist_fuera_provincia_km,Esmeraldas | 96.81 km,alta,INABIO
5691,1840787,coordenadas,coordenada fuera de la provincia declarada,coherencia_provincia | dist_fuera_provincia_km,Esmeraldas | 97.83 km,alta,INABIO
5708,1840804,coordenadas,coordenada fuera de la provincia declarada,coherencia_provincia | dist_fuera_provincia_km,Esmeraldas | 97.83 km,alta,INABIO
5712,1840808,coordenadas,coordenada fuera de la provincia declarada,coherencia_provincia | dist_fuera_provincia_km,Esmeraldas | 97.83 km,alta,INABIO
5716,1840812,coordenadas,coordenada fuera de la provincia declarada,coherencia_provincia | dist_fuera_provincia_km,Esmeraldas | 97.83 km,alta,INABIO
5722,1840818,coordenadas,coordenada fuera de la provincia declarada,coherencia_provincia | dist_fuera_provincia_km,Esmeraldas | 97.83 km,alta,INABIO
5724,1840820,coordenadas,coordenada fuera de la provincia declarada,coherencia_provincia | dist_fuera_provincia_km,Esmeraldas | 97.83 km,alta,INABIO
5725,1840821,coordenadas,coordenada fuera de la provincia declarada,coherencia_provincia | dist_fuera_provincia_km,Esmeraldas | 97.83 km,alta,INABIO
5731,1840827,coordenadas,coordenada fuera de la provincia declarada,coherencia_provincia | dist_fuera_provincia_km,Esmeraldas | 97.83 km,alta,INABIO
5737,1840833,coordenadas,coordenada fuera de la provincia declarada,coherencia_provincia | dist_fuera_provincia_km,Esmeraldas | 97.83 km,alta,INABIO
5738,1840834,coordenadas,coordenada fuera de la provincia declarada,coherencia_provincia | dist_fuera_provincia_km,Esmeraldas | 97.83 km,alta,INABIO
5739,1840835,coordenadas,coordenada fuera de la provincia declarada,coherencia_provincia | dist_fuera_provincia_km,Esmeraldas | 97.83 km,alta,INABIO
5742,1840838,coordenadas,coordenada fuera de la provincia declarada,coherencia_provincia | dist_fuera_provincia_km,Esmeraldas | 97.83 km,alta,INABIO
5748,1840844,coordenadas,coordenada fuera de la provincia declarada,coherencia_provincia | dist_fuera_provincia_km,Manabí | 15.98 km,alta,INABIO
5759,1840855,coordenadas,coordenada fuera de la provincia declarada,coherencia_provincia | dist_fuera_provincia_km,Esmeraldas | 97.83 km,alta,INABIO
5765,1840861,coordenadas,coordenada fuera de la provincia declarada,coherencia_provincia | dist_fuera_provincia_km,Esmeraldas | 97.83 km,alta,INABIO
5782,1840878,coordenadas,coordenada fuera de la provincia declarada,coherencia_provincia | dist_fuera_provincia_km,Esmeraldas | 97.83 km,alta,INABIO
5785,1840881,coordenadas,coordenada fuera de la provincia declarada,coherencia_provincia | dist_fuera_provincia_km,Napo | 30.64 km,alta,INABIO
5797,1840893,coordenadas,coordenada fuera de la provincia declarada,coherencia_provincia | dist_fuera_provincia_km,Esmeraldas | 97.76 km,alta,INABIO
5816,1840912,coordenadas,coordenada fuera de la provincia declarada,coherencia_provincia | dist_fuera_provincia_km,Napo | 70.59 km,alta,INABIO
5899,1840995,coordenadas,coordenada fuera de la provincia declarada,coherencia_provincia | dist_fuera_provincia_km,Pastaza | 46.11 km,alta,INABIO
5917,1841013,coordenadas,coordenada fuera de la provincia declarada,coherencia_provincia | dist_fuera_provincia_km,Pastaza | 46.11 km,alta,INABIO
5923,1841019,coordenadas,coordenada fuera de la provincia declarada,coherencia_provincia | dist_fuera_provincia_km,Pastaza | 46.11 km,alta,INABIO
5924,1841020,coordenadas,coordenada fuera de la provincia declarada,coherencia_provincia | dist_fuera_provincia_km,Pastaza | 46.11 km,alta,INABIO
5965,1841061,coordenadas,coordenada fuera de la provincia declarada,coherencia_provincia | dist_fuera_provincia_km,Pastaza | 46.11 km,alta,INABIO
5989,1841085,coordenadas,coordenada fuera de la provincia declarada,coherencia_provincia | dist_fuera_provincia_km,Pastaza | 46.11 km,alta,INABIO
6,681280,coordenadas,coordenada fuera de la provincia declarada,coherencia_provincia | dist_fuera_provincia_km,Sucumbíos | 282.53 km,alta,INABIO
6027,1841123,coordenadas,coordenada fuera de la provincia declarada,coherencia_provincia | dist_fuera_provincia_km,Pastaza | 46.11 km,alta,INABIO
6041,1841137,coordenadas,coordenada fuera de la provincia declarada,coherencia_provincia | dist_fuera_provincia_km,Morona Santiago | 270.24 km,alta,INABIO
6042,1841138,coordenadas,coordenada fuera de la provincia declarada,coherencia_provincia | dist_fuera_provincia_km,Morona Santiago | 238.09 km,alta,INABIO
6128,1841224,coordenadas,coordenada fuera de la provincia declarada,coherencia_provincia | dist_fuera_provincia_km,Pastaza | 7.47 km,alta,INABIO
75,681447,coordenadas,coordenada fuera de la provincia declarada,coherencia_provincia | dist_fuera_provincia_km,Orellana | 18.72 km,alta,INABIO
3765,680404,coordenadas,signo de la coordenada no resuelto,signo_ambiguo,"00°25'28,40'' 75°25'76,40''",alta,INABIO
3926,680583,coordenadas,signo de la coordenada no resuelto,signo_ambiguo,"78°46´29,34 00°03´ 28,92",alta,INABIO
3927,680584,coordenadas,signo de la coordenada no resuelto,signo_ambiguo,"78°46´29,35 00°03´ 28,93",alta,INABIO
4183,680869,coordenadas,signo de la coordenada no resuelto,signo_ambiguo,00°43'40.2'' / 90°39'54.32'',alta,INABIO
4195,680882,coordenadas,signo de la coordenada no resuelto,signo_ambiguo,00°54'5.8'' / 90°38'52'',alta,INABIO
4289,680986,coordenadas,signo de la coordenada no resuelto,signo_ambiguo,"0°52'34,63'' 80°48'18,68''",alta,INABIO
4948,1840021,coordenadas,signo de la coordenada no resuelto,signo_ambiguo,00.16647/78.87937,alta,INABIO
4949,1840022,coordenadas,signo de la coordenada no resuelto,signo_ambiguo,00.06992/078.57935,alta,INABIO
5246,1840319,coordenadas,signo de la coordenada no resuelto,signo_ambiguo,,alta,INABIO
5648,1840744,coordenadas,signo de la coordenada no resuelto,signo_ambiguo,,alta,INABIO
5674,1840770,coordenadas,signo de la coordenada no resuelto,signo_ambiguo,,alta,INABIO
5678,1840774,coordenadas,signo de la coordenada no resuelto,signo_ambiguo,,alta,INABIO
5313,1840386,ecologia,familia estrictamente marina en provincia amazonica,family | stateProvince | scientificName,Epinephelus analogus | Epinephelidae | Napo,alta,INABIO
5453,1840526,ecologia,familia estrictamente marina en provincia amazonica,family | stateProvince | scientificName,Trachinotus rhodopus | Carangidae | Sucumbíos,alta,INABIO
4249,680942,geografia,canton asociado a dos provincias distintas,county | stateProvince,Puyango | El Oro,alta,INABIO
4250,680944,geografia,canton asociado a dos provincias distintas,county | stateProvince,Puyango | El Oro,alta,INABIO
4251,680945,geografia,canton asociado a dos provincias distintas,county | stateProvince,Puyango | El Oro,alta,INABIO
4252,680946,geografia,canton asociado a dos provincias distintas,county | stateProvince,Puyango | El Oro,alta,INABIO
4253,680947,geografia,canton asociado a dos provincias distintas,county | stateProvince,Puyango | El Oro,alta,INABIO
4254,680948,geografia,canton asociado a dos provincias distintas,county | stateProvince,Puyango | El Oro,alta,INABIO
5168,1840241,geografia,canton asociado a dos provincias distintas,county | stateProvince,Shushufindi | Orellana,alta,INABIO
5193,1840266,geografia,canton asociado a dos provincias distintas,county | stateProvince,Aguarico | Sucumbíos,alta,INABIO
5202,1840275,geografia,canton asociado a dos provincias distintas,county | stateProvince,Aguarico | Sucumbíos,alta,INABIO
5203,1840276,geografia,canton asociado a dos provincias distintas,county | stateProvince,Aguarico | Sucumbíos,alta,INABIO
5204,1840277,geografia,canton asociado a dos provincias distintas,county | stateProvince,Aguarico | Sucumbíos,alta,INABIO
5207,1840280,geografia,canton asociado a dos provincias distintas,county | stateProvince,Aguarico | Sucumbíos,alta,INABIO
5208,1840281,geografia,canton asociado a dos provincias distintas,county | stateProvince,Aguarico | Sucumbíos,alta,INABIO
5210,1840283,geografia,canton asociado a dos provincias distintas,county | stateProvince,Aguarico | Sucumbíos,alta,INABIO
5214,1840287,geografia,canton asociado a dos provincias distintas,county | stateProvince,Aguarico | Sucumbíos,alta,INABIO
5218,1840291,geografia,canton asociado a dos provincias distintas,county | stateProvince,Aguarico | Sucumbíos,alta,INABIO
5220,1840293,geografia,canton asociado a dos provincias distintas,county | stateProvince,Aguarico | Sucumbíos,alta,INABIO
5223,1840296,geografia,canton asociado a dos provincias distintas,county | stateProvince,Aguarico | Sucumbíos,alta,INABIO
5229,1840302,geografia,canton asociado a dos provincias distintas,county | stateProvince,Aguarico | Sucumbíos,alta,INABIO
5234,1840307,geografia,canton asociado a dos provincias distintas,county | stateProvince,Aguarico | Sucumbíos,alta,INABIO
5235,1840308,geografia,canton asociado a dos provincias distintas,county | stateProvince,Aguarico | Sucumbíos,alta,INABIO
5243,1840316,geografia,canton asociado a dos provincias distintas,county | stateProvince,Aguarico | Sucumbíos,alta,INABIO
5244,1840317,geografia,canton asociado a dos provincias distintas,county | stateProvince,Aguarico | Sucumbíos,alta,INABIO
5247,1840320,geografia,canton asociado a dos provincias distintas,county | stateProvince,Aguarico | Sucumbíos,alta,INABIO
5265,1840338,geografia,canton asociado a dos provincias distintas,county | stateProvince,Aguarico | Sucumbíos,alta,INABIO
5272,1840345,geografia,canton asociado a dos provincias distintas,county | stateProvince,Aguarico | Sucumbíos,alta,INABIO
5274,1840347,geografia,canton asociado a dos provincias distintas,county | stateProvince,Aguarico | Sucumbíos,alta,INABIO
5275,1840348,geografia,canton asociado a dos provincias distintas,county | stateProvince,Aguarico | Sucumbíos,alta,INABIO
5279,1840352,geografia,canton asociado a dos provincias distintas,county | stateProvince,Aguarico | Sucumbíos,alta,INABIO
5280,1840353,geografia,canton asociado a dos provincias distintas,county | stateProvince,Aguarico | Sucumbíos,alta,INABIO
5281,1840354,geografia,canton asociado a dos provincias distintas,county | stateProvince,Aguarico | Sucumbíos,alta,INABIO
5286,1840359,geografia,canton asociado a dos provincias distintas,county | stateProvince,Shushufindi | Orellana,alta,INABIO
5301,1840374,geografia,canton asociado a dos provincias distintas,county | stateProvince,Aguarico | Sucumbíos,alta,INABIO
5304,1840377,geografia,canton asociado a dos provincias distintas,county | stateProvince,Aguarico | Sucumbíos,alta,INABIO
5306,1840379,geografia,canton asociado a dos provincias distintas,county | stateProvince,Aguarico | Sucumbíos,alta,INABIO
5323,1840396,geografia,canton asociado a dos provincias distintas,county | stateProvince,Aguarico | Sucumbíos,alta,INABIO
5385,1840458,geografia,canton asociado a dos provincias distintas,county | stateProvince,Aguarico | Sucumbíos,alta,INABIO
5399,1840472,geografia,canton asociado a dos provincias distintas,county | stateProvince,Aguarico | Sucumbíos,alta,INABIO
5401,1840474,geografia,canton asociado a dos provincias distintas,county | stateProvince,Aguarico | Sucumbíos,alta,INABIO
5420,1840493,geografia,canton asociado a dos provincias distintas,county | stateProvince,Aguarico | Sucumbíos,alta,INABIO
5425,1840498,geografia,canton asociado a dos provincias distintas,county | stateProvince,Aguarico | Sucumbíos,alta,INABIO
5431,1840504,geografia,canton asociado a dos provincias distintas,county | stateProvince,Aguarico | Sucumbíos,alta,INABIO
5436,1840509,geografia,canton asociado a dos provincias distintas,county | stateProvince,Aguarico | Sucumbíos,alta,INABIO
5440,1840513,geografia,canton asociado a dos provincias distintas,county | stateProvince,Aguarico | Sucumbíos,alta,INABIO
5447,1840520,geografia,canton asociado a dos provincias distintas,county | stateProvince,Aguarico | Sucumbíos,alta,INABIO
5456,1840529,geografia,canton asociado a dos provincias distintas,county | stateProvince,Shushufindi | Orellana,alta,INABIO
5457,1840530,geografia,canton asociado a dos provincias distintas,county | stateProvince,Aguarico | Sucumbíos,alta,INABIO
5459,1840532,geografia,canton asociado a dos provincias distintas,county | stateProvince,Aguarico | Sucumbíos,alta,INABIO
5467,1840540,geografia,canton asociado a dos provincias distintas,county | stateProvince,Aguarico | Sucumbíos,alta,INABIO
5475,1840548,geografia,canton asociado a dos provincias distintas,county | stateProvince,Aguarico | Sucumbíos,alta,INABIO
5481,1840554,geografia,canton asociado a dos provincias distintas,county | stateProvince,Aguarico | Sucumbíos,alta,INABIO
5489,1840562,geografia,canton asociado a dos provincias distintas,county | stateProvince,Aguarico | Sucumbíos,alta,INABIO
5490,1840563,geografia,canton asociado a dos provincias distintas,county | stateProvince,Aguarico | Sucumbíos,alta,INABIO
5506,1840579,geografia,canton asociado a dos provincias distintas,county | stateProvince,Aguarico | Sucumbíos,alta,INABIO
5508,1840581,geografia,canton asociado a dos provincias distintas,county | stateProvince,Aguarico | Sucumbíos,alta,INABIO
5515,1840588,geografia,canton asociado a dos provincias distintas,county | stateProvince,Aguarico | Sucumbíos,alta,INABIO
5516,1840589,geografia,canton asociado a dos provincias distintas,county | stateProvince,Aguarico | Sucumbíos,alta,INABIO
5517,1840590,geografia,canton asociado a dos provincias distintas,county | stateProvince,Aguarico | Sucumbíos,alta,INABIO
5533,1840606,geografia,canton asociado a dos provincias distintas,county | stateProvince,Aguarico | Sucumbíos,alta,INABIO
5534,1840607,geografia,canton asociado a dos provincias distintas,county | stateProvince,Aguarico | Sucumbíos,alta,INABIO
5541,1840614,geografia,canton asociado a dos provincias distintas,county | stateProvince,Aguarico | Sucumbíos,alta,INABIO
5578,1840674,geografia,canton asociado a dos provincias distintas,county | stateProvince,Aguarico | Sucumbíos,alta,INABIO
5580,1840676,geografia,canton asociado a dos provincias distintas,county | stateProvince,El Edén | Esmeraldas,alta,INABIO
5585,1840681,geografia,canton asociado a dos provincias distintas,county | stateProvince,Aguarico | Sucumbíos,alta,INABIO
5644,1840740,geografia,canton asociado a dos provincias distintas,county | stateProvince,Aguarico | Sucumbíos,alta,INABIO
6103,1841199,geografia,canton asociado a dos provincias distintas,county | stateProvince,Aguarico | Sucumbíos,alta,INABIO
6105,1841201,geografia,canton asociado a dos provincias distintas,county | stateProvince,Aguarico | Sucumbíos,alta,INABIO
6110,1841206,geografia,canton asociado a dos provincias distintas,county | stateProvince,Aguarico | Sucumbíos,alta,INABIO
6159,1841255,geografia,canton asociado a dos provincias distintas,county | stateProvince,Aguarico | Sucumbíos,alta,INABIO
6160,1841256,geografia,canton asociado a dos provincias distintas,county | stateProvince,Aguarico | Sucumbíos,alta,INABIO
6161,1841257,geografia,canton asociado a dos provincias distintas,county | stateProvince,Aguarico | Sucumbíos,alta,INABIO
6165,1841261,geografia,canton asociado a dos provincias distintas,county | stateProvince,Aguarico | Sucumbíos,alta,INABIO
6167,1841263,geografia,canton asociado a dos provincias distintas,county | stateProvince,Aguarico | Sucumbíos,alta,INABIO
6181,1841277,geografia,canton asociado a dos provincias distintas,county | stateProvince,Aguarico | Sucumbíos,alta,INABIO
6183,1841279,geografia,canton asociado a dos provincias distintas,county | stateProvince,Aguarico | Sucumbíos,alta,INABIO
6185,1841281,geografia,canton asociado a dos provincias distintas,county | stateProvince,Aguarico | Sucumbíos,alta,INABIO
6186,1841282,geografia,canton asociado a dos provincias distintas,county | stateProvince,Aguarico | Sucumbíos,alta,INABIO
6207,1841303,geografia,canton asociado a dos provincias distintas,county | stateProvince,Aguarico | Sucumbíos,alta,INABIO
6208,1841304,geografia,canton asociado a dos provincias distintas,county | stateProvince,Aguarico | Sucumbíos,alta,INABIO
6209,1841305,geografia,canton asociado a dos provincias distintas,county | stateProvince,Aguarico | Sucumbíos,alta,INABIO
6210,1841306,geografia,canton asociado a dos provincias distintas,county | stateProvince,Aguarico | Sucumbíos,alta,INABIO
75,681447,geografia,canton asociado a dos provincias distintas,county | stateProvince,Shushufindi | Orellana,alta,INABIO
4358,681063,registro,tipo nomenclatural sin datos de colecta,typeStatus|recordedBy|eventDate|locality,Holotype,alta,INABIO
5757,1840853,temporal,colecta anterior a la fundacion de la coleccion,eventDate,1897-06-05,alta,INABIO
2298,678728,temporal,determinado antes de ser colectado,eventDate | dateIdentified,2013-02-25 | 2011,alta,INABIO
2299,678729,temporal,determinado antes de ser colectado,eventDate | dateIdentified,2013-02-25 | 2011,alta,INABIO
2300,678732,temporal,determinado antes de ser colectado,eventDate | dateIdentified,2013-02-25 | 2011,alta,INABIO
2301,678733,temporal,determinado antes de ser colectado,eventDate | dateIdentified,2013-02-25 | 2011,alta,INABIO
2302,678734,temporal,determinado antes de ser colectado,eventDate | dateIdentified,2013-02-25 | 2011,alta,INABIO
2303,678735,temporal,determinado antes de ser colectado,eventDate | dateIdentified,2013-02-25 | 2011,alta,INABIO
2304,678736,temporal,determinado antes de ser colectado,eventDate | dateIdentified,2013-02-25 | 2011,alta,INABIO
2305,678737,temporal,determinado antes de ser colectado,eventDate | dateIdentified,2013-02-25 | 2011,alta,INABIO
2306,678738,temporal,determinado antes de ser colectado,eventDate | dateIdentified,2013-02-25 | 2011,alta,INABIO
2307,678739,temporal,determinado antes de ser colectado,eventDate | dateIdentified,2013-02-25 | 2012,alta,INABIO
2405,678848,temporal,determinado antes de ser colectado,eventDate | dateIdentified,2013-02-25 | 2012,alta,INABIO
2406,678849,temporal,determinado antes de ser colectado,eventDate | dateIdentified,2013-02-25 | 2012,alta,INABIO
3931,680589,temporal,determinado antes de ser colectado,eventDate | dateIdentified,2017-07-20 | 2017-06,alta,INABIO
3939,680597,temporal,determinado antes de ser colectado,eventDate | dateIdentified,2017-07-20 | 2017-06,alta,INABIO
3943,680602,temporal,determinado antes de ser colectado,eventDate | dateIdentified,2017-07-20 | 2017-06,alta,INABIO
408,680754,temporal,determinado antes de ser colectado,eventDate | dateIdentified,2006-02-17 | 2005,alta,INABIO
409,680765,temporal,determinado antes de ser colectado,eventDate | dateIdentified,2006-02-17 | 2005,alta,INABIO
410,680777,temporal,determinado antes de ser colectado,eventDate | dateIdentified,2006-02-17 | 2005,alta,INABIO
411,680788,temporal,determinado antes de ser colectado,eventDate | dateIdentified,2006-02-17 | 2005,alta,INABIO
412,680799,temporal,determinado antes de ser colectado,eventDate | dateIdentified,2006-02-17 | 2005,alta,INABIO
413,680810,temporal,determinado antes de ser colectado,eventDate | dateIdentified,2006-02-17 | 2005,alta,INABIO
414,680821,temporal,determinado antes de ser colectado,eventDate | dateIdentified,2006-02-17 | 2005,alta,INABIO
415,680832,temporal,determinado antes de ser colectado,eventDate | dateIdentified,2006-02-17 | 2005,alta,INABIO
416,680843,temporal,determinado antes de ser colectado,eventDate | dateIdentified,2006-02-17 | 2005,alta,INABIO
417,680854,temporal,determinado antes de ser colectado,eventDate | dateIdentified,2006-02-17 | 2005,alta,INABIO
418,680865,temporal,determinado antes de ser colectado,eventDate | dateIdentified,2006-02-17 | 2005,alta,INABIO
419,680876,temporal,determinado antes de ser colectado,eventDate | dateIdentified,2006-02-17 | 2005,alta,INABIO
420,680888,temporal,determinado antes de ser colectado,eventDate | dateIdentified,2006-02-17 | 2005,alta,INABIO
421,680899,temporal,determinado antes de ser colectado,eventDate | dateIdentified,2006-02-17 | 2005,alta,INABIO
422,680910,temporal,determinado antes de ser colectado,eventDate | dateIdentified,2006-02-17 | 2005,alta,INABIO
423,680921,temporal,determinado antes de ser colectado,eventDate | dateIdentified,2006-02-17 | 2005,alta,INABIO
424,680932,temporal,determinado antes de ser colectado,eventDate | dateIdentified,2006-02-18 | 2005,alta,INABIO
425,680943,temporal,determinado antes de ser colectado,eventDate | dateIdentified,2006-02-18 | 2005,alta,INABIO
426,680954,temporal,determinado antes de ser colectado,eventDate | dateIdentified,2006-02-18 | 2005,alta,INABIO
427,680965,temporal,determinado antes de ser colectado,eventDate | dateIdentified,2006-02-18 | 2005,alta,INABIO
428,680976,temporal,determinado antes de ser colectado,eventDate | dateIdentified,2006-02-18 | 2005,alta,INABIO
429,680987,temporal,determinado antes de ser colectado,eventDate | dateIdentified,2006-02-18 | 2005,alta,INABIO
430,680999,temporal,determinado antes de ser colectado,eventDate | dateIdentified,2006-02-18 | 2005,alta,INABIO
431,681010,temporal,determinado antes de ser colectado,eventDate | dateIdentified,2006-02-10 | 2005,alta,INABIO
432,681021,temporal,determinado antes de ser colectado,eventDate | dateIdentified,2006-02-18 | 2005,alta,INABIO
433,681032,temporal,determinado antes de ser colectado,eventDate | dateIdentified,2006-02-18 | 2005,alta,INABIO
434,681043,temporal,determinado antes de ser colectado,eventDate | dateIdentified,2006-02-18 | 2005,alta,INABIO
435,681054,temporal,determinado antes de ser colectado,eventDate | dateIdentified,2006-02-18 | 2005,alta,INABIO
436,681065,temporal,determinado antes de ser colectado,eventDate | dateIdentified,2006-02-18 | 2005,alta,INABIO
437,681076,temporal,determinado antes de ser colectado,eventDate | dateIdentified,2006-02-18 | 2005,alta,INABIO
438,681078,temporal,determinado antes de ser colectado,eventDate | dateIdentified,2006-02-18 | 2005,alta,INABIO
439,681079,temporal,determinado antes de ser colectado,eventDate | dateIdentified,2006-02-18 | 2005,alta,INABIO
440,681081,temporal,determinado antes de ser colectado,eventDate | dateIdentified,2006-02-18 | 2005,alta,INABIO
441,681082,temporal,determinado antes de ser colectado,eventDate | dateIdentified,2006-02-18 | 2005,alta,INABIO
442,681083,temporal,determinado antes de ser colectado,eventDate | dateIdentified,2006-02-18 | 2005,alta,INABIO
443,681084,temporal,determinado antes de ser colectado,eventDate | dateIdentified,2006-02-18 | 2005,alta,INABIO
444,681085,temporal,determinado antes de ser colectado,eventDate | dateIdentified,2006-02-18 | 2005,alta,INABIO
445,681086,temporal,determinado antes de ser colectado,eventDate | dateIdentified,2006-02-18 | 2005,alta,INABIO
446,681087,temporal,determinado antes de ser colectado,eventDate | dateIdentified,2006-02-18 | 2005,alta,INABIO
447,681088,temporal,determinado antes de ser colectado,eventDate | dateIdentified,2006-02-18 | 2005,alta,INABIO
448,681089,temporal,determinado antes de ser colectado,eventDate | dateIdentified,2006-02-18 | 2005,alta,INABIO
449,681090,temporal,determinado antes de ser colectado,eventDate | dateIdentified,2006-02-18 | 2005,alta,INABIO
450,681092,temporal,determinado antes de ser colectado,eventDate | dateIdentified,2006-02-18 | 2005,alta,INABIO
451,681093,temporal,determinado antes de ser colectado,eventDate | dateIdentified,2006-02-18 | 2005,alta,INABIO
466,681109,temporal,determinado antes de ser colectado,eventDate | dateIdentified,2006-02-13 | 2005,alta,INABIO
4997,1840070,temporal,determinado antes de ser colectado,eventDate | dateIdentified,2022-09 | 2022-01,alta,INABIO
4998,1840071,temporal,determinado antes de ser colectado,eventDate | dateIdentified,2022-09 | 2022-01,alta,INABIO
4999,1840072,temporal,determinado antes de ser colectado,eventDate | dateIdentified,2022-09 | 2022-01,alta,INABIO
5000,1840073,temporal,determinado antes de ser colectado,eventDate | dateIdentified,2022-09 | 2022-01,alta,INABIO
5001,1840074,temporal,determinado antes de ser colectado,eventDate | dateIdentified,2022-09 | 2022-01,alta,INABIO
5002,1840075,temporal,determinado antes de ser colectado,eventDate | dateIdentified,2022-09 | 2022-01,alta,INABIO
5684,1840780,temporal,determinado antes de ser colectado,eventDate | dateIdentified,2027-10-18 | 2023-08-25,alta,INABIO
5687,1840783,temporal,determinado antes de ser colectado,eventDate | dateIdentified,2027-10-16 | 2023-08-25,alta,INABIO
6231,1841327,temporal,determinado antes de ser colectado,eventDate | dateIdentified,2025-11-19 | 2025-03-24,alta,INABIO
6237,1841333,temporal,determinado antes de ser colectado,eventDate | dateIdentified,2025-11-19 | 2025-03-24,alta,INABIO
6422,1841518,temporal,determinado antes de ser colectado,eventDate | dateIdentified,2025-08-03 | 2025-04-08,alta,INABIO
6423,1841519,temporal,determinado antes de ser colectado,eventDate | dateIdentified,2025-10-03 | 2025-04-08,alta,INABIO
6424,1841520,temporal,determinado antes de ser colectado,eventDate | dateIdentified,2025-10-03 | 2025-04-08,alta,INABIO
2463,678912,temporal,eventDate y verbatimEventDate con anos distintos,eventDate | verbatimEventDate,2011-06-18 | 18/06/2012,alta,INABIO
2464,678913,temporal,eventDate y verbatimEventDate con anos distintos,eventDate | verbatimEventDate,2011-06-18 | 18/06/2012,alta,INABIO
4915,1839988,temporal,eventDate y verbatimEventDate con anos distintos,eventDate | verbatimEventDate,2018-11-16 | 2022-08-01,alta,INABIO
4961,1840034,temporal,eventDate y verbatimEventDate con anos distintos,eventDate | verbatimEventDate,2017-06-28 | 2022-06-01,alta,INABIO
5017,1840090,temporal,eventDate y verbatimEventDate con anos distintos,eventDate | verbatimEventDate,2001-06-03 | 2009-01-11,alta,INABIO
5018,1840091,temporal,eventDate y verbatimEventDate con anos distintos,eventDate | verbatimEventDate,2001-06-29 | 2009-01-10,alta,INABIO
5019,1840092,temporal,eventDate y verbatimEventDate con anos distintos,eventDate | verbatimEventDate,2007-09-18 | 2008-12-22,alta,INABIO
5020,1840093,temporal,eventDate y verbatimEventDate con anos distintos,eventDate | verbatimEventDate,1985-03-01 | 2008-12-19,alta,INABIO
5028,1840101,temporal,eventDate y verbatimEventDate con anos distintos,eventDate | verbatimEventDate,2001-06-03 | 2010-04-23,alta,INABIO
5029,1840102,temporal,eventDate y verbatimEventDate con anos distintos,eventDate | verbatimEventDate,2001-06-03 | 2010-06-08,alta,INABIO
5030,1840103,temporal,eventDate y verbatimEventDate con anos distintos,eventDate | verbatimEventDate,2001-06-03 | 2010-06-19,alta,INABIO
5031,1840104,temporal,eventDate y verbatimEventDate con anos distintos,eventDate | verbatimEventDate,2001-11-07 | 2010-06-11,alta,INABIO
5032,1840105,temporal,eventDate y verbatimEventDate con anos distintos,eventDate | verbatimEventDate,2001-11-07 | 2011-01-20,alta,INABIO
5033,1840106,temporal,eventDate y verbatimEventDate con anos distintos,eventDate | verbatimEventDate,2001-11-07 | 2011-01-20,alta,INABIO
5034,1840107,temporal,eventDate y verbatimEventDate con anos distintos,eventDate | verbatimEventDate,2005-08-20 | 2011-09-12,alta,INABIO
5069,1840142,temporal,eventDate y verbatimEventDate con anos distintos,eventDate | verbatimEventDate,2005-10-13 | 2025-10-13,alta,INABIO
5200,1840273,temporal,eventDate y verbatimEventDate con anos distintos,eventDate | verbatimEventDate,1992-09-05 | 1993-11-10,alta,INABIO
5468,1840541,temporal,eventDate y verbatimEventDate con anos distintos,eventDate | verbatimEventDate,2023-06-13 | 2005,alta,INABIO
5492,1840565,temporal,eventDate y verbatimEventDate con anos distintos,eventDate | verbatimEventDate,1905-06-27 | 2005,alta,INABIO
5551,1840624,temporal,eventDate y verbatimEventDate con anos distintos,eventDate | verbatimEventDate,2023-06-16 | 2005-09-01,alta,INABIO
5684,1840780,temporal,fecha de colecta en el futuro,eventDate,2027-10-18,alta,INABIO
5687,1840783,temporal,fecha de colecta en el futuro,eventDate,2027-10-16,alta,INABIO
5684,1840780,temporal,registro modificado antes de la colecta,eventDate | modified,2027-10-18 | 2025-11-03T15:20:39,alta,INABIO
5687,1840783,temporal,registro modificado antes de la colecta,eventDate | modified,2027-10-16 | 2025-11-03T15:20:39,alta,INABIO
3518,680107,coordenadas,coordenada irrecuperable,metodo_correccion,3792001 / 9777000,media,INABIO
3519,680108,coordenadas,coordenada irrecuperable,metodo_correccion,3792001 / 9777000,media,INABIO
3520,680133,coordenadas,coordenada irrecuperable,metodo_correccion,3792001 / 9777000,media,INABIO
3521,680134,coordenadas,coordenada irrecuperable,metodo_correccion,3792001 / 9777000,media,INABIO
3522,680135,coordenadas,coordenada irrecuperable,metodo_correccion,3792001 / 9777000,media,INABIO
3523,680136,coordenadas,coordenada irrecuperable,metodo_correccion,3792001 / 9777000,media,INABIO
3524,680137,coordenadas,coordenada irrecuperable,metodo_correccion,3792001 / 9777000,media,INABIO
3525,680138,coordenadas,coordenada irrecuperable,metodo_correccion,3792001 / 9777000,media,INABIO
3526,680139,coordenadas,coordenada irrecuperable,metodo_correccion,38200 / 977000,media,INABIO
3897,680550,coordenadas,coordenada irrecuperable,metodo_correccion,61219 / 9599417,media,INABIO
3898,680551,coordenadas,coordenada irrecuperable,metodo_correccion,61219 / 9599417,media,INABIO
3899,680552,coordenadas,coordenada irrecuperable,metodo_correccion,61219 / 9599417,media,INABIO
3900,680555,coordenadas,coordenada irrecuperable,metodo_correccion,61219 / 9599417,media,INABIO
3901,680556,coordenadas,coordenada irrecuperable,metodo_correccion,65536 / 9612584,media,INABIO
3902,680557,coordenadas,coordenada irrecuperable,metodo_correccion,65536 / 9612584,media,INABIO
3903,680558,coordenadas,coordenada irrecuperable,metodo_correccion,65536 / 9612584,media,INABIO
3904,680559,coordenadas,coordenada irrecuperable,metodo_correccion,65536 / 9612584,media,INABIO
3905,680560,coordenadas,coordenada irrecuperable,metodo_correccion,65536 / 9612584,media,INABIO
3906,680561,coordenadas,coordenada irrecuperable,metodo_correccion,65536 / 9612584,media,INABIO
3907,680562,coordenadas,coordenada irrecuperable,metodo_correccion,65536 / 9612584,media,INABIO
3908,680563,coordenadas,coordenada irrecuperable,metodo_correccion,65536 / 9612584,media,INABIO
3909,680564,coordenadas,coordenada irrecuperable,metodo_correccion,65536 / 9612584,media,INABIO
3910,680566,coordenadas,coordenada irrecuperable,metodo_correccion,66243 / 9596310,media,INABIO
3911,680567,coordenadas,coordenada irrecuperable,metodo_correccion,66243 / 9596310,media,INABIO
3912,680568,coordenadas,coordenada irrecuperable,metodo_correccion,66243 / 9596310,media,INABIO
3913,680569,coordenadas,coordenada irrecuperable,metodo_correccion,66243 / 9596310,media,INABIO
3915,680571,coordenadas,coordenada irrecuperable,metodo_correccion,66014 / 9595684,media,INABIO
3916,680572,coordenadas,coordenada irrecuperable,metodo_correccion,66014 / 9595684,media,INABIO
3917,680573,coordenadas,coordenada irrecuperable,metodo_correccion,66014 / 9595684,media,INABIO
4033,680703,coordenadas,coordenada irrecuperable,metodo_correccion,17828629 / 9809829,media,INABIO
4035,680705,coordenadas,coordenada irrecuperable,metodo_correccion,18193103 / 9823038,media,INABIO
4037,680707,coordenadas,coordenada irrecuperable,metodo_correccion,180260876 / 0032607,media,INABIO
4176,680861,coordenadas,coordenada irrecuperable,metodo_correccion,912342 / 79585624,media,INABIO
4177,680862,coordenadas,coordenada irrecuperable,metodo_correccion,912342 / 79585624,media,INABIO
4178,680863,coordenadas,coordenada irrecuperable,metodo_correccion,912342 / 79585624,media,INABIO
4187,680873,coordenadas,coordenada irrecuperable,metodo_correccion,01°40'45.55 / 71°54'53'',media,INABIO
4222,680913,coordenadas,coordenada irrecuperable,metodo_correccion,78.28°W / 01.27°N / 00.01°S,media,INABIO
4223,680914,coordenadas,coordenada irrecuperable,metodo_correccion,78.28°W / 01.27°N / 00.01°S,media,INABIO
4224,680915,coordenadas,coordenada irrecuperable,metodo_correccion,78.28°W / 01.27°N / 00.01°S,media,INABIO
4225,680916,coordenadas,coordenada irrecuperable,metodo_correccion,78.28°W / 01.27°N / 00.01°S,media,INABIO
4226,680917,coordenadas,coordenada irrecuperable,metodo_correccion,78.28°W / 01.27°N / 00.01°S,media,INABIO
4227,680918,coordenadas,coordenada irrecuperable,metodo_correccion,78.28°W / 01.27°N / 00.01°S,media,INABIO
4246,680939,coordenadas,coordenada irrecuperable,metodo_correccion,3650437 / 79.787979,media,INABIO
4353,681058,coordenadas,coordenada irrecuperable,metodo_correccion,"-3,0516-26/-78,201161",media,INABIO
4354,681059,coordenadas,coordenada irrecuperable,metodo_correccion,"-3,0516-26/-78,201161",media,INABIO
4355,681060,coordenadas,coordenada irrecuperable,metodo_correccion,"0680352/-78,346921",media,INABIO
4356,681061,coordenadas,coordenada irrecuperable,metodo_correccion,"0680352/-78,346921",media,INABIO
4357,681062,coordenadas,coordenada irrecuperable,metodo_correccion,0691402/-78366977,media,INABIO
4702,1839775,coordenadas,coordenada irrecuperable,metodo_correccion,24581/99445991,media,INABIO
4947,1840020,coordenadas,coordenada irrecuperable,metodo_correccion,0018521/0733457,media,INABIO
4950,1840023,coordenadas,coordenada irrecuperable,metodo_correccion,0002484/784064,media,INABIO
4951,1840024,coordenadas,coordenada irrecuperable,metodo_correccion,2856.80/763529.02,media,INABIO
4952,1840025,coordenadas,coordenada irrecuperable,metodo_correccion,14807.33/759887.35,media,INABIO
4953,1840026,coordenadas,coordenada irrecuperable,metodo_correccion,0230/784039,media,INABIO
4954,1840027,coordenadas,coordenada irrecuperable,metodo_correccion,14807.33/759887.35,media,INABIO
4956,1840029,coordenadas,coordenada irrecuperable,metodo_correccion,0016647/18877937,media,INABIO
4957,1840030,coordenadas,coordenada irrecuperable,metodo_correccion,0000172/7839906,media,INABIO
5009,1840082,coordenadas,coordenada irrecuperable,metodo_correccion,0796764/99996967,media,INABIO
5010,1840083,coordenadas,coordenada irrecuperable,metodo_correccion,0015946/1707584,media,INABIO
5011,1840084,coordenadas,coordenada irrecuperable,metodo_correccion,0016647/7887937,media,INABIO
5012,1840085,coordenadas,coordenada irrecuperable,metodo_correccion,0015946/17075804,media,INABIO
5013,1840086,coordenadas,coordenada irrecuperable,metodo_correccion,09993222/0746084,media,INABIO
5170,1840243,coordenadas,coordenada irrecuperable,metodo_correccion,,media,INABIO
5292,1840365,coordenadas,coordenada irrecuperable,metodo_correccion,"-0.072489 -78,213,042",media,INABIO
6425,1841521,coordenadas,coordenada irrecuperable,metodo_correccion,0787838 / 99.83656,media,INABIO
6426,1841522,coordenadas,coordenada irrecuperable,metodo_correccion,0787838 / 99.83656,media,INABIO
6427,1841523,coordenadas,coordenada irrecuperable,metodo_correccion,0787838 / 99.83656,media,INABIO
1002,677267,ecologia,altitud fuera del rango de la especie en la coleccion,scientificName | minimumElevationInMeters,Ceratobranchia elatior | 269 m | mediana 905 m,media,INABIO
1021,677288,ecologia,altitud fuera del rango de la especie en la coleccion,scientificName | minimumElevationInMeters,Charax tectifer | 910 m | mediana 271 m,media,INABIO
1023,677290,ecologia,altitud fuera del rango de la especie en la coleccion,scientificName | minimumElevationInMeters,Bujurquina mariae | 910 m | mediana 270 m,media,INABIO
1037,677305,ecologia,altitud fuera del rango de la especie en la coleccion,scientificName | minimumElevationInMeters,Charax tectifer | 894 m | mediana 271 m,media,INABIO
1041,677310,ecologia,altitud fuera del rango de la especie en la coleccion,scientificName | minimumElevationInMeters,Distocyclus conirostris | 894 m | mediana 215 m,media,INABIO
1047,677316,ecologia,altitud fuera del rango de la especie en la coleccion,scientificName | minimumElevationInMeters,Crenicichla saxatilis | 854 m | mediana 268 m,media,INABIO
1068,677339,ecologia,altitud fuera del rango de la especie en la coleccion,scientificName | minimumElevationInMeters,Astyanax henseli | 910 m | mediana 248 m,media,INABIO
1070,677342,ecologia,altitud fuera del rango de la especie en la coleccion,scientificName | minimumElevationInMeters,Ancistrus malacops | 910 m | mediana 262 m,media,INABIO
1071,677343,ecologia,altitud fuera del rango de la especie en la coleccion,scientificName | minimumElevationInMeters,Charax tectifer | 910 m | mediana 271 m,media,INABIO
1072,677344,ecologia,altitud fuera del rango de la especie en la coleccion,scientificName | minimumElevationInMeters,Pimelodella gracilis | 910 m | mediana 260 m,media,INABIO
1076,677348,ecologia,altitud fuera del rango de la especie en la coleccion,scientificName | minimumElevationInMeters,Gymnotus carapo | 910 m | mediana 232 m,media,INABIO
1077,677349,ecologia,altitud fuera del rango de la especie en la coleccion,scientificName | minimumElevationInMeters,Bujurquina moriorum | 910 m | mediana 270 m,media,INABIO
1078,677350,ecologia,altitud fuera del rango de la especie en la coleccion,scientificName | minimumElevationInMeters,Crenicichla saxatilis | 910 m | mediana 268 m,media,INABIO
1193,677478,ecologia,altitud fuera del rango de la especie en la coleccion,scientificName | minimumElevationInMeters,Ceratobranchia elatior | 483 m | mediana 905 m,media,INABIO
1197,677482,ecologia,altitud fuera del rango de la especie en la coleccion,scientificName | minimumElevationInMeters,Ceratobranchia elatior | 483 m | mediana 905 m,media,INABIO
1198,677483,ecologia,altitud fuera del rango de la especie en la coleccion,scientificName | minimumElevationInMeters,Hypostomus hemicochliodon | 671 m | mediana 237 m,media,INABIO
1573,677900,ecologia,altitud fuera del rango de la especie en la coleccion,scientificName | minimumElevationInMeters,Anablepsoides rubrolineatus | 1140 m | mediana 260 m,media,INABIO
1574,677901,ecologia,altitud fuera del rango de la especie en la coleccion,scientificName | minimumElevationInMeters,Moenkhausia collettii | 1140 m | mediana 233 m,media,INABIO
1620,677953,ecologia,altitud fuera del rango de la especie en la coleccion,scientificName | minimumElevationInMeters,Crenicichla anthurus | 563 m | mediana 254 m,media,INABIO
1648,677983,ecologia,altitud fuera del rango de la especie en la coleccion,scientificName | minimumElevationInMeters,Anablepsoides rubrolineatus | 1130 m | mediana 260 m,media,INABIO
1724,678091,ecologia,altitud fuera del rango de la especie en la coleccion,scientificName | minimumElevationInMeters,Creagrutus muelleri | 940 m | mediana 1585 m,media,INABIO
1727,678094,ecologia,altitud fuera del rango de la especie en la coleccion,scientificName | minimumElevationInMeters,Bujurquina mariae | 940 m | mediana 270 m,media,INABIO
1731,678099,ecologia,altitud fuera del rango de la especie en la coleccion,scientificName | minimumElevationInMeters,Brachychalcinus nummus | 940 m | mediana 247 m,media,INABIO
1732,678100,ecologia,altitud fuera del rango de la especie en la coleccion,scientificName | minimumElevationInMeters,Astyanax abramis | 940 m | mediana 256 m,media,INABIO
2001,678400,ecologia,altitud fuera del rango de la especie en la coleccion,scientificName | minimumElevationInMeters,Creagrutus muelleri | 242 m | mediana 1585 m,media,INABIO
2049,678452,ecologia,altitud fuera del rango de la especie en la coleccion,scientificName | minimumElevationInMeters,Creagrutus muelleri | 360 m | mediana 1585 m,media,INABIO
2051,678455,ecologia,altitud fuera del rango de la especie en la coleccion,scientificName | minimumElevationInMeters,Creagrutus muelleri | 330 m | mediana 1585 m,media,INABIO
2200,678621,ecologia,altitud fuera del rango de la especie en la coleccion,scientificName | minimumElevationInMeters,Astyanax henseli | 1780 m | mediana 248 m,media,INABIO
2230,678654,ecologia,altitud fuera del rango de la especie en la coleccion,scientificName | minimumElevationInMeters,Astyanax henseli | 1765 m | mediana 248 m,media,INABIO
2329,678763,ecologia,altitud fuera del rango de la especie en la coleccion,scientificName | minimumElevationInMeters,Bryconamericus peruanus | 1742 m | mediana 113 m,media,INABIO
2331,678766,ecologia,altitud fuera del rango de la especie en la coleccion,scientificName | minimumElevationInMeters,Astyanax villwocki | 1742 m | mediana 288 m,media,INABIO
2333,678768,ecologia,altitud fuera del rango de la especie en la coleccion,scientificName | minimumElevationInMeters,Astyanax villwocki | 1752 m | mediana 288 m,media,INABIO
2507,678961,ecologia,altitud fuera del rango de la especie en la coleccion,scientificName | minimumElevationInMeters,Bujurquina mariae | 620 m | mediana 270 m,media,INABIO
2511,678966,ecologia,altitud fuera del rango de la especie en la coleccion,scientificName | minimumElevationInMeters,Bujurquina moriorum | 675 m | mediana 270 m,media,INABIO
2516,678971,ecologia,altitud fuera del rango de la especie en la coleccion,scientificName | minimumElevationInMeters,Bujurquina mariae | 746 m | mediana 270 m,media,INABIO
2552,679011,ecologia,altitud fuera del rango de la especie en la coleccion,scientificName | minimumElevationInMeters,Creagrutus muelleri | 930 m | mediana 1585 m,media,INABIO
2876,679393,ecologia,altitud fuera del rango de la especie en la coleccion,scientificName | minimumElevationInMeters,Andinoacara rivulatus | 909 m | mediana 86 m,media,INABIO
2904,679425,ecologia,altitud fuera del rango de la especie en la coleccion,scientificName | minimumElevationInMeters,Bryconamericus dahli | 1093 m | mediana 202 m,media,INABIO
2916,679438,ecologia,altitud fuera del rango de la especie en la coleccion,scientificName | minimumElevationInMeters,Pimelodella grisea | 668 m | mediana 156 m,media,INABIO
2917,679439,ecologia,altitud fuera del rango de la especie en la coleccion,scientificName | minimumElevationInMeters,Bryconamericus dahli | 1260 m | mediana 202 m,media,INABIO
2921,679444,ecologia,altitud fuera del rango de la especie en la coleccion,scientificName | minimumElevationInMeters,Trichomycterus taenia | 1260 m | mediana 202 m,media,INABIO
2922,679445,ecologia,altitud fuera del rango de la especie en la coleccion,scientificName | minimumElevationInMeters,Bryconamericus dahli | 1284 m | mediana 202 m,media,INABIO
2924,679447,ecologia,altitud fuera del rango de la especie en la coleccion,scientificName | minimumElevationInMeters,Andinoacara blombergi | 1284 m | mediana 201 m,media,INABIO
2929,679452,ecologia,altitud fuera del rango de la especie en la coleccion,scientificName | minimumElevationInMeters,Andinoacara blombergi | 810 m | mediana 201 m,media,INABIO
2930,679454,ecologia,altitud fuera del rango de la especie en la coleccion,scientificName | minimumElevationInMeters,Pimelodella grisea | 810 m | mediana 156 m,media,INABIO
3347,679917,ecologia,altitud fuera del rango de la especie en la coleccion,scientificName | minimumElevationInMeters,Rhoadsia altipinna | 920 m | mediana 97 m,media,INABIO
3504,680092,ecologia,altitud fuera del rango de la especie en la coleccion,scientificName | minimumElevationInMeters,Andinoacara rivulatus | 560 m | mediana 86 m,media,INABIO
3912,680568,ecologia,altitud fuera del rango de la especie en la coleccion,scientificName | minimumElevationInMeters,Brycon dentex | 946 m | mediana 113 m,media,INABIO
3916,680572,ecologia,altitud fuera del rango de la especie en la coleccion,scientificName | minimumElevationInMeters,Brycon dentex | 907 m | mediana 113 m,media,INABIO
3947,680606,ecologia,altitud fuera del rango de la especie en la coleccion,scientificName | minimumElevationInMeters,Creagrutus kunturus | 1566 m | mediana 249 m,media,INABIO
4112,680791,ecologia,altitud fuera del rango de la especie en la coleccion,scientificName | minimumElevationInMeters,Rhoadsia altipinna | 601 m | mediana 97 m,media,INABIO
4214,680904,ecologia,altitud fuera del rango de la especie en la coleccion,scientificName | minimumElevationInMeters,Brycon dentex | 682 m | mediana 113 m,media,INABIO
4216,680906,ecologia,altitud fuera del rango de la especie en la coleccion,scientificName | minimumElevationInMeters,Rhoadsia altipinna | 682 m | mediana 97 m,media,INABIO
4320,681022,ecologia,altitud fuera del rango de la especie en la coleccion,scientificName | minimumElevationInMeters,Creagrutus muelleri | 361 m | mediana 1585 m,media,INABIO
4330,681033,ecologia,altitud fuera del rango de la especie en la coleccion,scientificName | minimumElevationInMeters,Creagrutus muelleri | 364 m | mediana 1585 m,media,INABIO
487,681132,ecologia,altitud fuera del rango de la especie en la coleccion,scientificName | minimumElevationInMeters,Creagrutus barrigai | 860 m | mediana 285 m,media,INABIO
503,681174,ecologia,altitud fuera del rango de la especie en la coleccion,scientificName | minimumElevationInMeters,Lebiasina bimaculata | 860 m | mediana 100 m,media,INABIO
526,681199,ecologia,altitud fuera del rango de la especie en la coleccion,scientificName | minimumElevationInMeters,Bryconamericus peruanus | 1510 m | mediana 113 m,media,INABIO
528,681201,ecologia,altitud fuera del rango de la especie en la coleccion,scientificName | minimumElevationInMeters,Trichomycterus taenia | 1510 m | mediana 202 m,media,INABIO
5649,1840745,ecologia,altitud fuera del rango de la especie en la coleccion,scientificName | minimumElevationInMeters,Pseudopoecilia fria | 1300 m | mediana 180 m,media,INABIO
580,681259,ecologia,altitud fuera del rango de la especie en la coleccion,scientificName | minimumElevationInMeters,Bryconamericus peruanus | 1800 m | mediana 113 m,media,INABIO
609,681291,ecologia,altitud fuera del rango de la especie en la coleccion,scientificName | minimumElevationInMeters,Rhamdia quelen | 1140 m | mediana 237 m,media,INABIO
612,681295,ecologia,altitud fuera del rango de la especie en la coleccion,scientificName | minimumElevationInMeters,Knodus megalops | 1120 m | mediana 240 m,media,INABIO
616,681299,ecologia,altitud fuera del rango de la especie en la coleccion,scientificName | minimumElevationInMeters,Rhamdia quelen | 1120 m | mediana 237 m,media,INABIO
620,681304,ecologia,altitud fuera del rango de la especie en la coleccion,scientificName | minimumElevationInMeters,Creagrutus barrigai | 1120 m | mediana 285 m,media,INABIO
621,681305,ecologia,altitud fuera del rango de la especie en la coleccion,scientificName | minimumElevationInMeters,Crenicichla saxatilis | 1120 m | mediana 268 m,media,INABIO
622,681306,ecologia,altitud fuera del rango de la especie en la coleccion,scientificName | minimumElevationInMeters,Creagrutus barrigai | 1295 m | mediana 285 m,media,INABIO
627,681311,ecologia,altitud fuera del rango de la especie en la coleccion,scientificName | minimumElevationInMeters,Knodus megalops | 1110 m | mediana 240 m,media,INABIO
696,681387,ecologia,altitud fuera del rango de la especie en la coleccion,scientificName | minimumElevationInMeters,Pseudopoecilia fria | 1250 m | mediana 180 m,media,INABIO
926,681643,ecologia,altitud fuera del rango de la especie en la coleccion,scientificName | minimumElevationInMeters,Astyanax bimaculatus | 1037 m | mediana 237 m,media,INABIO
927,681644,ecologia,altitud fuera del rango de la especie en la coleccion,scientificName | minimumElevationInMeters,Creagrutus kunturus | 1037 m | mediana 249 m,media,INABIO
931,681649,ecologia,altitud fuera del rango de la especie en la coleccion,scientificName | minimumElevationInMeters,Rhamdia quelen | 1037 m | mediana 237 m,media,INABIO
938,681656,ecologia,altitud fuera del rango de la especie en la coleccion,scientificName | minimumElevationInMeters,Astyanax abramis | 1037 m | mediana 256 m,media,INABIO
947,681666,ecologia,altitud fuera del rango de la especie en la coleccion,scientificName | minimumElevationInMeters,Distocyclus conirostris | 910 m | mediana 215 m,media,INABIO
952,681672,ecologia,altitud fuera del rango de la especie en la coleccion,scientificName | minimumElevationInMeters,Ancistrus malacops | 910 m | mediana 262 m,media,INABIO
957,681677,ecologia,altitud fuera del rango de la especie en la coleccion,scientificName | minimumElevationInMeters,Astyanax abramis | 1037 m | mediana 256 m,media,INABIO
965,681686,ecologia,altitud fuera del rango de la especie en la coleccion,scientificName | minimumElevationInMeters,Bujurquina moriorum | 1038 m | mediana 270 m,media,INABIO
966,681687,ecologia,altitud fuera del rango de la especie en la coleccion,scientificName | minimumElevationInMeters,Charax tectifer | 1038 m | mediana 271 m,media,INABIO
967,681688,ecologia,altitud fuera del rango de la especie en la coleccion,scientificName | minimumElevationInMeters,Ancistrus malacops | 1038 m | mediana 262 m,media,INABIO
972,681694,ecologia,altitud fuera del rango de la especie en la coleccion,scientificName | minimumElevationInMeters,Ancistrus malacops | 930 m | mediana 262 m,media,INABIO
974,681696,ecologia,altitud fuera del rango de la especie en la coleccion,scientificName | minimumElevationInMeters,Bujurquina moriorum | 930 m | mediana 270 m,media,INABIO
2233,678657,ecologia,unico registro de la especie en esa vertiente,scientificName | stateProvince,Astyanax ruberrimus | Morona Santiago,media,INABIO
2329,678763,ecologia,unico registro de la especie en esa vertiente,scientificName | stateProvince,Bryconamericus peruanus | Morona Santiago,media,INABIO
2628,679118,ecologia,unico registro de la especie en esa vertiente,scientificName | stateProvince,Ancistrus malacops | El Oro,media,INABIO
28,679308,ecologia,unico registro de la especie en esa vertiente,scientificName | stateProvince,Rhamdia wagneri | Manabí,media,INABIO
289,679408,ecologia,unico registro de la especie en esa vertiente,scientificName | stateProvince,Pimelodella grisea | Orellana,media,INABIO
3002,679535,ecologia,unico registro de la especie en esa vertiente,scientificName | stateProvince,Lebiasina astrigata | Sucumbíos,media,INABIO
3718,680352,ecologia,unico registro de la especie en esa vertiente,scientificName | stateProvince,Rhamdia wagneri | Pastaza,media,INABIO
4125,680805,ecologia,unico registro de la especie en esa vertiente,scientificName | stateProvince,Poecilia reticulata | El Oro,media,INABIO
417,680854,ecologia,unico registro de la especie en esa vertiente,scientificName | stateProvince,Rhamdia quelen | Esmeraldas,media,INABIO
503,681174,ecologia,unico registro de la especie en esa vertiente,scientificName | stateProvince,Lebiasina bimaculata | Zamora Chinchipe,media,INABIO
5313,1840386,ecologia,unico registro de la especie en esa vertiente,scientificName | stateProvince,Epinephelus analogus | Napo,media,INABIO
5361,1840434,ecologia,unico registro de la especie en esa vertiente,scientificName | stateProvince,Triportheus angulatus | Esmeraldas,media,INABIO
5454,1840527,ecologia,unico registro de la especie en esa vertiente,scientificName | stateProvince,Eigenmannia limbata | Esmeraldas,media,INABIO
5604,1840700,ecologia,unico registro de la especie en esa vertiente,scientificName | stateProvince,Pseudopoecilia fria | Morona Santiago,media,INABIO
5606,1840702,ecologia,unico registro de la especie en esa vertiente,scientificName | stateProvince,Lebiasina astrigata | Esmeraldas,media,INABIO
5675,1840771,ecologia,unico registro de la especie en esa vertiente,scientificName | stateProvince,Xiphophorus hellerii | El Oro,media,INABIO
6,681280,ecologia,unico registro de la especie en esa vertiente,scientificName | stateProvince,Dormitator latifrons | Sucumbíos,media,INABIO
6040,1841136,ecologia,unico registro de la especie en esa vertiente,scientificName | stateProvince,Eleotris picta | Morona Santiago,media,INABIO
75,681447,ecologia,unico registro de la especie en esa vertiente,scientificName | stateProvince,Xiphophorus hellerii | Orellana,media,INABIO
2462,678911,geografia,coordenada o altitud embebida en el texto de localidad,locality,Reserva Biológica Limoncocha.Laguna Limoncocha 17N 321429/9957040 236msnm,media,propio
2463,678912,geografia,coordenada o altitud embebida en el texto de localidad,locality,Reserva Biológica Limoncocha.Laguna Limoncocha 18N 321429/9957040 236msnm,media,propio
2464,678913,geografia,coordenada o altitud embebida en el texto de localidad,locality,Reserva Biológica Limoncocha.Laguna Limoncocha 18N 321429/9953040 236msnm,media,propio
2465,678914,geografia,coordenada o altitud embebida en el texto de localidad,locality,Reserva Biológica Limoncocha.Laguna Limoncocha 18N 321429/9953040 236msnm,media,propio
2466,678915,geografia,coordenada o altitud embebida en el texto de localidad,locality,Reserva Biológica Limoncocha.Laguna Limoncocha 18N 322262/9956962 236msnm,media,propio
2467,678916,geografia,coordenada o altitud embebida en el texto de localidad,locality,Reserva Biológica Limoncocha.Laguna Limoncocha 18N 322262/9956962 236msnm,media,propio
2468,678917,geografia,coordenada o altitud embebida en el texto de localidad,locality,Reserva Biológica Limoncocha.Laguna Limoncocha 18N 320868/9956786 234msnm,media,propio
2469,678918,geografia,coordenada o altitud embebida en el texto de localidad,locality,Reserva Biológica Limoncocha.Laguna Limoncocha 18N 320868/9956786 234msnm,media,propio
2470,678920,geografia,coordenada o altitud embebida en el texto de localidad,locality,Reserva Biológica Limoncocha.Laguna Limoncocha 18N 320868/9956786 234msnm,media,propio
2471,678921,geografia,coordenada o altitud embebida en el texto de localidad,locality,Reserva Biológica Limoncocha.Laguna Limoncocha 18N 320868/9956786 234msnm,media,propio
2472,678922,geografia,coordenada o altitud embebida en el texto de localidad,locality,Reserva Biológica Limoncocha.Laguna Limoncocha 18N 320868/9956786 234msnm,media,propio
2473,678923,geografia,coordenada o altitud embebida en el texto de localidad,locality,Reserva Biológica Limoncocha.Río Playayacu 18N 318807/9959492 240msnm,media,propio
2474,678924,geografia,coordenada o altitud embebida en el texto de localidad,locality,Reserva Biológica Limoncocha.Río Playayacu 18N 318807/9959492 240msnm,media,propio
2475,678925,geografia,coordenada o altitud embebida en el texto de localidad,locality,Reserva Biológica Limoncocha.Río Playayacu 18N 318807/9959492 240msnm,media,propio
2476,678926,geografia,coordenada o altitud embebida en el texto de localidad,locality,Reserva Biológica Limoncocha.Río Playayacu 18N 318807/9959492 240msnm,media,propio
2477,678927,geografia,coordenada o altitud embebida en el texto de localidad,locality,Reserva Biológica Limoncocha.Río Playayacu 18N 318807/9959492 240msnm,media,propio
2478,678928,geografia,coordenada o altitud embebida en el texto de localidad,locality,Reserva Biológica Limoncocha.Río Pishira cerca de la carretera 18N 318808/9959494 250msnm,media,propio
2479,678929,geografia,coordenada o altitud embebida en el texto de localidad,locality,Reserva Biológica Limoncocha.Río Pishira cerca de la carretera 18N 318808/9959494 250msnm,media,propio
2480,678931,geografia,coordenada o altitud embebida en el texto de localidad,locality,Reserva Biológica Limoncocha.Río Pishira cerca de la carretera 18N 318808/9959494 250msnm,media,propio
2481,678932,geografia,coordenada o altitud embebida en el texto de localidad,locality,Reserva Biológica Limoncocha.Río Pishira cerca de la carretera 18N 318808/9959494 250msnm,media,propio
2482,678933,geografia,coordenada o altitud embebida en el texto de localidad,locality,Reserva Biológica Limoncocha.Río Pishira cerca de la carretera 18N 318808/9959494 250msnm,media,propio
2483,678934,geografia,coordenada o altitud embebida en el texto de localidad,locality,Reserva Biológica Limoncocha.Río Pishira cerca de la carretera 18N 318808/9959494 250msnm,media,propio
2484,678935,geografia,coordenada o altitud embebida en el texto de localidad,locality,Reserva Biológica Limoncocha.entrada al muelle 18N 319811/9959906 234msnm,media,propio
1463,677778,geografia,locality vacia con locationRemarks poblada,locality|locationRemarks,Río Guayas,media,propio
3393,679968,geografia,locality vacia con locationRemarks poblada,locality|locationRemarks,Río San Vicente,media,propio
3395,679970,geografia,locality vacia con locationRemarks poblada,locality|locationRemarks,Río Mashpi Grande,media,propio
3396,679971,geografia,locality vacia con locationRemarks poblada,locality|locationRemarks,Río San Vicente,media,propio
3397,679972,geografia,locality vacia con locationRemarks poblada,locality|locationRemarks,Río Mashpi Grande y Chicho,media,propio
3398,679973,geografia,locality vacia con locationRemarks poblada,locality|locationRemarks,Río Malimpio Chico,media,propio
3399,679974,geografia,locality vacia con locationRemarks poblada,locality|locationRemarks,Río Malimpio Chico,media,propio
3402,679979,geografia,locality vacia con locationRemarks poblada,locality|locationRemarks,Río Alambí,media,propio
3406,679983,geografia,locality vacia con locationRemarks poblada,locality|locationRemarks,Río Malimpio Chico,media,propio
3407,679984,geografia,locality vacia con locationRemarks poblada,locality|locationRemarks,Río Buenaventura,media,propio
391,680565,geografia,locality vacia con locationRemarks poblada,locality|locationRemarks,Río Napo,media,propio
44,681080,geografia,locality vacia con locationRemarks poblada,locality|locationRemarks,Río Napo,media,propio
5068,1840141,geografia,locality vacia con locationRemarks poblada,locality|locationRemarks,Río Napo,media,propio
5082,1840155,geografia,locality vacia con locationRemarks poblada,locality|locationRemarks,Río Napo,media,propio
5096,1840169,geografia,locality vacia con locationRemarks poblada,locality|locationRemarks,Vía Pompeya-NPF PC23,media,propio
5121,1840194,geografia,locality vacia con locationRemarks poblada,locality|locationRemarks,Río Napo,media,propio
5153,1840226,geografia,locality vacia con locationRemarks poblada,locality|locationRemarks,km 1 Vía Pompeya,media,propio
5159,1840232,geografia,locality vacia con locationRemarks poblada,locality|locationRemarks,Estero S/N 4,media,propio
5169,1840242,geografia,locality vacia con locationRemarks poblada,locality|locationRemarks,Río Napo,media,propio
5170,1840243,geografia,locality vacia con locationRemarks poblada,locality|locationRemarks,km 5 Vía Puyo,media,propio
5178,1840251,geografia,locality vacia con locationRemarks poblada,locality|locationRemarks,Castelnuovo,media,propio
5179,1840252,geografia,locality vacia con locationRemarks poblada,locality|locationRemarks,Castelnuovo,media,propio
5182,1840255,geografia,locality vacia con locationRemarks poblada,locality|locationRemarks,Laguna Aucacocha,media,propio
5183,1840256,geografia,locality vacia con locationRemarks poblada,locality|locationRemarks,Laguna Canangueno,media,propio
5184,1840257,geografia,locality vacia con locationRemarks poblada,locality|locationRemarks,Laguna Canangueno,media,propio
5185,1840258,geografia,locality vacia con locationRemarks poblada,locality|locationRemarks,Laguna Mateococha,media,propio
5186,1840259,geografia,locality vacia con locationRemarks poblada,locality|locationRemarks,Laguna Aucacocha,media,propio
5187,1840260,geografia,locality vacia con locationRemarks poblada,locality|locationRemarks,Laguna Aucacocha,media,propio
5188,1840261,geografia,locality vacia con locationRemarks poblada,locality|locationRemarks,Laguna Aucacocha,media,propio
5189,1840262,geografia,locality vacia con locationRemarks poblada,locality|locationRemarks,Laguna Canangueno,media,propio
5190,1840263,geografia,locality vacia con locationRemarks poblada,locality|locationRemarks,Laguna Aucacocha,media,propio
5191,1840264,geografia,locality vacia con locationRemarks poblada,locality|locationRemarks,Laguna Canangueno,media,propio
5192,1840265,geografia,locality vacia con locationRemarks poblada,locality|locationRemarks,Laguna Mateococha,media,propio
5194,1840267,geografia,locality vacia con locationRemarks poblada,locality|locationRemarks,Laguna Aucacocha,media,propio
5195,1840268,geografia,locality vacia con locationRemarks poblada,locality|locationRemarks,Laguna Aucacocha,media,propio
5196,1840269,geografia,locality vacia con locationRemarks poblada,locality|locationRemarks,Destacamento Patria,media,propio
5197,1840270,geografia,locality vacia con locationRemarks poblada,locality|locationRemarks,Río Caoní,media,propio
5199,1840272,geografia,locality vacia con locationRemarks poblada,locality|locationRemarks,Laguna Canangueno,media,propio
5200,1840273,geografia,locality vacia con locationRemarks poblada,locality|locationRemarks,Laguna Mateococha,media,propio
5201,1840274,geografia,locality vacia con locationRemarks poblada,locality|locationRemarks,Laguna Aucacocha,media,propio
5205,1840278,geografia,locality vacia con locationRemarks poblada,locality|locationRemarks,Laguna Canangueno,media,propio
5206,1840279,geografia,locality vacia con locationRemarks poblada,locality|locationRemarks,Laguna Aucacocha,media,propio
5209,1840282,geografia,locality vacia con locationRemarks poblada,locality|locationRemarks,Laguna Aucacocha,media,propio
5211,1840284,geografia,locality vacia con locationRemarks poblada,locality|locationRemarks,Laguna Mateococha,media,propio
5212,1840285,geografia,locality vacia con locationRemarks poblada,locality|locationRemarks,Laguna Canangueno,media,propio
5213,1840286,geografia,locality vacia con locationRemarks poblada,locality|locationRemarks,Laguna Canangueno,media,propio
5215,1840288,geografia,locality vacia con locationRemarks poblada,locality|locationRemarks,Laguna Mateococha,media,propio
5219,1840292,geografia,locality vacia con locationRemarks poblada,locality|locationRemarks,Estero S/N,media,propio
5221,1840294,geografia,locality vacia con locationRemarks poblada,locality|locationRemarks,Río Simanwe,media,propio
5222,1840295,geografia,locality vacia con locationRemarks poblada,locality|locationRemarks,Laguna Mateococha,media,propio
5224,1840297,geografia,locality vacia con locationRemarks poblada,locality|locationRemarks,Laguna Aucacocha,media,propio
5225,1840298,geografia,locality vacia con locationRemarks poblada,locality|locationRemarks,Laguna Mateococha,media,propio
5226,1840299,geografia,locality vacia con locationRemarks poblada,locality|locationRemarks,Laguna Canangueno,media,propio
5228,1840301,geografia,locality vacia con locationRemarks poblada,locality|locationRemarks,Laguna Canangueno,media,propio
5230,1840303,geografia,locality vacia con locationRemarks poblada,locality|locationRemarks,Laguna Canangueno,media,propio
5231,1840304,geografia,locality vacia con locationRemarks poblada,locality|locationRemarks,Laguna Mateococha,media,propio
5232,1840305,geografia,locality vacia con locationRemarks poblada,locality|locationRemarks,Laguna Mateococha,media,propio
5233,1840306,geografia,locality vacia con locationRemarks poblada,locality|locationRemarks,Laguna Canangueno,media,propio
5236,1840309,geografia,locality vacia con locationRemarks poblada,locality|locationRemarks,Laguna Canangueno,media,propio
5238,1840311,geografia,locality vacia con locationRemarks poblada,locality|locationRemarks,Tetete. Pozo Peñablanca,media,propio
5239,1840312,geografia,locality vacia con locationRemarks poblada,locality|locationRemarks,Cuyabeno Lodge,media,propio
5240,1840313,geografia,locality vacia con locationRemarks poblada,locality|locationRemarks,km 29 Vía Quinindé,media,propio
5241,1840314,geografia,locality vacia con locationRemarks poblada,locality|locationRemarks,Laguna Mateococha,media,propio
5242,1840315,geografia,locality vacia con locationRemarks poblada,locality|locationRemarks,Laguna Canangueno,media,propio
5245,1840318,geografia,locality vacia con locationRemarks poblada,locality|locationRemarks,Laguna Mateococha,media,propio
5248,1840321,geografia,locality vacia con locationRemarks poblada,locality|locationRemarks,Cuyabeno Lodge,media,propio
5249,1840322,geografia,locality vacia con locationRemarks poblada,locality|locationRemarks,Destacamento Patria,media,propio
5253,1840326,geografia,locality vacia con locationRemarks poblada,locality|locationRemarks,Laguna Canangueno,media,propio
5254,1840327,geografia,locality vacia con locationRemarks poblada,locality|locationRemarks,Cuyabeno Lodge,media,propio
5255,1840328,geografia,locality vacia con locationRemarks poblada,locality|locationRemarks,Blanca A. Estero S/N,media,propio
5256,1840329,geografia,locality vacia con locationRemarks poblada,locality|locationRemarks,Blanca A. Estero S/N,media,propio
5259,1840332,geografia,locality vacia con locationRemarks poblada,locality|locationRemarks,Laguna Mateococha,media,propio
5260,1840333,geografia,locality vacia con locationRemarks poblada,locality|locationRemarks,Laguna Mateococha,media,propio
5261,1840334,geografia,locality vacia con locationRemarks poblada,locality|locationRemarks,Laguna Mateococha,media,propio
5262,1840335,geografia,locality vacia con locationRemarks poblada,locality|locationRemarks,Laguna Mateococha,media,propio
5276,1840349,geografia,locality vacia con locationRemarks poblada,locality|locationRemarks,Laguna Aucacocha,media,propio
5277,1840350,geografia,locality vacia con locationRemarks poblada,locality|locationRemarks,Laguna Aucacocha,media,propio
5278,1840351,geografia,locality vacia con locationRemarks poblada,locality|locationRemarks,Laguna Canangueno,media,propio
5282,1840355,geografia,locality vacia con locationRemarks poblada,locality|locationRemarks,Laguna Canangueno,media,propio
5283,1840356,geografia,locality vacia con locationRemarks poblada,locality|locationRemarks,Laguna Canangueno,media,propio
5286,1840359,geografia,locality vacia con locationRemarks poblada,locality|locationRemarks,Laguna Limoncocha,media,propio
5287,1840360,geografia,locality vacia con locationRemarks poblada,locality|locationRemarks,Laguna Canangueno,media,propio
5291,1840364,geografia,locality vacia con locationRemarks poblada,locality|locationRemarks,Cuyabeno Lodge,media,propio
5292,1840365,geografia,locality vacia con locationRemarks poblada,locality|locationRemarks,Laguna Cormorán,media,propio
5294,1840367,geografia,locality vacia con locationRemarks poblada,locality|locationRemarks,Río Verde,media,propio
5298,1840371,geografia,locality vacia con locationRemarks poblada,locality|locationRemarks,"Estero Guandi, trocha campo 2",media,propio
5299,1840372,geografia,locality vacia con locationRemarks poblada,locality|locationRemarks,Laguna Mateococha,media,propio
5300,1840373,geografia,locality vacia con locationRemarks poblada,locality|locationRemarks,Laguna Canangueno,media,propio
5307,1840380,geografia,locality vacia con locationRemarks poblada,locality|locationRemarks,Cuyabeno Lodge,media,propio
5308,1840381,geografia,locality vacia con locationRemarks poblada,locality|locationRemarks,Laguna Mateococha,media,propio
5312,1840385,geografia,locality vacia con locationRemarks poblada,locality|locationRemarks,A 6.6 km del Parque Central,media,propio
5318,1840391,geografia,locality vacia con locationRemarks poblada,locality|locationRemarks,Castelnuovo,media,propio
5324,1840397,geografia,locality vacia con locationRemarks poblada,locality|locationRemarks,Río Cristal,media,propio
5326,1840399,geografia,locality vacia con locationRemarks poblada,locality|locationRemarks,Río Chiche-Tumbaco-Ciclovía,media,propio
5327,1840400,geografia,locality vacia con locationRemarks poblada,locality|locationRemarks,Sacha Lodge,media,propio
5330,1840403,geografia,locality vacia con locationRemarks poblada,locality|locationRemarks,Río Cristal,media,propio
5335,1840408,geografia,locality vacia con locationRemarks poblada,locality|locationRemarks,Sacha Lodge,media,propio
5339,1840412,geografia,locality vacia con locationRemarks poblada,locality|locationRemarks,Río Chiche-Tumbaco-Ciclovía,media,propio
5346,1840419,geografia,locality vacia con locationRemarks poblada,locality|locationRemarks,Parque Central,media,propio
5378,1840451,geografia,locality vacia con locationRemarks poblada,locality|locationRemarks,Río Ostiones,media,propio
5379,1840452,geografia,locality vacia con locationRemarks poblada,locality|locationRemarks,Río Blanco,media,propio
5380,1840453,geografia,locality vacia con locationRemarks poblada,locality|locationRemarks,Río Blanco,media,propio
5386,1840459,geografia,locality vacia con locationRemarks poblada,locality|locationRemarks,Río Ostiones,media,propio
5390,1840463,geografia,locality vacia con locationRemarks poblada,locality|locationRemarks,Laguna Mateococha,media,propio
5392,1840465,geografia,locality vacia con locationRemarks poblada,locality|locationRemarks,Río Guayataza,media,propio
5400,1840473,geografia,locality vacia con locationRemarks poblada,locality|locationRemarks,Laguna Aucacocha,media,propio
5402,1840475,geografia,locality vacia con locationRemarks poblada,locality|locationRemarks,Laguna Aucacocha,media,propio
5405,1840478,geografia,locality vacia con locationRemarks poblada,locality|locationRemarks,Cuyabeno Lodge,media,propio
5407,1840480,geografia,locality vacia con locationRemarks poblada,locality|locationRemarks,Cuyabeno Lodge,media,propio
5413,1840486,geografia,locality vacia con locationRemarks poblada,locality|locationRemarks,km 29 Vía Quinindé,media,propio
5414,1840487,geografia,locality vacia con locationRemarks poblada,locality|locationRemarks,Vía Pompeya-NPF PC23,media,propio
5415,1840488,geografia,locality vacia con locationRemarks poblada,locality|locationRemarks,Cuyabeno Lodge,media,propio
5416,1840489,geografia,locality vacia con locationRemarks poblada,locality|locationRemarks,Laguna Mateococha,media,propio
5417,1840490,geografia,locality vacia con locationRemarks poblada,locality|locationRemarks,Laguna Canangueno,media,propio
5418,1840491,geografia,locality vacia con locationRemarks poblada,locality|locationRemarks,Laguna Mateococha,media,propio
5419,1840492,geografia,locality vacia con locationRemarks poblada,locality|locationRemarks,Laguna Canangueno,media,propio
5421,1840494,geografia,locality vacia con locationRemarks poblada,locality|locationRemarks,Laguna Canangueno,media,propio
5422,1840495,geografia,locality vacia con locationRemarks poblada,locality|locationRemarks,Laguna Canangueno,media,propio
5426,1840499,geografia,locality vacia con locationRemarks poblada,locality|locationRemarks,Laguna Aucacocha,media,propio
5428,1840501,geografia,locality vacia con locationRemarks poblada,locality|locationRemarks,Laguna Aucacocha,media,propio
5429,1840502,geografia,locality vacia con locationRemarks poblada,locality|locationRemarks,Laguna Mateococha,media,propio
5430,1840503,geografia,locality vacia con locationRemarks poblada,locality|locationRemarks,Laguna Aucacocha,media,propio
5432,1840505,geografia,locality vacia con locationRemarks poblada,locality|locationRemarks,Laguna Canangueno,media,propio
5433,1840506,geografia,locality vacia con locationRemarks poblada,locality|locationRemarks,Laguna Aucacocha,media,propio
5434,1840507,geografia,locality vacia con locationRemarks poblada,locality|locationRemarks,Cuyabeno Lodge,media,propio
5435,1840508,geografia,locality vacia con locationRemarks poblada,locality|locationRemarks,Laguna Mateococha,media,propio
5437,1840510,geografia,locality vacia con locationRemarks poblada,locality|locationRemarks,Laguna Canangueno,media,propio
5438,1840511,geografia,locality vacia con locationRemarks poblada,locality|locationRemarks,Laguna Aucacocha,media,propio
5441,1840514,geografia,locality vacia con locationRemarks poblada,locality|locationRemarks,Río Verde,media,propio
5445,1840518,geografia,locality vacia con locationRemarks poblada,locality|locationRemarks,Vía Toachi- Chiriboga,media,propio
5446,1840519,geografia,locality vacia con locationRemarks poblada,locality|locationRemarks,Cuyabeno Lodge,media,propio
5452,1840525,geografia,locality vacia con locationRemarks poblada,locality|locationRemarks,Laguna Canangueno,media,propio
5453,1840526,geografia,locality vacia con locationRemarks poblada,locality|locationRemarks,Cuyabeno Lodge,media,propio
5456,1840529,geografia,locality vacia con locationRemarks poblada,locality|locationRemarks,Laguna Limoncocha,media,propio
5458,1840531,geografia,locality vacia con locationRemarks poblada,locality|locationRemarks,Laguna Canangueno,media,propio
5460,1840533,geografia,locality vacia con locationRemarks poblada,locality|locationRemarks,Laguna Mateococha,media,propio
5461,1840534,geografia,locality vacia con locationRemarks poblada,locality|locationRemarks,Laguna Aucacocha,media,propio
5462,1840535,geografia,locality vacia con locationRemarks poblada,locality|locationRemarks,Cuyabeno Lodge,media,propio
5463,1840536,geografia,locality vacia con locationRemarks poblada,locality|locationRemarks,Laguna Mateococha,media,propio
5464,1840537,geografia,locality vacia con locationRemarks poblada,locality|locationRemarks,Laguna Mateococha,media,propio
5465,1840538,geografia,locality vacia con locationRemarks poblada,locality|locationRemarks,Laguna Aucacocha,media,propio
5466,1840539,geografia,locality vacia con locationRemarks poblada,locality|locationRemarks,Laguna Canangueno,media,propio
5476,1840549,geografia,locality vacia con locationRemarks poblada,locality|locationRemarks,Laguna Canangueno,media,propio
5477,1840550,geografia,locality vacia con locationRemarks poblada,locality|locationRemarks,Laguna Canangueno,media,propio
5482,1840555,geografia,locality vacia con locationRemarks poblada,locality|locationRemarks,Laguna Aucacocha,media,propio
5483,1840556,geografia,locality vacia con locationRemarks poblada,locality|locationRemarks,Laguna Aucacocha,media,propio
5484,1840557,geografia,locality vacia con locationRemarks poblada,locality|locationRemarks,Laguna Mateococha,media,propio
5485,1840558,geografia,locality vacia con locationRemarks poblada,locality|locationRemarks,Laguna Aucacocha,media,propio
5486,1840559,geografia,locality vacia con locationRemarks poblada,locality|locationRemarks,Laguna Canangueno,media,propio
5487,1840560,geografia,locality vacia con locationRemarks poblada,locality|locationRemarks,Laguna Mateococha,media,propio
5488,1840561,geografia,locality vacia con locationRemarks poblada,locality|locationRemarks,Laguna Mateococha,media,propio
5491,1840564,geografia,locality vacia con locationRemarks poblada,locality|locationRemarks,Laguna Mateococha,media,propio
5493,1840566,geografia,locality vacia con locationRemarks poblada,locality|locationRemarks,Laguna Aucacocha,media,propio
5494,1840567,geografia,locality vacia con locationRemarks poblada,locality|locationRemarks,Laguna Aucacocha,media,propio
5495,1840568,geografia,locality vacia con locationRemarks poblada,locality|locationRemarks,Laguna Aucacocha,media,propio
5496,1840569,geografia,locality vacia con locationRemarks poblada,locality|locationRemarks,Laguna Mateococha,media,propio
5498,1840571,geografia,locality vacia con locationRemarks poblada,locality|locationRemarks,Parque Alameda,media,propio
5501,1840574,geografia,locality vacia con locationRemarks poblada,locality|locationRemarks,Laguna Mateococha,media,propio
5502,1840575,geografia,locality vacia con locationRemarks poblada,locality|locationRemarks,Laguna Mateococha,media,propio
5503,1840576,geografia,locality vacia con locationRemarks poblada,locality|locationRemarks,Laguna Mateococha,media,propio
5504,1840577,geografia,locality vacia con locationRemarks poblada,locality|locationRemarks,Laguna Canangueno,media,propio
5505,1840578,geografia,locality vacia con locationRemarks poblada,locality|locationRemarks,Laguna Canangueno,media,propio
5507,1840580,geografia,locality vacia con locationRemarks poblada,locality|locationRemarks,Laguna Aucacocha,media,propio
5509,1840582,geografia,locality vacia con locationRemarks poblada,locality|locationRemarks,Laguna Aucacocha,media,propio
5511,1840584,geografia,locality vacia con locationRemarks poblada,locality|locationRemarks,Laguna Mateococha,media,propio
5514,1840587,geografia,locality vacia con locationRemarks poblada,locality|locationRemarks,Laguna Mateococha,media,propio
5522,1840595,geografia,locality vacia con locationRemarks poblada,locality|locationRemarks,Cuyabeno Lodge,media,propio
5523,1840596,geografia,locality vacia con locationRemarks poblada,locality|locationRemarks,Cuyabeno Lodge,media,propio
5527,1840600,geografia,locality vacia con locationRemarks poblada,locality|locationRemarks,Vía Quinindé km 29,media,propio
5531,1840604,geografia,locality vacia con locationRemarks poblada,locality|locationRemarks,Río Patul,media,propio
5532,1840605,geografia,locality vacia con locationRemarks poblada,locality|locationRemarks,Laguna Aucacocha,media,propio
5540,1840613,geografia,locality vacia con locationRemarks poblada,locality|locationRemarks,Laguna Limoncocha,media,propio
5544,1840617,geografia,locality vacia con locationRemarks poblada,locality|locationRemarks,Río Verde,media,propio
5546,1840619,geografia,locality vacia con locationRemarks poblada,locality|locationRemarks,Río Pulga,media,propio
5555,1840628,geografia,locality vacia con locationRemarks poblada,locality|locationRemarks,Laguna Canangueno,media,propio
5556,1840629,geografia,locality vacia con locationRemarks poblada,locality|locationRemarks,Laguna de Canangueno,media,propio
5567,1840640,geografia,locality vacia con locationRemarks poblada,locality|locationRemarks,Jumandi,media,propio
5570,1840666,geografia,locality vacia con locationRemarks poblada,locality|locationRemarks,Laguna Jatuncocha,media,propio
5576,1840672,geografia,locality vacia con locationRemarks poblada,locality|locationRemarks,Laguna Canangueno,media,propio
5577,1840673,geografia,locality vacia con locationRemarks poblada,locality|locationRemarks,Laguna Mateococha,media,propio
5579,1840675,geografia,locality vacia con locationRemarks poblada,locality|locationRemarks,Laguna Canangueno,media,propio
5583,1840679,geografia,locality vacia con locationRemarks poblada,locality|locationRemarks,Laguna Limoncocha,media,propio
5584,1840680,geografia,locality vacia con locationRemarks poblada,locality|locationRemarks,Yasuní. sendero bordeante del Tiputini,media,propio
5586,1840682,geografia,locality vacia con locationRemarks poblada,locality|locationRemarks,Laguna Canangueno,media,propio
5587,1840683,geografia,locality vacia con locationRemarks poblada,locality|locationRemarks,Archidona. Cueva de San Bernardo,media,propio
5588,1840684,geografia,locality vacia con locationRemarks poblada,locality|locationRemarks,Cuyabeno Lodge,media,propio
5592,1840688,geografia,locality vacia con locationRemarks poblada,locality|locationRemarks,Río Faisanes,media,propio
5596,1840692,geografia,locality vacia con locationRemarks poblada,locality|locationRemarks,Río Huiririma,media,propio
5597,1840693,geografia,locality vacia con locationRemarks poblada,locality|locationRemarks,Río Napo,media,propio
5598,1840694,geografia,locality vacia con locationRemarks poblada,locality|locationRemarks,Indiyalla,media,propio
5601,1840697,geografia,locality vacia con locationRemarks poblada,locality|locationRemarks,Laguna Aucacocha,media,propio
5602,1840698,geografia,locality vacia con locationRemarks poblada,locality|locationRemarks,Vía Santo Domingo-Quevedo,media,propio
5603,1840699,geografia,locality vacia con locationRemarks poblada,locality|locationRemarks,El Reventador,media,propio
5604,1840700,geografia,locality vacia con locationRemarks poblada,locality|locationRemarks,Sucúa,media,propio
5605,1840701,geografia,locality vacia con locationRemarks poblada,locality|locationRemarks,Atacames,media,propio
5606,1840702,geografia,locality vacia con locationRemarks poblada,locality|locationRemarks,Alto Tambo,media,propio
5608,1840704,geografia,locality vacia con locationRemarks poblada,locality|locationRemarks,Colorado,media,propio
5610,1840706,geografia,locality vacia con locationRemarks poblada,locality|locationRemarks,Parque Alameda,media,propio
5612,1840708,geografia,locality vacia con locationRemarks poblada,locality|locationRemarks,Río Guayllabamba,media,propio
5614,1840710,geografia,locality vacia con locationRemarks poblada,locality|locationRemarks,Indiyalla,media,propio
5617,1840713,geografia,locality vacia con locationRemarks poblada,locality|locationRemarks,Laguna Canangueno,media,propio
5618,1840714,geografia,locality vacia con locationRemarks poblada,locality|locationRemarks,Río Napo,media,propio
5619,1840715,geografia,locality vacia con locationRemarks poblada,locality|locationRemarks,Atacames,media,propio
5622,1840718,geografia,locality vacia con locationRemarks poblada,locality|locationRemarks,Laguna Aucacocha,media,propio
5623,1840719,geografia,locality vacia con locationRemarks poblada,locality|locationRemarks,Puerto Quito,media,propio
5625,1840721,geografia,locality vacia con locationRemarks poblada,locality|locationRemarks,Indiyalla,media,propio
5628,1840724,geografia,locality vacia con locationRemarks poblada,locality|locationRemarks,La Perla,media,propio
5632,1840728,geografia,locality vacia con locationRemarks poblada,locality|locationRemarks,Atacames,media,propio
5633,1840729,geografia,locality vacia con locationRemarks poblada,locality|locationRemarks,Tonchigüe,media,propio
5634,1840730,geografia,locality vacia con locationRemarks poblada,locality|locationRemarks,Atacames,media,propio
5635,1840731,geografia,locality vacia con locationRemarks poblada,locality|locationRemarks,Atacames,media,propio
5637,1840733,geografia,locality vacia con locationRemarks poblada,locality|locationRemarks,Vía Santo Domingo-Quevedo,media,propio
5638,1840734,geografia,locality vacia con locationRemarks poblada,locality|locationRemarks,Vía Atenas,media,propio
5643,1840739,geografia,locality vacia con locationRemarks poblada,locality|locationRemarks,Río Napo,media,propio
5645,1840741,geografia,locality vacia con locationRemarks poblada,locality|locationRemarks,Río Coca,media,propio
5646,1840742,geografia,locality vacia con locationRemarks poblada,locality|locationRemarks,Philis Yacu,media,propio
5648,1840744,geografia,locality vacia con locationRemarks poblada,locality|locationRemarks,Río San Pablo,media,propio
5649,1840745,geografia,locality vacia con locationRemarks poblada,locality|locationRemarks,Pampas Argentinas,media,propio
5651,1840747,geografia,locality vacia con locationRemarks poblada,locality|locationRemarks,Río Verde,media,propio
5664,1840760,geografia,locality vacia con locationRemarks poblada,locality|locationRemarks,Río Verde,media,propio
5665,1840761,geografia,locality vacia con locationRemarks poblada,locality|locationRemarks,km 29 Vía Quinindé,media,propio
5668,1840764,geografia,locality vacia con locationRemarks poblada,locality|locationRemarks,Río Indillana,media,propio
5670,1840766,geografia,locality vacia con locationRemarks poblada,locality|locationRemarks,Río Ayampe,media,propio
5672,1840768,geografia,locality vacia con locationRemarks poblada,locality|locationRemarks,Río San Pablo,media,propio
5674,1840770,geografia,locality vacia con locationRemarks poblada,locality|locationRemarks,km 4 Camaronera,media,propio
5680,1840776,geografia,locality vacia con locationRemarks poblada,locality|locationRemarks,Río Ayampe,media,propio
5684,1840780,geografia,locality vacia con locationRemarks poblada,locality|locationRemarks,Yuca Sur 19,media,propio
5687,1840783,geografia,locality vacia con locationRemarks poblada,locality|locationRemarks,Yuca Sur 12,media,propio
5688,1840784,geografia,locality vacia con locationRemarks poblada,locality|locationRemarks,Santo Domingo,media,propio
5689,1840785,geografia,locality vacia con locationRemarks poblada,locality|locationRemarks,Tonchigüe,media,propio
5690,1840786,geografia,locality vacia con locationRemarks poblada,locality|locationRemarks,Salango,media,propio
5694,1840790,geografia,locality vacia con locationRemarks poblada,locality|locationRemarks,Bocana de Ostiones,media,propio
5710,1840806,geografia,locality vacia con locationRemarks poblada,locality|locationRemarks,Sector Ghugandguta,media,propio
5713,1840809,geografia,locality vacia con locationRemarks poblada,locality|locationRemarks,Bocana de Ostiones,media,propio
5714,1840810,geografia,locality vacia con locationRemarks poblada,locality|locationRemarks,Jujan,media,propio
5719,1840815,geografia,locality vacia con locationRemarks poblada,locality|locationRemarks,Playa Ancha,media,propio
5720,1840816,geografia,locality vacia con locationRemarks poblada,locality|locationRemarks,Río Ostiones,media,propio
5721,1840817,geografia,locality vacia con locationRemarks poblada,locality|locationRemarks,Río Ostiones,media,propio
5730,1840826,geografia,locality vacia con locationRemarks poblada,locality|locationRemarks,Jujan,media,propio
5758,1840854,geografia,locality vacia con locationRemarks poblada,locality|locationRemarks,Río Ostiones,media,propio
5767,1840863,geografia,locality vacia con locationRemarks poblada,locality|locationRemarks,Playa Ancha,media,propio
5774,1840870,geografia,locality vacia con locationRemarks poblada,locality|locationRemarks,Jujan,media,propio
5775,1840871,geografia,locality vacia con locationRemarks poblada,locality|locationRemarks,Río Macarena,media,propio
5779,1840875,geografia,locality vacia con locationRemarks poblada,locality|locationRemarks,Playa Ancha,media,propio
5780,1840876,geografia,locality vacia con locationRemarks poblada,locality|locationRemarks,Playa Ancha,media,propio
5781,1840877,geografia,locality vacia con locationRemarks poblada,locality|locationRemarks,Río Napo,media,propio
5783,1840879,geografia,locality vacia con locationRemarks poblada,locality|locationRemarks,Línea 6ta Campamento ENDESA,media,propio
5784,1840880,geografia,locality vacia con locationRemarks poblada,locality|locationRemarks,Línea 6ta Campamento ENDESA,media,propio
5785,1840881,geografia,locality vacia con locationRemarks poblada,locality|locationRemarks,Río Napo,media,propio
5786,1840882,geografia,locality vacia con locationRemarks poblada,locality|locationRemarks,Cuyabeno Lodge,media,propio
5787,1840883,geografia,locality vacia con locationRemarks poblada,locality|locationRemarks,Destacamento Patria,media,propio
5788,1840884,geografia,locality vacia con locationRemarks poblada,locality|locationRemarks,Destacamento Patria,media,propio
5789,1840885,geografia,locality vacia con locationRemarks poblada,locality|locationRemarks,Tonsupa,media,propio
5790,1840886,geografia,locality vacia con locationRemarks poblada,locality|locationRemarks,Cuyabeno Lodge,media,propio
5791,1840887,geografia,locality vacia con locationRemarks poblada,locality|locationRemarks,Cuyabeno Lodge,media,propio
5794,1840890,geografia,locality vacia con locationRemarks poblada,locality|locationRemarks,Galeras,media,propio
5795,1840891,geografia,locality vacia con locationRemarks poblada,locality|locationRemarks,PNY: Vía ECY-Paraíso,media,propio
5796,1840892,geografia,locality vacia con locationRemarks poblada,locality|locationRemarks,km 14. Vía Guayaquil-Puerto Inca,media,propio
5797,1840893,geografia,locality vacia con locationRemarks poblada,locality|locationRemarks,Tonchigüe,media,propio
5798,1840894,geografia,locality vacia con locationRemarks poblada,locality|locationRemarks,km 39 Vía Pompeya-NPF,media,propio
5813,1840909,geografia,locality vacia con locationRemarks poblada,locality|locationRemarks,Laguna Limoncocha,media,propio
5814,1840910,geografia,locality vacia con locationRemarks poblada,locality|locationRemarks,Golfo de Guayaquil,media,propio
5815,1840911,geografia,locality vacia con locationRemarks poblada,locality|locationRemarks,Cuyabeno Lodge,media,propio
5816,1840912,geografia,locality vacia con locationRemarks poblada,locality|locationRemarks,Indiyalla,media,propio
5818,1840914,geografia,locality vacia con locationRemarks poblada,locality|locationRemarks,km 39 Vía Pompeya-NPF,media,propio
5819,1840915,geografia,locality vacia con locationRemarks poblada,locality|locationRemarks,PNY: Vía Pompeya-Tivacuno,media,propio
5820,1840916,geografia,locality vacia con locationRemarks poblada,locality|locationRemarks,Sacha Lodge,media,propio
5821,1840917,geografia,locality vacia con locationRemarks poblada,locality|locationRemarks,Sacha Lodge,media,propio
5822,1840918,geografia,locality vacia con locationRemarks poblada,locality|locationRemarks,Sacha Lodge,media,propio
5823,1840919,geografia,locality vacia con locationRemarks poblada,locality|locationRemarks,km 39 Vía Pompeya-NPF,media,propio
5826,1840922,geografia,locality vacia con locationRemarks poblada,locality|locationRemarks,km 39 Vía Pompeya-NPF,media,propio
5827,1840923,geografia,locality vacia con locationRemarks poblada,locality|locationRemarks,Sacha Lodge,media,propio
5829,1840925,geografia,locality vacia con locationRemarks poblada,locality|locationRemarks,PNY: Vía Pompeya-Tivacuno,media,propio
5831,1840927,geografia,locality vacia con locationRemarks poblada,locality|locationRemarks,PNY: Vía Pompeya-Tivacuno,media,propio
5835,1840931,geografia,locality vacia con locationRemarks poblada,locality|locationRemarks,PNY: Vía Pompeya-Tivacuno,media,propio
5837,1840933,geografia,locality vacia con locationRemarks poblada,locality|locationRemarks,Sacha Lodge,media,propio
5838,1840934,geografia,locality vacia con locationRemarks poblada,locality|locationRemarks,km 39 Vía Pompeya-NPF,media,propio
6064,1841160,geografia,locality vacia con locationRemarks poblada,locality|locationRemarks,Río Napo,media,propio
6065,1841161,geografia,locality vacia con locationRemarks poblada,locality|locationRemarks,Río Napo,media,propio
6066,1841162,geografia,locality vacia con locationRemarks poblada,locality|locationRemarks,Río Napo,media,propio
6067,1841163,geografia,locality vacia con locationRemarks poblada,locality|locationRemarks,Río Napo,media,propio
6114,1841210,geografia,locality vacia con locationRemarks poblada,locality|locationRemarks,Río Rutuno,media,propio
6115,1841211,geografia,locality vacia con locationRemarks poblada,locality|locationRemarks,Sarayaku,media,propio
6126,1841222,geografia,locality vacia con locationRemarks poblada,locality|locationRemarks,Río Rutuno,media,propio
6227,1841323,geografia,locality vacia con locationRemarks poblada,locality|locationRemarks,Río Eno,media,propio
6256,1841352,geografia,locality vacia con locationRemarks poblada,locality|locationRemarks,Río Conambo,media,propio
6260,1841356,geografia,locality vacia con locationRemarks poblada,locality|locationRemarks,Río Conambo,media,propio
6264,1841360,geografia,locality vacia con locationRemarks poblada,locality|locationRemarks,Río Conambo,media,propio
955,681675,geografia,locality vacia con locationRemarks poblada,locality|locationRemarks,Río Pastaza,media,propio
2950,679476,geografia,parroquia declarada sin canton,municipality | county,Torres Causoma,media,INABIO
2951,679477,geografia,parroquia declarada sin canton,municipality | county,Torres Causoma,media,INABIO
2952,679478,geografia,parroquia declarada sin canton,municipality | county,Torres Causoma,media,INABIO
3766,680405,geografia,parroquia declarada sin canton,municipality | county,Mashpi,media,INABIO
3767,680406,geografia,parroquia declarada sin canton,municipality | county,Mashpi,media,INABIO
460,681103,geografia,parroquia declarada sin canton,municipality | county,La Troncal,media,INABIO
4914,1839987,geografia,parroquia declarada sin canton,municipality | county,Milpe,media,INABIO
5075,1840148,geografia,parroquia declarada sin canton,municipality | county,Tiwintza,media,INABIO
5550,1840623,geografia,parroquia declarada sin canton,municipality | county,Curaray,media,INABIO
5591,1840687,geografia,parroquia declarada sin canton,municipality | county,Los Bancos,media,INABIO
6168,1841264,geografia,parroquia declarada sin canton,municipality | county,Sarayaku,media,INABIO
6169,1841265,geografia,parroquia declarada sin canton,municipality | county,Sarayaku,media,INABIO
1083,677356,ortografia,valor a una letra de otro valor de locality,locality,En la carretera de Santa Rosa al Saguangal (1) ~ En la carretera de Santa Rosa a Saguangal (8),media,INABIO
151,677830,ortografia,valor a una letra de otro valor de locality,locality,Río Pichira (2) ~ Río Pishira (5),media,INABIO
155,677874,ortografia,valor a una letra de otro valor de locality,locality,Río Pichira (2) ~ Río Pishira (5),media,INABIO
4026,680695,ortografia,valor a una letra de otro valor de locality,locality,Yuca Sur 1 (2) ~ Yuca Sur 15 (3),media,INABIO
4026,680695,ortografia,valor a una letra de otro valor de locality,locality,Yuca Sur 1 (2) ~ Yuca Sur 19 (4),media,INABIO
4027,680696,ortografia,valor a una letra de otro valor de locality,locality,Yuca Sur 1 (2) ~ Yuca Sur 15 (3),media,INABIO
4027,680696,ortografia,valor a una letra de otro valor de locality,locality,Yuca Sur 1 (2) ~ Yuca Sur 19 (4),media,INABIO
4031,680701,ortografia,valor a una letra de otro valor de locality,locality,Yuca Sur 12 (2) ~ Yuca Sur 1 (2),media,INABIO
4031,680701,ortografia,valor a una letra de otro valor de locality,locality,Yuca Sur 12 (2) ~ Yuca Sur 2 (7),media,INABIO
4032,680702,ortografia,valor a una letra de otro valor de locality,locality,Yuca Sur 12 (2) ~ Yuca Sur 1 (2),media,INABIO
4032,680702,ortografia,valor a una letra de otro valor de locality,locality,Yuca Sur 12 (2) ~ Yuca Sur 2 (7),media,INABIO
4066,680739,ortografia,valor a una letra de otro valor de locality,locality,Pindo 4 (2) ~ Pindo 14 (2),media,INABIO
4069,680742,ortografia,valor a una letra de otro valor de locality,locality,Pindo 4 (2) ~ Pindo 14 (2),media,INABIO
48,681124,ortografia,valor a una letra de otro valor de locality,locality,Sábalo (5) ~ Zábalo (14),media,INABIO
49,681158,ortografia,valor a una letra de otro valor de locality,locality,Sábalo (5) ~ Zábalo (14),media,INABIO
50,681170,ortografia,valor a una letra de otro valor de locality,locality,Sábalo (5) ~ Zábalo (14),media,INABIO
5020,1840093,ortografia,valor a una letra de otro valor de locality,locality,Sábalo (5) ~ Zábalo (14),media,INABIO
52,681192,ortografia,valor a una letra de otro valor de locality,locality,Sábalo (5) ~ Zábalo (14),media,INABIO
6113,1841209,ortografia,valor a una letra de otro valor de locality,locality,Chobacocha (1) ~ Chabacocha (1),media,INABIO
6116,1841212,ortografia,valor a una letra de otro valor de locality,locality,Anacocha (1) ~ Pañacocha (62),media,INABIO
6132,1841228,ortografia,valor a una letra de otro valor de locality,locality,Piñacocha (1) ~ Pañacocha (62),media,INABIO
6151,1841247,ortografia,valor a una letra de otro valor de locality,locality,Chubacocha (1) ~ Chabacocha (1),media,INABIO
6151,1841247,ortografia,valor a una letra de otro valor de locality,locality,Chubacocha (1) ~ Chobacocha (1),media,INABIO
6153,1841249,ortografia,valor a una letra de otro valor de locality,locality,Chayayaku (1) ~ Chuyayaku (2),media,INABIO
4026,680695,ortografia,valor a una letra de otro valor de locationRemarks,locationRemarks,Yuca Sur 1 (2) ~ Yuca Sur 12 (3),media,INABIO
4026,680695,ortografia,valor a una letra de otro valor de locationRemarks,locationRemarks,Yuca Sur 1 (2) ~ Yuca Sur 15 (3),media,INABIO
4026,680695,ortografia,valor a una letra de otro valor de locationRemarks,locationRemarks,Yuca Sur 1 (2) ~ Yuca Sur 19 (5),media,INABIO
4027,680696,ortografia,valor a una letra de otro valor de locationRemarks,locationRemarks,Yuca Sur 1 (2) ~ Yuca Sur 12 (3),media,INABIO
4027,680696,ortografia,valor a una letra de otro valor de locationRemarks,locationRemarks,Yuca Sur 1 (2) ~ Yuca Sur 15 (3),media,INABIO
4027,680696,ortografia,valor a una letra de otro valor de locationRemarks,locationRemarks,Yuca Sur 1 (2) ~ Yuca Sur 19 (5),media,INABIO
4031,680701,ortografia,valor a una letra de otro valor de locationRemarks,locationRemarks,Yuca Sur 12 (3) ~ Yuca Sur 2 (7),media,INABIO
4032,680702,ortografia,valor a una letra de otro valor de locationRemarks,locationRemarks,Yuca Sur 12 (3) ~ Yuca Sur 2 (7),media,INABIO
4066,680739,ortografia,valor a una letra de otro valor de locationRemarks,locationRemarks,Pindo 4 (2) ~ Pindo 14 (2),media,INABIO
4069,680742,ortografia,valor a una letra de otro valor de locationRemarks,locationRemarks,Pindo 4 (2) ~ Pindo 14 (2),media,INABIO
5687,1840783,ortografia,valor a una letra de otro valor de locationRemarks,locationRemarks,Yuca Sur 12 (3) ~ Yuca Sur 2 (7),media,INABIO
5707,1840803,ortografia,valor a una letra de otro valor de recordedBy,recordedBy,QCAZ | M. Sánchez (2) ~ QCAZ | D. Sánchez (2),media,INABIO
5713,1840809,ortografia,valor a una letra de otro valor de recordedBy,recordedBy,QCAZ | Raúl Ramírez | Jenny Naranjo | Luis Coloma (1) ~ QCAZ | Paúl Ramírez | Jenny Naranjo | Luis Coloma (1),media,INABIO
5719,1840815,ortografia,valor a una letra de otro valor de recordedBy,recordedBy,QCAZ | M. Sánchez (2) ~ QCAZ | D. Sánchez (2),media,INABIO
5750,1840846,ortografia,valor a una letra de otro valor de recordedBy,recordedBy,QCAZ | M. G. Sánchez (1) ~ QCAZ | M. E. Sánchez (5),media,INABIO
5755,1840851,ortografia,valor a una letra de otro valor de recordedBy,recordedBy,QCAZ | S. Paredes (1) ~ QCAZ | P. Paredes (1),media,INABIO
190,678286,ortografia,valor a una letra de otro valor de scientificName,scientificName,Cochliodon oculeus (2) ~ Cochliodon oculus (4),media,INABIO
5077,1840150,ortografia,valor a una letra de otro valor de scientificName,scientificName,Cochliodon oculeus (2) ~ Cochliodon oculus (4),media,INABIO
4307,681007,registro,altitud maxima declarada sin altitud minima,minimumElevationInMeters | maximumElevationInMeters,354,media,propio
4310,681011,registro,altitud maxima declarada sin altitud minima,minimumElevationInMeters | maximumElevationInMeters,354,media,propio
4311,681012,registro,altitud maxima declarada sin altitud minima,minimumElevationInMeters | maximumElevationInMeters,354,media,propio
4312,681013,registro,altitud maxima declarada sin altitud minima,minimumElevationInMeters | maximumElevationInMeters,342,media,propio
4313,681014,registro,altitud maxima declarada sin altitud minima,minimumElevationInMeters | maximumElevationInMeters,342,media,propio
4315,681016,registro,altitud maxima declarada sin altitud minima,minimumElevationInMeters | maximumElevationInMeters,342,media,propio
4339,681042,registro,altitud maxima declarada sin altitud minima,minimumElevationInMeters | maximumElevationInMeters,168,media,propio
4340,681044,registro,altitud maxima declarada sin altitud minima,minimumElevationInMeters | maximumElevationInMeters,168,media,propio
4341,681045,registro,altitud maxima declarada sin altitud minima,minimumElevationInMeters | maximumElevationInMeters,168,media,propio
4342,681046,registro,altitud maxima declarada sin altitud minima,minimumElevationInMeters | maximumElevationInMeters,168,media,propio
4343,681047,registro,altitud maxima declarada sin altitud minima,minimumElevationInMeters | maximumElevationInMeters,168,media,propio
4344,681048,registro,altitud maxima declarada sin altitud minima,minimumElevationInMeters | maximumElevationInMeters,168,media,propio
4345,681049,registro,altitud maxima declarada sin altitud minima,minimumElevationInMeters | maximumElevationInMeters,168,media,propio
4346,681050,registro,altitud maxima declarada sin altitud minima,minimumElevationInMeters | maximumElevationInMeters,168,media,propio
4347,681051,registro,altitud maxima declarada sin altitud minima,minimumElevationInMeters | maximumElevationInMeters,168,media,propio
4348,681052,registro,altitud maxima declarada sin altitud minima,minimumElevationInMeters | maximumElevationInMeters,168,media,propio
4349,681053,registro,altitud maxima declarada sin altitud minima,minimumElevationInMeters | maximumElevationInMeters,168,media,propio
4350,681055,registro,altitud maxima declarada sin altitud minima,minimumElevationInMeters | maximumElevationInMeters,168,media,propio
4351,681056,registro,altitud maxima declarada sin altitud minima,minimumElevationInMeters | maximumElevationInMeters,168,media,propio
4352,681057,registro,altitud maxima declarada sin altitud minima,minimumElevationInMeters | maximumElevationInMeters,168,media,propio
4355,681060,registro,altitud maxima declarada sin altitud minima,minimumElevationInMeters | maximumElevationInMeters,1951,media,propio
4356,681061,registro,altitud maxima declarada sin altitud minima,minimumElevationInMeters | maximumElevationInMeters,1951,media,propio
4357,681062,registro,altitud maxima declarada sin altitud minima,minimumElevationInMeters | maximumElevationInMeters,1951,media,propio
4359,681064,registro,altitud maxima declarada sin altitud minima,minimumElevationInMeters | maximumElevationInMeters,549,media,propio
4360,681066,registro,altitud maxima declarada sin altitud minima,minimumElevationInMeters | maximumElevationInMeters,549,media,propio
4361,681067,registro,altitud maxima declarada sin altitud minima,minimumElevationInMeters | maximumElevationInMeters,549,media,propio
4362,681068,registro,altitud maxima declarada sin altitud minima,minimumElevationInMeters | maximumElevationInMeters,602,media,propio
4363,681069,registro,altitud maxima declarada sin altitud minima,minimumElevationInMeters | maximumElevationInMeters,782,media,propio
4364,681070,registro,altitud maxima declarada sin altitud minima,minimumElevationInMeters | maximumElevationInMeters,602,media,propio
4365,681071,registro,altitud maxima declarada sin altitud minima,minimumElevationInMeters | maximumElevationInMeters,602,media,propio
4366,681072,registro,altitud maxima declarada sin altitud minima,minimumElevationInMeters | maximumElevationInMeters,782,media,propio
4367,681073,registro,altitud maxima declarada sin altitud minima,minimumElevationInMeters | maximumElevationInMeters,782,media,propio
4368,681074,registro,altitud maxima declarada sin altitud minima,minimumElevationInMeters | maximumElevationInMeters,782,media,propio
4369,681075,registro,altitud maxima declarada sin altitud minima,minimumElevationInMeters | maximumElevationInMeters,782,media,propio
4370,681077,registro,altitud maxima declarada sin altitud minima,minimumElevationInMeters | maximumElevationInMeters,782,media,propio
4378,677071,registro,altitud maxima declarada sin altitud minima,minimumElevationInMeters | maximumElevationInMeters,269,media,propio
4404,677097,registro,altitud maxima declarada sin altitud minima,minimumElevationInMeters | maximumElevationInMeters,259,media,propio
4405,677098,registro,altitud maxima declarada sin altitud minima,minimumElevationInMeters | maximumElevationInMeters,259,media,propio
4406,677099,registro,altitud maxima declarada sin altitud minima,minimumElevationInMeters | maximumElevationInMeters,259,media,propio
4407,677100,registro,altitud maxima declarada sin altitud minima,minimumElevationInMeters | maximumElevationInMeters,245,media,propio
4408,677101,registro,altitud maxima declarada sin altitud minima,minimumElevationInMeters | maximumElevationInMeters,245,media,propio
4409,677102,registro,altitud maxima declarada sin altitud minima,minimumElevationInMeters | maximumElevationInMeters,238,media,propio
4410,677103,registro,altitud maxima declarada sin altitud minima,minimumElevationInMeters | maximumElevationInMeters,238,media,propio
4411,677104,registro,altitud maxima declarada sin altitud minima,minimumElevationInMeters | maximumElevationInMeters,238,media,propio
4412,677105,registro,altitud maxima declarada sin altitud minima,minimumElevationInMeters | maximumElevationInMeters,238,media,propio
4413,677106,registro,altitud maxima declarada sin altitud minima,minimumElevationInMeters | maximumElevationInMeters,240,media,propio
4414,677107,registro,altitud maxima declarada sin altitud minima,minimumElevationInMeters | maximumElevationInMeters,240,media,propio
4415,677108,registro,altitud maxima declarada sin altitud minima,minimumElevationInMeters | maximumElevationInMeters,240,media,propio
4416,677109,registro,altitud maxima declarada sin altitud minima,minimumElevationInMeters | maximumElevationInMeters,240,media,propio
4417,677110,registro,altitud maxima declarada sin altitud minima,minimumElevationInMeters | maximumElevationInMeters,274,media,propio
4418,677111,registro,altitud maxima declarada sin altitud minima,minimumElevationInMeters | maximumElevationInMeters,240,media,propio
4419,677112,registro,altitud maxima declarada sin altitud minima,minimumElevationInMeters | maximumElevationInMeters,240,media,propio
4420,677113,registro,altitud maxima declarada sin altitud minima,minimumElevationInMeters | maximumElevationInMeters,240,media,propio
4421,677114,registro,altitud maxima declarada sin altitud minima,minimumElevationInMeters | maximumElevationInMeters,240,media,propio
4422,677115,registro,altitud maxima declarada sin altitud minima,minimumElevationInMeters | maximumElevationInMeters,240,media,propio
4423,677116,registro,altitud maxima declarada sin altitud minima,minimumElevationInMeters | maximumElevationInMeters,240,media,propio
4424,677117,registro,altitud maxima declarada sin altitud minima,minimumElevationInMeters | maximumElevationInMeters,240,media,propio
4425,677118,registro,altitud maxima declarada sin altitud minima,minimumElevationInMeters | maximumElevationInMeters,240,media,propio
4426,677119,registro,altitud maxima declarada sin altitud minima,minimumElevationInMeters | maximumElevationInMeters,240,media,propio
4427,677120,registro,altitud maxima declarada sin altitud minima,minimumElevationInMeters | maximumElevationInMeters,240,media,propio
4428,677121,registro,altitud maxima declarada sin altitud minima,minimumElevationInMeters | maximumElevationInMeters,240,media,propio
4429,677122,registro,altitud maxima declarada sin altitud minima,minimumElevationInMeters | maximumElevationInMeters,240,media,propio
4430,677123,registro,altitud maxima declarada sin altitud minima,minimumElevationInMeters | maximumElevationInMeters,240,media,propio
4431,677124,registro,altitud maxima declarada sin altitud minima,minimumElevationInMeters | maximumElevationInMeters,240,media,propio
4432,677125,registro,altitud maxima declarada sin altitud minima,minimumElevationInMeters | maximumElevationInMeters,223,media,propio
4433,677126,registro,altitud maxima declarada sin altitud minima,minimumElevationInMeters | maximumElevationInMeters,223,media,propio
4434,677127,registro,altitud maxima declarada sin altitud minima,minimumElevationInMeters | maximumElevationInMeters,223,media,propio
4435,677128,registro,altitud maxima declarada sin altitud minima,minimumElevationInMeters | maximumElevationInMeters,223,media,propio
4436,677129,registro,altitud maxima declarada sin altitud minima,minimumElevationInMeters | maximumElevationInMeters,223,media,propio
4438,677131,registro,altitud maxima declarada sin altitud minima,minimumElevationInMeters | maximumElevationInMeters,223,media,propio
4439,677132,registro,altitud maxima declarada sin altitud minima,minimumElevationInMeters | maximumElevationInMeters,223,media,propio
4442,677135,registro,altitud maxima declarada sin altitud minima,minimumElevationInMeters | maximumElevationInMeters,237,media,propio
4445,677138,registro,altitud maxima declarada sin altitud minima,minimumElevationInMeters | maximumElevationInMeters,237,media,propio
4446,677139,registro,altitud maxima declarada sin altitud minima,minimumElevationInMeters | maximumElevationInMeters,237,media,propio
4447,677140,registro,altitud maxima declarada sin altitud minima,minimumElevationInMeters | maximumElevationInMeters,237,media,propio
4448,677141,registro,altitud maxima declarada sin altitud minima,minimumElevationInMeters | maximumElevationInMeters,224,media,propio
4449,677142,registro,altitud maxima declarada sin altitud minima,minimumElevationInMeters | maximumElevationInMeters,224,media,propio
4450,677143,registro,altitud maxima declarada sin altitud minima,minimumElevationInMeters | maximumElevationInMeters,224,media,propio
4451,677144,registro,altitud maxima declarada sin altitud minima,minimumElevationInMeters | maximumElevationInMeters,224,media,propio
4454,677147,registro,altitud maxima declarada sin altitud minima,minimumElevationInMeters | maximumElevationInMeters,224,media,propio
4455,677148,registro,altitud maxima declarada sin altitud minima,minimumElevationInMeters | maximumElevationInMeters,224,media,propio
4456,677149,registro,altitud maxima declarada sin altitud minima,minimumElevationInMeters | maximumElevationInMeters,224,media,propio
4457,677150,registro,altitud maxima declarada sin altitud minima,minimumElevationInMeters | maximumElevationInMeters,224,media,propio
4458,677151,registro,altitud maxima declarada sin altitud minima,minimumElevationInMeters | maximumElevationInMeters,224,media,propio
4459,677152,registro,altitud maxima declarada sin altitud minima,minimumElevationInMeters | maximumElevationInMeters,224,media,propio
4460,677153,registro,altitud maxima declarada sin altitud minima,minimumElevationInMeters | maximumElevationInMeters,224,media,propio
4461,677154,registro,altitud maxima declarada sin altitud minima,minimumElevationInMeters | maximumElevationInMeters,224,media,propio
4462,677155,registro,altitud maxima declarada sin altitud minima,minimumElevationInMeters | maximumElevationInMeters,224,media,propio
4463,677156,registro,altitud maxima declarada sin altitud minima,minimumElevationInMeters | maximumElevationInMeters,224,media,propio
4464,677157,registro,altitud maxima declarada sin altitud minima,minimumElevationInMeters | maximumElevationInMeters,230,media,propio
4465,677158,registro,altitud maxima declarada sin altitud minima,minimumElevationInMeters | maximumElevationInMeters,230,media,propio
4466,677159,registro,altitud maxima declarada sin altitud minima,minimumElevationInMeters | maximumElevationInMeters,230,media,propio
4467,677160,registro,altitud maxima declarada sin altitud minima,minimumElevationInMeters | maximumElevationInMeters,230,media,propio
4468,677161,registro,altitud maxima declarada sin altitud minima,minimumElevationInMeters | maximumElevationInMeters,230,media,propio
4469,677162,registro,altitud maxima declarada sin altitud minima,minimumElevationInMeters | maximumElevationInMeters,230,media,propio
4470,677163,registro,altitud maxima declarada sin altitud minima,minimumElevationInMeters | maximumElevationInMeters,230,media,propio
4471,677164,registro,altitud maxima declarada sin altitud minima,minimumElevationInMeters | maximumElevationInMeters,230,media,propio
4472,677165,registro,altitud maxima declarada sin altitud minima,minimumElevationInMeters | maximumElevationInMeters,184,media,propio
4473,677166,registro,altitud maxima declarada sin altitud minima,minimumElevationInMeters | maximumElevationInMeters,184,media,propio
4474,677167,registro,altitud maxima declarada sin altitud minima,minimumElevationInMeters | maximumElevationInMeters,184,media,propio
4475,677168,registro,altitud maxima declarada sin altitud minima,minimumElevationInMeters | maximumElevationInMeters,184,media,propio
4476,677169,registro,altitud maxima declarada sin altitud minima,minimumElevationInMeters | maximumElevationInMeters,184,media,propio
4477,677170,registro,altitud maxima declarada sin altitud minima,minimumElevationInMeters | maximumElevationInMeters,184,media,propio
4478,677171,registro,altitud maxima declarada sin altitud minima,minimumElevationInMeters | maximumElevationInMeters,174,media,propio
4479,677172,registro,altitud maxima declarada sin altitud minima,minimumElevationInMeters | maximumElevationInMeters,174,media,propio
4480,677173,registro,altitud maxima declarada sin altitud minima,minimumElevationInMeters | maximumElevationInMeters,174,media,propio
4481,677174,registro,altitud maxima declarada sin altitud minima,minimumElevationInMeters | maximumElevationInMeters,174,media,propio
4482,677175,registro,altitud maxima declarada sin altitud minima,minimumElevationInMeters | maximumElevationInMeters,174,media,propio
4483,677176,registro,altitud maxima declarada sin altitud minima,minimumElevationInMeters | maximumElevationInMeters,174,media,propio
4484,677177,registro,altitud maxima declarada sin altitud minima,minimumElevationInMeters | maximumElevationInMeters,174,media,propio
4485,677178,registro,altitud maxima declarada sin altitud minima,minimumElevationInMeters | maximumElevationInMeters,174,media,propio
4486,677179,registro,altitud maxima declarada sin altitud minima,minimumElevationInMeters | maximumElevationInMeters,174,media,propio
4487,677180,registro,altitud maxima declarada sin altitud minima,minimumElevationInMeters | maximumElevationInMeters,184,media,propio
4488,677181,registro,altitud maxima declarada sin altitud minima,minimumElevationInMeters | maximumElevationInMeters,184,media,propio
4489,677182,registro,altitud maxima declarada sin altitud minima,minimumElevationInMeters | maximumElevationInMeters,182,media,propio
4490,677183,registro,altitud maxima declarada sin altitud minima,minimumElevationInMeters | maximumElevationInMeters,183,media,propio
4491,677184,registro,altitud maxima declarada sin altitud minima,minimumElevationInMeters | maximumElevationInMeters,183,media,propio
4492,677185,registro,altitud maxima declarada sin altitud minima,minimumElevationInMeters | maximumElevationInMeters,182,media,propio
4493,677186,registro,altitud maxima declarada sin altitud minima,minimumElevationInMeters | maximumElevationInMeters,182,media,propio
4494,677187,registro,altitud maxima declarada sin altitud minima,minimumElevationInMeters | maximumElevationInMeters,183,media,propio
4495,677188,registro,altitud maxima declarada sin altitud minima,minimumElevationInMeters | maximumElevationInMeters,183,media,propio
4496,677189,registro,altitud maxima declarada sin altitud minima,minimumElevationInMeters | maximumElevationInMeters,182,media,propio
4497,677190,registro,altitud maxima declarada sin altitud minima,minimumElevationInMeters | maximumElevationInMeters,182,media,propio
4498,677191,registro,altitud maxima declarada sin altitud minima,minimumElevationInMeters | maximumElevationInMeters,182,media,propio
4499,677192,registro,altitud maxima declarada sin altitud minima,minimumElevationInMeters | maximumElevationInMeters,182,media,propio
4500,677193,registro,altitud maxima declarada sin altitud minima,minimumElevationInMeters | maximumElevationInMeters,182,media,propio
4501,677194,registro,altitud maxima declarada sin altitud minima,minimumElevationInMeters | maximumElevationInMeters,183,media,propio
4502,677195,registro,altitud maxima declarada sin altitud minima,minimumElevationInMeters | maximumElevationInMeters,183,media,propio
4503,677196,registro,altitud maxima declarada sin altitud minima,minimumElevationInMeters | maximumElevationInMeters,182,media,propio
4504,677197,registro,altitud maxima declarada sin altitud minima,minimumElevationInMeters | maximumElevationInMeters,182,media,propio
4505,677198,registro,altitud maxima declarada sin altitud minima,minimumElevationInMeters | maximumElevationInMeters,183,media,propio
4506,677199,registro,altitud maxima declarada sin altitud minima,minimumElevationInMeters | maximumElevationInMeters,182,media,propio
4507,677200,registro,altitud maxima declarada sin altitud minima,minimumElevationInMeters | maximumElevationInMeters,183,media,propio
4508,677201,registro,altitud maxima declarada sin altitud minima,minimumElevationInMeters | maximumElevationInMeters,228,media,propio
4509,677202,registro,altitud maxima declarada sin altitud minima,minimumElevationInMeters | maximumElevationInMeters,228,media,propio
4510,677203,registro,altitud maxima declarada sin altitud minima,minimumElevationInMeters | maximumElevationInMeters,228,media,propio
4511,677204,registro,altitud maxima declarada sin altitud minima,minimumElevationInMeters | maximumElevationInMeters,228,media,propio
4512,677205,registro,altitud maxima declarada sin altitud minima,minimumElevationInMeters | maximumElevationInMeters,228,media,propio
4513,677206,registro,altitud maxima declarada sin altitud minima,minimumElevationInMeters | maximumElevationInMeters,228,media,propio
4514,677207,registro,altitud maxima declarada sin altitud minima,minimumElevationInMeters | maximumElevationInMeters,228,media,propio
4515,677208,registro,altitud maxima declarada sin altitud minima,minimumElevationInMeters | maximumElevationInMeters,245,media,propio
4516,677209,registro,altitud maxima declarada sin altitud minima,minimumElevationInMeters | maximumElevationInMeters,245,media,propio
4517,677210,registro,altitud maxima declarada sin altitud minima,minimumElevationInMeters | maximumElevationInMeters,245,media,propio
4518,677211,registro,altitud maxima declarada sin altitud minima,minimumElevationInMeters | maximumElevationInMeters,228,media,propio
4519,677212,registro,altitud maxima declarada sin altitud minima,minimumElevationInMeters | maximumElevationInMeters,228,media,propio
4520,677213,registro,altitud maxima declarada sin altitud minima,minimumElevationInMeters | maximumElevationInMeters,223,media,propio
4521,677214,registro,altitud maxima declarada sin altitud minima,minimumElevationInMeters | maximumElevationInMeters,297,media,propio
4522,677215,registro,altitud maxima declarada sin altitud minima,minimumElevationInMeters | maximumElevationInMeters,297,media,propio
4523,677216,registro,altitud maxima declarada sin altitud minima,minimumElevationInMeters | maximumElevationInMeters,231,media,propio
4524,677217,registro,altitud maxima declarada sin altitud minima,minimumElevationInMeters | maximumElevationInMeters,231,media,propio
4525,677218,registro,altitud maxima declarada sin altitud minima,minimumElevationInMeters | maximumElevationInMeters,297,media,propio
4526,677219,registro,altitud maxima declarada sin altitud minima,minimumElevationInMeters | maximumElevationInMeters,297,media,propio
4527,677220,registro,altitud maxima declarada sin altitud minima,minimumElevationInMeters | maximumElevationInMeters,297,media,propio
4528,677221,registro,altitud maxima declarada sin altitud minima,minimumElevationInMeters | maximumElevationInMeters,297,media,propio
4529,677222,registro,altitud maxima declarada sin altitud minima,minimumElevationInMeters | maximumElevationInMeters,297,media,propio
4530,677223,registro,altitud maxima declarada sin altitud minima,minimumElevationInMeters | maximumElevationInMeters,297,media,propio
4531,677224,registro,altitud maxima declarada sin altitud minima,minimumElevationInMeters | maximumElevationInMeters,297,media,propio
4532,677225,registro,altitud maxima declarada sin altitud minima,minimumElevationInMeters | maximumElevationInMeters,297,media,propio
4533,677226,registro,altitud maxima declarada sin altitud minima,minimumElevationInMeters | maximumElevationInMeters,182,media,propio
4534,677227,registro,altitud maxima declarada sin altitud minima,minimumElevationInMeters | maximumElevationInMeters,1880,media,propio
4535,677228,registro,altitud maxima declarada sin altitud minima,minimumElevationInMeters | maximumElevationInMeters,1880,media,propio
4536,677229,registro,altitud maxima declarada sin altitud minima,minimumElevationInMeters | maximumElevationInMeters,821,media,propio
4537,677230,registro,altitud maxima declarada sin altitud minima,minimumElevationInMeters | maximumElevationInMeters,821,media,propio
4538,677231,registro,altitud maxima declarada sin altitud minima,minimumElevationInMeters | maximumElevationInMeters,975,media,propio
4539,677232,registro,altitud maxima declarada sin altitud minima,minimumElevationInMeters | maximumElevationInMeters,975,media,propio
4540,677233,registro,altitud maxima declarada sin altitud minima,minimumElevationInMeters | maximumElevationInMeters,1100,media,propio
4541,677234,registro,altitud maxima declarada sin altitud minima,minimumElevationInMeters | maximumElevationInMeters,1100,media,propio
4542,677235,registro,altitud maxima declarada sin altitud minima,minimumElevationInMeters | maximumElevationInMeters,1100,media,propio
4543,677236,registro,altitud maxima declarada sin altitud minima,minimumElevationInMeters | maximumElevationInMeters,1751,media,propio
4544,677237,registro,altitud maxima declarada sin altitud minima,minimumElevationInMeters | maximumElevationInMeters,1939,media,propio
4545,677238,registro,altitud maxima declarada sin altitud minima,minimumElevationInMeters | maximumElevationInMeters,1939,media,propio
4546,677239,registro,altitud maxima declarada sin altitud minima,minimumElevationInMeters | maximumElevationInMeters,1764,media,propio
4547,677240,registro,altitud maxima declarada sin altitud minima,minimumElevationInMeters | maximumElevationInMeters,1764,media,propio
4548,677241,registro,altitud maxima declarada sin altitud minima,minimumElevationInMeters | maximumElevationInMeters,1812,media,propio
4549,677242,registro,altitud maxima declarada sin altitud minima,minimumElevationInMeters | maximumElevationInMeters,1812,media,propio
4550,677243,registro,altitud maxima declarada sin altitud minima,minimumElevationInMeters | maximumElevationInMeters,1812,media,propio
4551,677244,registro,altitud maxima declarada sin altitud minima,minimumElevationInMeters | maximumElevationInMeters,279,media,propio
4552,677245,registro,altitud maxima declarada sin altitud minima,minimumElevationInMeters | maximumElevationInMeters,279,media,propio
4553,677246,registro,altitud maxima declarada sin altitud minima,minimumElevationInMeters | maximumElevationInMeters,244,media,propio
4554,677247,registro,altitud maxima declarada sin altitud minima,minimumElevationInMeters | maximumElevationInMeters,242,media,propio
4555,677248,registro,altitud maxima declarada sin altitud minima,minimumElevationInMeters | maximumElevationInMeters,242,media,propio
4557,677250,registro,altitud maxima declarada sin altitud minima,minimumElevationInMeters | maximumElevationInMeters,242,media,propio
4558,677251,registro,altitud maxima declarada sin altitud minima,minimumElevationInMeters | maximumElevationInMeters,246,media,propio
4560,677253,registro,altitud maxima declarada sin altitud minima,minimumElevationInMeters | maximumElevationInMeters,262,media,propio
4561,677254,registro,altitud maxima declarada sin altitud minima,minimumElevationInMeters | maximumElevationInMeters,224,media,propio
4562,677255,registro,altitud maxima declarada sin altitud minima,minimumElevationInMeters | maximumElevationInMeters,243,media,propio
4563,677256,registro,altitud maxima declarada sin altitud minima,minimumElevationInMeters | maximumElevationInMeters,169,media,propio
4564,677257,registro,altitud maxima declarada sin altitud minima,minimumElevationInMeters | maximumElevationInMeters,169,media,propio
4565,677258,registro,altitud maxima declarada sin altitud minima,minimumElevationInMeters | maximumElevationInMeters,169,media,propio
4566,677259,registro,altitud maxima declarada sin altitud minima,minimumElevationInMeters | maximumElevationInMeters,169,media,propio
4567,677260,registro,altitud maxima declarada sin altitud minima,minimumElevationInMeters | maximumElevationInMeters,169,media,propio
1128,677406,registro,colector reducido a iniciales sin nombre desarrollado,recordedBy,M.O. | T.N. | A.E.,media,INABIO
1129,677407,registro,colector reducido a iniciales sin nombre desarrollado,recordedBy,M.O. | T.N. | A.E.,media,INABIO
1136,677415,registro,colector reducido a iniciales sin nombre desarrollado,recordedBy,M.O. | T.N. | A.E.,media,INABIO
1140,677420,registro,colector reducido a iniciales sin nombre desarrollado,recordedBy,M.O. | T.N. | A.E.,media,INABIO
1141,677421,registro,colector reducido a iniciales sin nombre desarrollado,recordedBy,M.O. | T.N. | A.E.,media,INABIO
1142,677422,registro,colector reducido a iniciales sin nombre desarrollado,recordedBy,M.O. | T.N. | A.E.,media,INABIO
1143,677423,registro,colector reducido a iniciales sin nombre desarrollado,recordedBy,M.O. | T.N. | A.E.,media,INABIO
1144,677424,registro,colector reducido a iniciales sin nombre desarrollado,recordedBy,M.O. | T.N. | A.E.,media,INABIO
1145,677425,registro,colector reducido a iniciales sin nombre desarrollado,recordedBy,M.O. | T.N. | A.E.,media,INABIO
1146,677426,registro,colector reducido a iniciales sin nombre desarrollado,recordedBy,M.O. | T.N. | A.E.,media,INABIO
1147,677427,registro,colector reducido a iniciales sin nombre desarrollado,recordedBy,M.O. | T.N. | A.E.,media,INABIO
1148,677428,registro,colector reducido a iniciales sin nombre desarrollado,recordedBy,M.O. | T.N. | A.E.,media,INABIO
1149,677429,registro,colector reducido a iniciales sin nombre desarrollado,recordedBy,M.O. | T.N. | A.E.,media,INABIO
1150,677431,registro,colector reducido a iniciales sin nombre desarrollado,recordedBy,M.O. | T.N. | A.E.,media,INABIO
1151,677432,registro,colector reducido a iniciales sin nombre desarrollado,recordedBy,M.O. | T.N. | A.E.,media,INABIO
1152,677433,registro,colector reducido a iniciales sin nombre desarrollado,recordedBy,M.O. | T.N. | A.E.,media,INABIO
1153,677434,registro,colector reducido a iniciales sin nombre desarrollado,recordedBy,M.O. | T.N. | A.E.,media,INABIO
1154,677435,registro,colector reducido a iniciales sin nombre desarrollado,recordedBy,M.O. | T.N. | A.E.,media,INABIO
1155,677436,registro,colector reducido a iniciales sin nombre desarrollado,recordedBy,M.O. | T.N. | A.E.,media,INABIO
1156,677437,registro,colector reducido a iniciales sin nombre desarrollado,recordedBy,M.O. | T.N. | A.E.,media,INABIO
1157,677438,registro,colector reducido a iniciales sin nombre desarrollado,recordedBy,M.O. | T.N. | A.E.,media,INABIO
1158,677439,registro,colector reducido a iniciales sin nombre desarrollado,recordedBy,M.O. | T.N. | A.E.,media,INABIO
1159,677440,registro,colector reducido a iniciales sin nombre desarrollado,recordedBy,M.O. | T.N. | A.E.,media,INABIO
1160,677442,registro,colector reducido a iniciales sin nombre desarrollado,recordedBy,M.O. | T.N. | A.E.,media,INABIO
1161,677443,registro,colector reducido a iniciales sin nombre desarrollado,recordedBy,M.O. | T.N. | A.E.,media,INABIO
1162,677444,registro,colector reducido a iniciales sin nombre desarrollado,recordedBy,M.O. | T.N. | A.E.,media,INABIO
1163,677445,registro,colector reducido a iniciales sin nombre desarrollado,recordedBy,M.O. | T.N. | A.E.,media,INABIO
1164,677446,registro,colector reducido a iniciales sin nombre desarrollado,recordedBy,M.O. | T.N. | A.E.,media,INABIO
1165,677447,registro,colector reducido a iniciales sin nombre desarrollado,recordedBy,M.O. | T.N. | A.E.,media,INABIO
1166,677448,registro,colector reducido a iniciales sin nombre desarrollado,recordedBy,M.O. | T.N. | A.E.,media,INABIO
1167,677449,registro,colector reducido a iniciales sin nombre desarrollado,recordedBy,M.O. | T.N. | A.E.,media,INABIO
1168,677450,registro,colector reducido a iniciales sin nombre desarrollado,recordedBy,M.O. | T.N. | A.E.,media,INABIO
1169,677451,registro,colector reducido a iniciales sin nombre desarrollado,recordedBy,M.O. | T.N. | A.E.,media,INABIO
1170,677453,registro,colector reducido a iniciales sin nombre desarrollado,recordedBy,M.O. | T.N. | A.E.,media,INABIO
1171,677454,registro,colector reducido a iniciales sin nombre desarrollado,recordedBy,M.O. | T.N. | A.E.,media,INABIO
1172,677455,registro,colector reducido a iniciales sin nombre desarrollado,recordedBy,M.O. | T.N. | A.E.,media,INABIO
1173,677456,registro,colector reducido a iniciales sin nombre desarrollado,recordedBy,M.O. | T.N. | A.E.,media,INABIO
1174,677457,registro,colector reducido a iniciales sin nombre desarrollado,recordedBy,M.O. | T.N. | A.E.,media,INABIO
1175,677458,registro,colector reducido a iniciales sin nombre desarrollado,recordedBy,M.O. | T.N. | A.E.,media,INABIO
1176,677459,registro,colector reducido a iniciales sin nombre desarrollado,recordedBy,M.O. | T.N. | A.E.,media,INABIO
1177,677460,registro,colector reducido a iniciales sin nombre desarrollado,recordedBy,M.O. | T.N. | A.E.,media,INABIO
1178,677461,registro,colector reducido a iniciales sin nombre desarrollado,recordedBy,M.O. | T.N. | A.E.,media,INABIO
1179,677462,registro,colector reducido a iniciales sin nombre desarrollado,recordedBy,M.O. | T.N. | A.E.,media,INABIO
1180,677464,registro,colector reducido a iniciales sin nombre desarrollado,recordedBy,M.O. | T.N. | A.E.,media,INABIO
1181,677465,registro,colector reducido a iniciales sin nombre desarrollado,recordedBy,M.O. | T.N. | A.E.,media,INABIO
1182,677466,registro,colector reducido a iniciales sin nombre desarrollado,recordedBy,M.O. | T.N. | A.E.,media,INABIO
1183,677467,registro,colector reducido a iniciales sin nombre desarrollado,recordedBy,M.O. | T.N. | A.E.,media,INABIO
1184,677468,registro,colector reducido a iniciales sin nombre desarrollado,recordedBy,M.O. | T.N. | A.E.,media,INABIO
1185,677469,registro,colector reducido a iniciales sin nombre desarrollado,recordedBy,M.O. | T.N. | A.E.,media,INABIO
1186,677470,registro,colector reducido a iniciales sin nombre desarrollado,recordedBy,M.O. | T.N. | A.E.,media,INABIO
1187,677471,registro,colector reducido a iniciales sin nombre desarrollado,recordedBy,M.O. | T.N. | A.E.,media,INABIO
1188,677472,registro,colector reducido a iniciales sin nombre desarrollado,recordedBy,M.O. | T.N. | A.E.,media,INABIO
1189,677473,registro,colector reducido a iniciales sin nombre desarrollado,recordedBy,M.O. | T.N. | A.E.,media,INABIO
1190,677475,registro,colector reducido a iniciales sin nombre desarrollado,recordedBy,M.O. | T.N. | A.E.,media,INABIO
1191,677476,registro,colector reducido a iniciales sin nombre desarrollado,recordedBy,M.O. | T.N. | A.E.,media,INABIO
1192,677477,registro,colector reducido a iniciales sin nombre desarrollado,recordedBy,M.O. | T.N. | A.E.,media,INABIO
1193,677478,registro,colector reducido a iniciales sin nombre desarrollado,recordedBy,M.O. | T.N. | A.E.,media,INABIO
1194,677479,registro,colector reducido a iniciales sin nombre desarrollado,recordedBy,M.O. | T.N. | A.E.,media,INABIO
1195,677480,registro,colector reducido a iniciales sin nombre desarrollado,recordedBy,M.O. | T.N. | A.E.,media,INABIO
1196,677481,registro,colector reducido a iniciales sin nombre desarrollado,recordedBy,M.O. | T.N. | A.E.,media,INABIO
1197,677482,registro,colector reducido a iniciales sin nombre desarrollado,recordedBy,M.O. | T.N. | A.E.,media,INABIO
1198,677483,registro,colector reducido a iniciales sin nombre desarrollado,recordedBy,M.O. | T.N. | A.E.,media,INABIO
3059,679597,registro,colector reducido a iniciales sin nombre desarrollado,recordedBy,M.O. | T.N. | A.E.,media,INABIO
3060,679599,registro,colector reducido a iniciales sin nombre desarrollado,recordedBy,M.O. | T.N. | A.E.,media,INABIO
3061,679600,registro,colector reducido a iniciales sin nombre desarrollado,recordedBy,M.O. | T.N. | A.E.,media,INABIO
4036,680706,registro,colector reducido a iniciales sin nombre desarrollado,recordedBy,M.O. | T.N. | A.E.,media,INABIO
4149,680831,registro,colector reducido a iniciales sin nombre desarrollado,recordedBy,M.O. | T.N. | A.E.,media,INABIO
4150,680833,registro,colector reducido a iniciales sin nombre desarrollado,recordedBy,M.O. | T.N. | A.E.,media,INABIO
4151,680834,registro,colector reducido a iniciales sin nombre desarrollado,recordedBy,M.O. | T.N. | A.E.,media,INABIO
4192,680879,registro,colector reducido a iniciales sin nombre desarrollado,recordedBy,Margarita Yareli López | Omar Domínguez Domínguez | Francisco Martínez Servín | R.A.P.,media,INABIO
4194,680881,registro,colector reducido a iniciales sin nombre desarrollado,recordedBy,Margarita Yareli López | Omar Domínguez Domínguez | Francisco Martínez Servín | R.A.P.,media,INABIO
4201,680890,registro,colector reducido a iniciales sin nombre desarrollado,recordedBy,Margarita Yareli López | Omar Domínguez | Francisco Martínez Servín | E.P.,media,INABIO
61,681292,registro,colector reducido a iniciales sin nombre desarrollado,recordedBy,G.M.W.,media,INABIO
62,681303,registro,colector reducido a iniciales sin nombre desarrollado,recordedBy,G.M.W.,media,INABIO
63,681314,registro,colector reducido a iniciales sin nombre desarrollado,recordedBy,G.M.W.,media,INABIO
64,681325,registro,colector reducido a iniciales sin nombre desarrollado,recordedBy,G.M.W.,media,INABIO
65,681336,registro,colector reducido a iniciales sin nombre desarrollado,recordedBy,G.M.W.,media,INABIO
66,681347,registro,colector reducido a iniciales sin nombre desarrollado,recordedBy,G.M.W.,media,INABIO
67,681358,registro,colector reducido a iniciales sin nombre desarrollado,recordedBy,G.M.W.,media,INABIO
68,681369,registro,colector reducido a iniciales sin nombre desarrollado,recordedBy,G.M.W.,media,INABIO
69,681380,registro,colector reducido a iniciales sin nombre desarrollado,recordedBy,G.M.W.,media,INABIO
70,681392,registro,colector reducido a iniciales sin nombre desarrollado,recordedBy,G.M.W.,media,INABIO
71,681403,registro,colector reducido a iniciales sin nombre desarrollado,recordedBy,G.M.W.,media,INABIO
1000,677265,registro,institucion o proyecto en el campo de colector,recordedBy,GLOWS,media,INABIO
1001,677266,registro,institucion o proyecto en el campo de colector,recordedBy,GLOWS,media,INABIO
1002,677267,registro,institucion o proyecto en el campo de colector,recordedBy,GLOWS,media,INABIO
1003,677268,registro,institucion o proyecto en el campo de colector,recordedBy,GLOWS,media,INABIO
1004,677269,registro,institucion o proyecto en el campo de colector,recordedBy,GLOWS,media,INABIO
1005,677270,registro,institucion o proyecto en el campo de colector,recordedBy,GLOWS,media,INABIO
1006,677271,registro,institucion o proyecto en el campo de colector,recordedBy,GLOWS,media,INABIO
1007,677272,registro,institucion o proyecto en el campo de colector,recordedBy,GLOWS,media,INABIO
1008,677273,registro,institucion o proyecto en el campo de colector,recordedBy,GLOWS,media,INABIO
1009,677274,registro,institucion o proyecto en el campo de colector,recordedBy,GLOWS,media,INABIO
1010,677276,registro,institucion o proyecto en el campo de colector,recordedBy,GLOWS,media,INABIO
1011,677277,registro,institucion o proyecto en el campo de colector,recordedBy,GLOWS,media,INABIO
1012,677278,registro,institucion o proyecto en el campo de colector,recordedBy,GLOWS,media,INABIO
1013,677279,registro,institucion o proyecto en el campo de colector,recordedBy,GLOWS,media,INABIO
1014,677280,registro,institucion o proyecto en el campo de colector,recordedBy,GLOWS,media,INABIO
1015,677281,registro,institucion o proyecto en el campo de colector,recordedBy,GLOWS,media,INABIO
1016,677282,registro,institucion o proyecto en el campo de colector,recordedBy,GLOWS,media,INABIO
1017,677283,registro,institucion o proyecto en el campo de colector,recordedBy,GLOWS,media,INABIO
1018,677284,registro,institucion o proyecto en el campo de colector,recordedBy,GLOWS,media,INABIO
1019,677285,registro,institucion o proyecto en el campo de colector,recordedBy,GLOWS,media,INABIO
1020,677287,registro,institucion o proyecto en el campo de colector,recordedBy,GLOWS,media,INABIO
1021,677288,registro,institucion o proyecto en el campo de colector,recordedBy,GLOWS,media,INABIO
1022,677289,registro,institucion o proyecto en el campo de colector,recordedBy,GLOWS,media,INABIO
1023,677290,registro,institucion o proyecto en el campo de colector,recordedBy,GLOWS,media,INABIO
1024,677291,registro,institucion o proyecto en el campo de colector,recordedBy,GLOWS,media,INABIO
1025,677292,registro,institucion o proyecto en el campo de colector,recordedBy,GLOWS,media,INABIO
1026,677293,registro,institucion o proyecto en el campo de colector,recordedBy,GLOWS,media,INABIO
1027,677294,registro,institucion o proyecto en el campo de colector,recordedBy,GLOWS,media,INABIO
1028,677295,registro,institucion o proyecto en el campo de colector,recordedBy,GLOWS,media,INABIO
1029,677296,registro,institucion o proyecto en el campo de colector,recordedBy,GLOWS,media,INABIO
1030,677298,registro,institucion o proyecto en el campo de colector,recordedBy,GLOWS,media,INABIO
1031,677299,registro,institucion o proyecto en el campo de colector,recordedBy,GLOWS,media,INABIO
1032,677300,registro,institucion o proyecto en el campo de colector,recordedBy,GLOWS,media,INABIO
1033,677301,registro,institucion o proyecto en el campo de colector,recordedBy,GLOWS,media,INABIO
1034,677302,registro,institucion o proyecto en el campo de colector,recordedBy,GLOWS,media,INABIO
1035,677303,registro,institucion o proyecto en el campo de colector,recordedBy,GLOWS,media,INABIO
1036,677304,registro,institucion o proyecto en el campo de colector,recordedBy,GLOWS,media,INABIO
1037,677305,registro,institucion o proyecto en el campo de colector,recordedBy,GLOWS,media,INABIO
1038,677306,registro,institucion o proyecto en el campo de colector,recordedBy,GLOWS,media,INABIO
1039,677307,registro,institucion o proyecto en el campo de colector,recordedBy,GLOWS,media,INABIO
1040,677309,registro,institucion o proyecto en el campo de colector,recordedBy,GLOWS,media,INABIO
1041,677310,registro,institucion o proyecto en el campo de colector,recordedBy,GLOWS,media,INABIO
1042,677311,registro,institucion o proyecto en el campo de colector,recordedBy,GLOWS,media,INABIO
1043,677312,registro,institucion o proyecto en el campo de colector,recordedBy,GLOWS,media,INABIO
1044,677313,registro,institucion o proyecto en el campo de colector,recordedBy,GLOWS,media,INABIO
1045,677314,registro,institucion o proyecto en el campo de colector,recordedBy,GLOWS,media,INABIO
1046,677315,registro,institucion o proyecto en el campo de colector,recordedBy,GLOWS,media,INABIO
1047,677316,registro,institucion o proyecto en el campo de colector,recordedBy,GLOWS,media,INABIO
1048,677317,registro,institucion o proyecto en el campo de colector,recordedBy,GLOWS,media,INABIO
1049,677318,registro,institucion o proyecto en el campo de colector,recordedBy,GLOWS,media,INABIO
1050,677320,registro,institucion o proyecto en el campo de colector,recordedBy,GLOWS,media,INABIO
1051,677321,registro,institucion o proyecto en el campo de colector,recordedBy,GLOWS,media,INABIO
1052,677322,registro,institucion o proyecto en el campo de colector,recordedBy,GLOWS,media,INABIO
1053,677323,registro,institucion o proyecto en el campo de colector,recordedBy,GLOWS,media,INABIO
1054,677324,registro,institucion o proyecto en el campo de colector,recordedBy,GLOWS,media,INABIO
1055,677325,registro,institucion o proyecto en el campo de colector,recordedBy,GLOWS,media,INABIO
1056,677326,registro,institucion o proyecto en el campo de colector,recordedBy,GLOWS,media,INABIO
1057,677327,registro,institucion o proyecto en el campo de colector,recordedBy,GLOWS,media,INABIO
1058,677328,registro,institucion o proyecto en el campo de colector,recordedBy,GLOWS,media,INABIO
1059,677329,registro,institucion o proyecto en el campo de colector,recordedBy,GLOWS,media,INABIO
1060,677331,registro,institucion o proyecto en el campo de colector,recordedBy,GLOWS,media,INABIO
1061,677332,registro,institucion o proyecto en el campo de colector,recordedBy,GLOWS,media,INABIO
1062,677333,registro,institucion o proyecto en el campo de colector,recordedBy,GLOWS,media,INABIO
1063,677334,registro,institucion o proyecto en el campo de colector,recordedBy,GLOWS,media,INABIO
1064,677335,registro,institucion o proyecto en el campo de colector,recordedBy,GLOWS,media,INABIO
1065,677336,registro,institucion o proyecto en el campo de colector,recordedBy,GLOWS,media,INABIO
1066,677337,registro,institucion o proyecto en el campo de colector,recordedBy,GLOWS,media,INABIO
1067,677338,registro,institucion o proyecto en el campo de colector,recordedBy,GLOWS,media,INABIO
1068,677339,registro,institucion o proyecto en el campo de colector,recordedBy,GLOWS,media,INABIO
1069,677340,registro,institucion o proyecto en el campo de colector,recordedBy,GLOWS,media,INABIO
1070,677342,registro,institucion o proyecto en el campo de colector,recordedBy,GLOWS,media,INABIO
1071,677343,registro,institucion o proyecto en el campo de colector,recordedBy,GLOWS,media,INABIO
1072,677344,registro,institucion o proyecto en el campo de colector,recordedBy,GLOWS,media,INABIO
1073,677345,registro,institucion o proyecto en el campo de colector,recordedBy,GLOWS,media,INABIO
1074,677346,registro,institucion o proyecto en el campo de colector,recordedBy,GLOWS,media,INABIO
1075,677347,registro,institucion o proyecto en el campo de colector,recordedBy,GLOWS,media,INABIO
1076,677348,registro,institucion o proyecto en el campo de colector,recordedBy,GLOWS,media,INABIO
1077,677349,registro,institucion o proyecto en el campo de colector,recordedBy,GLOWS,media,INABIO
1078,677350,registro,institucion o proyecto en el campo de colector,recordedBy,GLOWS,media,INABIO
1079,677351,registro,institucion o proyecto en el campo de colector,recordedBy,GLOWS,media,INABIO
1080,677353,registro,institucion o proyecto en el campo de colector,recordedBy,GLOWS,media,INABIO
1653,677989,registro,institucion o proyecto en el campo de colector,recordedBy,Simbioe,media,INABIO
1654,677990,registro,institucion o proyecto en el campo de colector,recordedBy,Simbioe,media,INABIO
1655,677991,registro,institucion o proyecto en el campo de colector,recordedBy,Simbioe,media,INABIO
1656,677992,registro,institucion o proyecto en el campo de colector,recordedBy,Simbioe,media,INABIO
1657,677993,registro,institucion o proyecto en el campo de colector,recordedBy,Simbioe,media,INABIO
1658,677994,registro,institucion o proyecto en el campo de colector,recordedBy,Simbioe,media,INABIO
1659,677995,registro,institucion o proyecto en el campo de colector,recordedBy,Simbioe,media,INABIO
1660,677997,registro,institucion o proyecto en el campo de colector,recordedBy,Simbioe,media,INABIO
1661,677998,registro,institucion o proyecto en el campo de colector,recordedBy,Simbioe,media,INABIO
1662,677999,registro,institucion o proyecto en el campo de colector,recordedBy,Simbioe,media,INABIO
1663,678000,registro,institucion o proyecto en el campo de colector,recordedBy,Simbioe,media,INABIO
1664,678001,registro,institucion o proyecto en el campo de colector,recordedBy,Simbioe,media,INABIO
1665,678002,registro,institucion o proyecto en el campo de colector,recordedBy,Simbioe,media,INABIO
1666,678003,registro,institucion o proyecto en el campo de colector,recordedBy,Simbioe,media,INABIO
1667,678004,registro,institucion o proyecto en el campo de colector,recordedBy,Simbioe,media,INABIO
1668,678005,registro,institucion o proyecto en el campo de colector,recordedBy,Simbioe,media,INABIO
1669,678006,registro,institucion o proyecto en el campo de colector,recordedBy,Simbioe,media,INABIO
1670,678008,registro,institucion o proyecto en el campo de colector,recordedBy,Simbioe,media,INABIO
1671,678009,registro,institucion o proyecto en el campo de colector,recordedBy,Simbioe,media,INABIO
1672,678010,registro,institucion o proyecto en el campo de colector,recordedBy,Simbioe,media,INABIO
1673,678011,registro,institucion o proyecto en el campo de colector,recordedBy,Simbioe,media,INABIO
1674,678012,registro,institucion o proyecto en el campo de colector,recordedBy,Simbioe,media,INABIO
1675,678013,registro,institucion o proyecto en el campo de colector,recordedBy,Simbioe,media,INABIO
1676,678014,registro,institucion o proyecto en el campo de colector,recordedBy,Simbioe,media,INABIO
1677,678015,registro,institucion o proyecto en el campo de colector,recordedBy,Simbioe,media,INABIO
1678,678016,registro,institucion o proyecto en el campo de colector,recordedBy,Simbioe,media,INABIO
1750,678120,registro,institucion o proyecto en el campo de colector,recordedBy,Simbioe,media,INABIO
2544,679002,registro,institucion o proyecto en el campo de colector,recordedBy,GLOWS,media,INABIO
2545,679003,registro,institucion o proyecto en el campo de colector,recordedBy,GLOWS,media,INABIO
2546,679004,registro,institucion o proyecto en el campo de colector,recordedBy,GLOWS,media,INABIO
2547,679005,registro,institucion o proyecto en el campo de colector,recordedBy,GLOWS,media,INABIO
2548,679006,registro,institucion o proyecto en el campo de colector,recordedBy,GLOWS,media,INABIO
2549,679007,registro,institucion o proyecto en el campo de colector,recordedBy,GLOWS,media,INABIO
2550,679009,registro,institucion o proyecto en el campo de colector,recordedBy,GLOWS,media,INABIO
2551,679010,registro,institucion o proyecto en el campo de colector,recordedBy,GLOWS,media,INABIO
2552,679011,registro,institucion o proyecto en el campo de colector,recordedBy,GLOWS,media,INABIO
2945,679470,registro,institucion o proyecto en el campo de colector,recordedBy,GLOWS,media,INABIO
2946,679471,registro,institucion o proyecto en el campo de colector,recordedBy,Gueppi,media,INABIO
2947,679472,registro,institucion o proyecto en el campo de colector,recordedBy,Gueppi,media,INABIO
2948,679473,registro,institucion o proyecto en el campo de colector,recordedBy,Gueppi,media,INABIO
2949,679474,registro,institucion o proyecto en el campo de colector,recordedBy,Gueppi,media,INABIO
2950,679476,registro,institucion o proyecto en el campo de colector,recordedBy,Gueppi,media,INABIO
2951,679477,registro,institucion o proyecto en el campo de colector,recordedBy,Gueppi,media,INABIO
2952,679478,registro,institucion o proyecto en el campo de colector,recordedBy,Gueppi,media,INABIO
2953,679479,registro,institucion o proyecto en el campo de colector,recordedBy,Gueppi,media,INABIO
2954,679480,registro,institucion o proyecto en el campo de colector,recordedBy,Gueppi,media,INABIO
2955,679481,registro,institucion o proyecto en el campo de colector,recordedBy,Gueppi,media,INABIO
2956,679482,registro,institucion o proyecto en el campo de colector,recordedBy,Gueppi,media,INABIO
2957,679483,registro,institucion o proyecto en el campo de colector,recordedBy,Gueppi,media,INABIO
2958,679484,registro,institucion o proyecto en el campo de colector,recordedBy,Gueppi,media,INABIO
2959,679485,registro,institucion o proyecto en el campo de colector,recordedBy,Gueppi,media,INABIO
2960,679487,registro,institucion o proyecto en el campo de colector,recordedBy,Gueppi,media,INABIO
2961,679488,registro,institucion o proyecto en el campo de colector,recordedBy,Gueppi,media,INABIO
2962,679489,registro,institucion o proyecto en el campo de colector,recordedBy,Gueppi,media,INABIO
2963,679490,registro,institucion o proyecto en el campo de colector,recordedBy,Gueppi,media,INABIO
2964,679491,registro,institucion o proyecto en el campo de colector,recordedBy,Gueppi,media,INABIO
2965,679492,registro,institucion o proyecto en el campo de colector,recordedBy,Gueppi,media,INABIO
2966,679493,registro,institucion o proyecto en el campo de colector,recordedBy,Gueppi,media,INABIO
2967,679494,registro,institucion o proyecto en el campo de colector,recordedBy,Gueppi,media,INABIO
2968,679495,registro,institucion o proyecto en el campo de colector,recordedBy,Gueppi,media,INABIO
2969,679496,registro,institucion o proyecto en el campo de colector,recordedBy,Gueppi,media,INABIO
2970,679498,registro,institucion o proyecto en el campo de colector,recordedBy,Gueppi,media,INABIO
2971,679499,registro,institucion o proyecto en el campo de colector,recordedBy,Gueppi,media,INABIO
2972,679500,registro,institucion o proyecto en el campo de colector,recordedBy,Gueppi,media,INABIO
2973,679501,registro,institucion o proyecto en el campo de colector,recordedBy,Gueppi,media,INABIO
2974,679502,registro,institucion o proyecto en el campo de colector,recordedBy,Gueppi,media,INABIO
2975,679503,registro,institucion o proyecto en el campo de colector,recordedBy,Gueppi,media,INABIO
2976,679504,registro,institucion o proyecto en el campo de colector,recordedBy,Gueppi,media,INABIO
2977,679505,registro,institucion o proyecto en el campo de colector,recordedBy,Gueppi,media,INABIO
2978,679506,registro,institucion o proyecto en el campo de colector,recordedBy,Gueppi,media,INABIO
2979,679507,registro,institucion o proyecto en el campo de colector,recordedBy,Gueppi,media,INABIO
2980,679509,registro,institucion o proyecto en el campo de colector,recordedBy,Gueppi,media,INABIO
2981,679510,registro,institucion o proyecto en el campo de colector,recordedBy,Gueppi,media,INABIO
2982,679511,registro,institucion o proyecto en el campo de colector,recordedBy,Gueppi,media,INABIO
2983,679512,registro,institucion o proyecto en el campo de colector,recordedBy,Gueppi,media,INABIO
2984,679513,registro,institucion o proyecto en el campo de colector,recordedBy,Gueppi,media,INABIO
2985,679514,registro,institucion o proyecto en el campo de colector,recordedBy,Gueppi,media,INABIO
2986,679515,registro,institucion o proyecto en el campo de colector,recordedBy,Gueppi,media,INABIO
2987,679516,registro,institucion o proyecto en el campo de colector,recordedBy,Gueppi,media,INABIO
2988,679517,registro,institucion o proyecto en el campo de colector,recordedBy,Gueppi,media,INABIO
2989,679518,registro,institucion o proyecto en el campo de colector,recordedBy,Gueppi,media,INABIO
2990,679520,registro,institucion o proyecto en el campo de colector,recordedBy,Gueppi,media,INABIO
2991,679521,registro,institucion o proyecto en el campo de colector,recordedBy,Gueppi,media,INABIO
2992,679522,registro,institucion o proyecto en el campo de colector,recordedBy,Gueppi,media,INABIO
2993,679523,registro,institucion o proyecto en el campo de colector,recordedBy,Gueppi,media,INABIO
2994,679524,registro,institucion o proyecto en el campo de colector,recordedBy,Gueppi,media,INABIO
2995,679525,registro,institucion o proyecto en el campo de colector,recordedBy,Gueppi,media,INABIO
2996,679526,registro,institucion o proyecto en el campo de colector,recordedBy,Gueppi,media,INABIO
2997,679527,registro,institucion o proyecto en el campo de colector,recordedBy,Gueppi,media,INABIO
2998,679528,registro,institucion o proyecto en el campo de colector,recordedBy,Gueppi,media,INABIO
2999,679529,registro,institucion o proyecto en el campo de colector,recordedBy,Gueppi,media,INABIO
3000,679533,registro,institucion o proyecto en el campo de colector,recordedBy,Gueppi,media,INABIO
3001,679534,registro,institucion o proyecto en el campo de colector,recordedBy,Gueppi,media,INABIO
3006,679539,registro,institucion o proyecto en el campo de colector,recordedBy,Gueppi,media,INABIO
3007,679540,registro,institucion o proyecto en el campo de colector,recordedBy,Gueppi,media,INABIO
3008,679541,registro,institucion o proyecto en el campo de colector,recordedBy,Gueppi,media,INABIO
3009,679542,registro,institucion o proyecto en el campo de colector,recordedBy,Gueppi,media,INABIO
3010,679544,registro,institucion o proyecto en el campo de colector,recordedBy,Gueppi,media,INABIO
3011,679545,registro,institucion o proyecto en el campo de colector,recordedBy,Gueppi,media,INABIO
3012,679546,registro,institucion o proyecto en el campo de colector,recordedBy,Gueppi,media,INABIO
3013,679547,registro,institucion o proyecto en el campo de colector,recordedBy,Gueppi,media,INABIO
3014,679548,registro,institucion o proyecto en el campo de colector,recordedBy,Gueppi,media,INABIO
3015,679549,registro,institucion o proyecto en el campo de colector,recordedBy,Gueppi,media,INABIO
3016,679550,registro,institucion o proyecto en el campo de colector,recordedBy,Gueppi,media,INABIO
3017,679551,registro,institucion o proyecto en el campo de colector,recordedBy,Gueppi,media,INABIO
3018,679552,registro,institucion o proyecto en el campo de colector,recordedBy,Gueppi,media,INABIO
3019,679553,registro,institucion o proyecto en el campo de colector,recordedBy,Gueppi,media,INABIO
3020,679555,registro,institucion o proyecto en el campo de colector,recordedBy,Gueppi,media,INABIO
3021,679556,registro,institucion o proyecto en el campo de colector,recordedBy,Gueppi,media,INABIO
3022,679557,registro,institucion o proyecto en el campo de colector,recordedBy,Gueppi,media,INABIO
3023,679558,registro,institucion o proyecto en el campo de colector,recordedBy,Gueppi,media,INABIO
3024,679559,registro,institucion o proyecto en el campo de colector,recordedBy,Gueppi,media,INABIO
3025,679560,registro,institucion o proyecto en el campo de colector,recordedBy,Gueppi,media,INABIO
3026,679561,registro,institucion o proyecto en el campo de colector,recordedBy,Gueppi,media,INABIO
3027,679562,registro,institucion o proyecto en el campo de colector,recordedBy,Gueppi,media,INABIO
3028,679563,registro,institucion o proyecto en el campo de colector,recordedBy,Gueppi,media,INABIO
3029,679564,registro,institucion o proyecto en el campo de colector,recordedBy,Gueppi,media,INABIO
3030,679566,registro,institucion o proyecto en el campo de colector,recordedBy,Gueppi,media,INABIO
3031,679567,registro,institucion o proyecto en el campo de colector,recordedBy,Gueppi,media,INABIO
3032,679568,registro,institucion o proyecto en el campo de colector,recordedBy,Gueppi,media,INABIO
3033,679569,registro,institucion o proyecto en el campo de colector,recordedBy,Gueppi,media,INABIO
3034,679570,registro,institucion o proyecto en el campo de colector,recordedBy,Gueppi,media,INABIO
3035,679571,registro,institucion o proyecto en el campo de colector,recordedBy,Gueppi,media,INABIO
3036,679572,registro,institucion o proyecto en el campo de colector,recordedBy,Gueppi,media,INABIO
3037,679573,registro,institucion o proyecto en el campo de colector,recordedBy,Gueppi,media,INABIO
3038,679574,registro,institucion o proyecto en el campo de colector,recordedBy,Gueppi,media,INABIO
3039,679575,registro,institucion o proyecto en el campo de colector,recordedBy,Gueppi,media,INABIO
3042,679579,registro,institucion o proyecto en el campo de colector,recordedBy,Gueppi,media,INABIO
3043,679580,registro,institucion o proyecto en el campo de colector,recordedBy,Gueppi,media,INABIO
3044,679581,registro,institucion o proyecto en el campo de colector,recordedBy,Gueppi,media,INABIO
3045,679582,registro,institucion o proyecto en el campo de colector,recordedBy,Gueppi,media,INABIO
3046,679583,registro,institucion o proyecto en el campo de colector,recordedBy,Gueppi,media,INABIO
3047,679584,registro,institucion o proyecto en el campo de colector,recordedBy,Gueppi,media,INABIO
3370,679943,registro,institucion o proyecto en el campo de colector,recordedBy,Gueppi,media,INABIO
3371,679944,registro,institucion o proyecto en el campo de colector,recordedBy,Gueppi,media,INABIO
3372,679945,registro,institucion o proyecto en el campo de colector,recordedBy,Gueppi,media,INABIO
3373,679946,registro,institucion o proyecto en el campo de colector,recordedBy,Gueppi,media,INABIO
3374,679947,registro,institucion o proyecto en el campo de colector,recordedBy,Gueppi,media,INABIO
3375,679948,registro,institucion o proyecto en el campo de colector,recordedBy,Gueppi,media,INABIO
3376,679949,registro,institucion o proyecto en el campo de colector,recordedBy,Gueppi,media,INABIO
3377,679950,registro,institucion o proyecto en el campo de colector,recordedBy,Gueppi,media,INABIO
3378,679951,registro,institucion o proyecto en el campo de colector,recordedBy,Gueppi,media,INABIO
3379,679952,registro,institucion o proyecto en el campo de colector,recordedBy,Gueppi,media,INABIO
3380,679954,registro,institucion o proyecto en el campo de colector,recordedBy,Gueppi,media,INABIO
3381,679955,registro,institucion o proyecto en el campo de colector,recordedBy,Gueppi,media,INABIO
3382,679956,registro,institucion o proyecto en el campo de colector,recordedBy,Gueppi,media,INABIO
3383,679957,registro,institucion o proyecto en el campo de colector,recordedBy,Gueppi,media,INABIO
3384,679958,registro,institucion o proyecto en el campo de colector,recordedBy,Gueppi,media,INABIO
3389,679963,registro,institucion o proyecto en el campo de colector,recordedBy,Gueppi,media,INABIO
3390,679965,registro,institucion o proyecto en el campo de colector,recordedBy,Gueppi,media,INABIO
4,680664,registro,institucion o proyecto en el campo de colector,recordedBy,Indígenas,media,INABIO
4033,680703,registro,institucion o proyecto en el campo de colector,recordedBy,GLOWS,media,INABIO
4035,680705,registro,institucion o proyecto en el campo de colector,recordedBy,GLOWS,media,INABIO
4037,680707,registro,institucion o proyecto en el campo de colector,recordedBy,JVDC,media,INABIO
4129,680809,registro,institucion o proyecto en el campo de colector,recordedBy,Gueppi,media,INABIO
4130,680811,registro,institucion o proyecto en el campo de colector,recordedBy,Gueppi,media,INABIO
4131,680812,registro,institucion o proyecto en el campo de colector,recordedBy,Gueppi,media,INABIO
4132,680813,registro,institucion o proyecto en el campo de colector,recordedBy,Gueppi,media,INABIO
4133,680814,registro,institucion o proyecto en el campo de colector,recordedBy,Gueppi,media,INABIO
4134,680815,registro,institucion o proyecto en el campo de colector,recordedBy,Gueppi,media,INABIO
4135,680816,registro,institucion o proyecto en el campo de colector,recordedBy,Gueppi,media,INABIO
4136,680817,registro,institucion o proyecto en el campo de colector,recordedBy,Gueppi,media,INABIO
4137,680818,registro,institucion o proyecto en el campo de colector,recordedBy,Gueppi,media,INABIO
4138,680819,registro,institucion o proyecto en el campo de colector,recordedBy,Gueppi,media,INABIO
4139,680820,registro,institucion o proyecto en el campo de colector,recordedBy,Gueppi,media,INABIO
4140,680822,registro,institucion o proyecto en el campo de colector,recordedBy,Gueppi,media,INABIO
5019,1840092,registro,institucion o proyecto en el campo de colector,recordedBy,GLOWS,media,INABIO
5038,1840111,registro,institucion o proyecto en el campo de colector,recordedBy,GLOWS,media,INABIO
5039,1840112,registro,institucion o proyecto en el campo de colector,recordedBy,GLOWS,media,INABIO
5040,1840113,registro,institucion o proyecto en el campo de colector,recordedBy,GLOWS,media,INABIO
5051,1840124,registro,institucion o proyecto en el campo de colector,recordedBy,QCAZ,media,INABIO
5052,1840125,registro,institucion o proyecto en el campo de colector,recordedBy,QCAZ,media,INABIO
5053,1840126,registro,institucion o proyecto en el campo de colector,recordedBy,QCAZ,media,INABIO
5054,1840127,registro,institucion o proyecto en el campo de colector,recordedBy,QCAZ,media,INABIO
5055,1840128,registro,institucion o proyecto en el campo de colector,recordedBy,QCAZ,media,INABIO
5058,1840131,registro,institucion o proyecto en el campo de colector,recordedBy,QCAZ,media,INABIO
5059,1840132,registro,institucion o proyecto en el campo de colector,recordedBy,QCAZ | Patricia Ojeda,media,INABIO
5060,1840133,registro,institucion o proyecto en el campo de colector,recordedBy,QCAZ,media,INABIO
5061,1840134,registro,institucion o proyecto en el campo de colector,recordedBy,QCAZ,media,INABIO
5062,1840135,registro,institucion o proyecto en el campo de colector,recordedBy,QCAZ,media,INABIO
5063,1840136,registro,institucion o proyecto en el campo de colector,recordedBy,QCAZ,media,INABIO
5064,1840137,registro,institucion o proyecto en el campo de colector,recordedBy,QCAZ,media,INABIO
5065,1840138,registro,institucion o proyecto en el campo de colector,recordedBy,QCAZ,media,INABIO
5066,1840139,registro,institucion o proyecto en el campo de colector,recordedBy,QCAZ,media,INABIO
5067,1840140,registro,institucion o proyecto en el campo de colector,recordedBy,QCAZ,media,INABIO
5068,1840141,registro,institucion o proyecto en el campo de colector,recordedBy,QCAZ,media,INABIO
5069,1840142,registro,institucion o proyecto en el campo de colector,recordedBy,QCAZ,media,INABIO
5070,1840143,registro,institucion o proyecto en el campo de colector,recordedBy,QCAZ,media,INABIO
5071,1840144,registro,institucion o proyecto en el campo de colector,recordedBy,QCAZ,media,INABIO
5072,1840145,registro,institucion o proyecto en el campo de colector,recordedBy,QCAZ,media,INABIO
5073,1840146,registro,institucion o proyecto en el campo de colector,recordedBy,QCAZ,media,INABIO
5074,1840147,registro,institucion o proyecto en el campo de colector,recordedBy,QCAZ,media,INABIO
5076,1840149,registro,institucion o proyecto en el campo de colector,recordedBy,QCAZ,media,INABIO
5077,1840150,registro,institucion o proyecto en el campo de colector,recordedBy,QCAZ,media,INABIO
5078,1840151,registro,institucion o proyecto en el campo de colector,recordedBy,QCAZ,media,INABIO
5079,1840152,registro,institucion o proyecto en el campo de colector,recordedBy,QCAZ,media,INABIO
5080,1840153,registro,institucion o proyecto en el campo de colector,recordedBy,QCAZ,media,INABIO
5081,1840154,registro,institucion o proyecto en el campo de colector,recordedBy,QCAZ,media,INABIO
5082,1840155,registro,institucion o proyecto en el campo de colector,recordedBy,QCAZ,media,INABIO
5083,1840156,registro,institucion o proyecto en el campo de colector,recordedBy,QCAZ,media,INABIO
5084,1840157,registro,institucion o proyecto en el campo de colector,recordedBy,QCAZ,media,INABIO
5085,1840158,registro,institucion o proyecto en el campo de colector,recordedBy,QCAZ,media,INABIO
5086,1840159,registro,institucion o proyecto en el campo de colector,recordedBy,QCAZ,media,INABIO
5087,1840160,registro,institucion o proyecto en el campo de colector,recordedBy,QCAZ,media,INABIO
5088,1840161,registro,institucion o proyecto en el campo de colector,recordedBy,QCAZ,media,INABIO
5089,1840162,registro,institucion o proyecto en el campo de colector,recordedBy,QCAZ,media,INABIO
5090,1840163,registro,institucion o proyecto en el campo de colector,recordedBy,QCAZ,media,INABIO
5091,1840164,registro,institucion o proyecto en el campo de colector,recordedBy,QCAZ,media,INABIO
5092,1840165,registro,institucion o proyecto en el campo de colector,recordedBy,QCAZ,media,INABIO
5093,1840166,registro,institucion o proyecto en el campo de colector,recordedBy,QCAZ,media,INABIO
5094,1840167,registro,institucion o proyecto en el campo de colector,recordedBy,QCAZ,media,INABIO
5095,1840168,registro,institucion o proyecto en el campo de colector,recordedBy,QCAZ,media,INABIO
5096,1840169,registro,institucion o proyecto en el campo de colector,recordedBy,QCAZ,media,INABIO
5097,1840170,registro,institucion o proyecto en el campo de colector,recordedBy,QCAZ,media,INABIO
5098,1840171,registro,institucion o proyecto en el campo de colector,recordedBy,QCAZ,media,INABIO
5099,1840172,registro,institucion o proyecto en el campo de colector,recordedBy,QCAZ,media,INABIO
5100,1840173,registro,institucion o proyecto en el campo de colector,recordedBy,QCAZ,media,INABIO
5101,1840174,registro,institucion o proyecto en el campo de colector,recordedBy,QCAZ,media,INABIO
5102,1840175,registro,institucion o proyecto en el campo de colector,recordedBy,QCAZ,media,INABIO
5103,1840176,registro,institucion o proyecto en el campo de colector,recordedBy,QCAZ,media,INABIO
5104,1840177,registro,institucion o proyecto en el campo de colector,recordedBy,QCAZ,media,INABIO
5105,1840178,registro,institucion o proyecto en el campo de colector,recordedBy,QCAZ,media,INABIO
5106,1840179,registro,institucion o proyecto en el campo de colector,recordedBy,QCAZ,media,INABIO
5107,1840180,registro,institucion o proyecto en el campo de colector,recordedBy,QCAZ,media,INABIO
5108,1840181,registro,institucion o proyecto en el campo de colector,recordedBy,QCAZ,media,INABIO
5109,1840182,registro,institucion o proyecto en el campo de colector,recordedBy,QCAZ,media,INABIO
5110,1840183,registro,institucion o proyecto en el campo de colector,recordedBy,QCAZ,media,INABIO
5111,1840184,registro,institucion o proyecto en el campo de colector,recordedBy,QCAZ,media,INABIO
5112,1840185,registro,institucion o proyecto en el campo de colector,recordedBy,QCAZ,media,INABIO
5113,1840186,registro,institucion o proyecto en el campo de colector,recordedBy,QCAZ,media,INABIO
5114,1840187,registro,institucion o proyecto en el campo de colector,recordedBy,QCAZ,media,INABIO
5115,1840188,registro,institucion o proyecto en el campo de colector,recordedBy,QCAZ,media,INABIO
5116,1840189,registro,institucion o proyecto en el campo de colector,recordedBy,QCAZ,media,INABIO
5117,1840190,registro,institucion o proyecto en el campo de colector,recordedBy,QCAZ,media,INABIO
5118,1840191,registro,institucion o proyecto en el campo de colector,recordedBy,QCAZ,media,INABIO
5119,1840192,registro,institucion o proyecto en el campo de colector,recordedBy,QCAZ,media,INABIO
5120,1840193,registro,institucion o proyecto en el campo de colector,recordedBy,QCAZ,media,INABIO
5121,1840194,registro,institucion o proyecto en el campo de colector,recordedBy,QCAZ,media,INABIO
5122,1840195,registro,institucion o proyecto en el campo de colector,recordedBy,QCAZ,media,INABIO
5123,1840196,registro,institucion o proyecto en el campo de colector,recordedBy,QCAZ,media,INABIO
5124,1840197,registro,institucion o proyecto en el campo de colector,recordedBy,QCAZ,media,INABIO
5125,1840198,registro,institucion o proyecto en el campo de colector,recordedBy,QCAZ,media,INABIO
5126,1840199,registro,institucion o proyecto en el campo de colector,recordedBy,QCAZ,media,INABIO
5127,1840200,registro,institucion o proyecto en el campo de colector,recordedBy,QCAZ,media,INABIO
5128,1840201,registro,institucion o proyecto en el campo de colector,recordedBy,QCAZ,media,INABIO
5129,1840202,registro,institucion o proyecto en el campo de colector,recordedBy,QCAZ,media,INABIO
5132,1840205,registro,institucion o proyecto en el campo de colector,recordedBy,QCAZ,media,INABIO
5133,1840206,registro,institucion o proyecto en el campo de colector,recordedBy,QCAZ,media,INABIO
5134,1840207,registro,institucion o proyecto en el campo de colector,recordedBy,QCAZ,media,INABIO
5135,1840208,registro,institucion o proyecto en el campo de colector,recordedBy,QCAZ,media,INABIO
5136,1840209,registro,institucion o proyecto en el campo de colector,recordedBy,QCAZ,media,INABIO
5137,1840210,registro,institucion o proyecto en el campo de colector,recordedBy,QCAZ,media,INABIO
5138,1840211,registro,institucion o proyecto en el campo de colector,recordedBy,QCAZ,media,INABIO
5139,1840212,registro,institucion o proyecto en el campo de colector,recordedBy,QCAZ,media,INABIO
5140,1840213,registro,institucion o proyecto en el campo de colector,recordedBy,QCAZ,media,INABIO
5141,1840214,registro,institucion o proyecto en el campo de colector,recordedBy,QCAZ,media,INABIO
5142,1840215,registro,institucion o proyecto en el campo de colector,recordedBy,QCAZ,media,INABIO
5143,1840216,registro,institucion o proyecto en el campo de colector,recordedBy,QCAZ,media,INABIO
5144,1840217,registro,institucion o proyecto en el campo de colector,recordedBy,QCAZ,media,INABIO
5145,1840218,registro,institucion o proyecto en el campo de colector,recordedBy,QCAZ,media,INABIO
5146,1840219,registro,institucion o proyecto en el campo de colector,recordedBy,QCAZ,media,INABIO
5147,1840220,registro,institucion o proyecto en el campo de colector,recordedBy,QCAZ,media,INABIO
5148,1840221,registro,institucion o proyecto en el campo de colector,recordedBy,QCAZ,media,INABIO
5149,1840222,registro,institucion o proyecto en el campo de colector,recordedBy,QCAZ,media,INABIO
5150,1840223,registro,institucion o proyecto en el campo de colector,recordedBy,QCAZ,media,INABIO
5151,1840224,registro,institucion o proyecto en el campo de colector,recordedBy,QCAZ,media,INABIO
5152,1840225,registro,institucion o proyecto en el campo de colector,recordedBy,QCAZ,media,INABIO
5153,1840226,registro,institucion o proyecto en el campo de colector,recordedBy,QCAZ,media,INABIO
5157,1840230,registro,institucion o proyecto en el campo de colector,recordedBy,QCAZ,media,INABIO
5158,1840231,registro,institucion o proyecto en el campo de colector,recordedBy,QCAZ,media,INABIO
5160,1840233,registro,institucion o proyecto en el campo de colector,recordedBy,QCAZ,media,INABIO
5161,1840234,registro,institucion o proyecto en el campo de colector,recordedBy,QCAZ,media,INABIO
5162,1840235,registro,institucion o proyecto en el campo de colector,recordedBy,QCAZ,media,INABIO
5163,1840236,registro,institucion o proyecto en el campo de colector,recordedBy,QCAZ,media,INABIO
5164,1840237,registro,institucion o proyecto en el campo de colector,recordedBy,QCAZ,media,INABIO
5165,1840238,registro,institucion o proyecto en el campo de colector,recordedBy,QCAZ,media,INABIO
5166,1840239,registro,institucion o proyecto en el campo de colector,recordedBy,QCAZ,media,INABIO
5167,1840240,registro,institucion o proyecto en el campo de colector,recordedBy,QCAZ,media,INABIO
5168,1840241,registro,institucion o proyecto en el campo de colector,recordedBy,QCAZ,media,INABIO
5169,1840242,registro,institucion o proyecto en el campo de colector,recordedBy,QCAZ,media,INABIO
5170,1840243,registro,institucion o proyecto en el campo de colector,recordedBy,QCAZ,media,INABIO
5171,1840244,registro,institucion o proyecto en el campo de colector,recordedBy,QCAZ,media,INABIO
5172,1840245,registro,institucion o proyecto en el campo de colector,recordedBy,QCAZ,media,INABIO
5173,1840246,registro,institucion o proyecto en el campo de colector,recordedBy,QCAZ,media,INABIO
5174,1840247,registro,institucion o proyecto en el campo de colector,recordedBy,QCAZ,media,INABIO
5175,1840248,registro,institucion o proyecto en el campo de colector,recordedBy,QCAZ,media,INABIO
5176,1840249,registro,institucion o proyecto en el campo de colector,recordedBy,QCAZ,media,INABIO
5177,1840250,registro,institucion o proyecto en el campo de colector,recordedBy,QCAZ,media,INABIO
5178,1840251,registro,institucion o proyecto en el campo de colector,recordedBy,QCAZ,media,INABIO
5179,1840252,registro,institucion o proyecto en el campo de colector,recordedBy,QCAZ,media,INABIO
5180,1840253,registro,institucion o proyecto en el campo de colector,recordedBy,QCAZ | A. Galarza,media,INABIO
5181,1840254,registro,institucion o proyecto en el campo de colector,recordedBy,QCAZ,media,INABIO
5182,1840255,registro,institucion o proyecto en el campo de colector,recordedBy,QCAZ,media,INABIO
5183,1840256,registro,institucion o proyecto en el campo de colector,recordedBy,QCAZ,media,INABIO
5184,1840257,registro,institucion o proyecto en el campo de colector,recordedBy,QCAZ,media,INABIO
5185,1840258,registro,institucion o proyecto en el campo de colector,recordedBy,QCAZ,media,INABIO
5186,1840259,registro,institucion o proyecto en el campo de colector,recordedBy,QCAZ,media,INABIO
5187,1840260,registro,institucion o proyecto en el campo de colector,recordedBy,QCAZ,media,INABIO
5188,1840261,registro,institucion o proyecto en el campo de colector,recordedBy,QCAZ,media,INABIO
5189,1840262,registro,institucion o proyecto en el campo de colector,recordedBy,QCAZ,media,INABIO
5190,1840263,registro,institucion o proyecto en el campo de colector,recordedBy,QCAZ,media,INABIO
5191,1840264,registro,institucion o proyecto en el campo de colector,recordedBy,QCAZ,media,INABIO
5192,1840265,registro,institucion o proyecto en el campo de colector,recordedBy,QCAZ,media,INABIO
5193,1840266,registro,institucion o proyecto en el campo de colector,recordedBy,QCAZ,media,INABIO
5194,1840267,registro,institucion o proyecto en el campo de colector,recordedBy,QCAZ,media,INABIO
5195,1840268,registro,institucion o proyecto en el campo de colector,recordedBy,QCAZ,media,INABIO
5196,1840269,registro,institucion o proyecto en el campo de colector,recordedBy,QCAZ,media,INABIO
5197,1840270,registro,institucion o proyecto en el campo de colector,recordedBy,QCAZ,media,INABIO
5199,1840272,registro,institucion o proyecto en el campo de colector,recordedBy,QCAZ,media,INABIO
5200,1840273,registro,institucion o proyecto en el campo de colector,recordedBy,QCAZ,media,INABIO
5201,1840274,registro,institucion o proyecto en el campo de colector,recordedBy,QCAZ,media,INABIO
5202,1840275,registro,institucion o proyecto en el campo de colector,recordedBy,QCAZ,media,INABIO
5203,1840276,registro,institucion o proyecto en el campo de colector,recordedBy,QCAZ,media,INABIO
5204,1840277,registro,institucion o proyecto en el campo de colector,recordedBy,QCAZ,media,INABIO
5205,1840278,registro,institucion o proyecto en el campo de colector,recordedBy,QCAZ,media,INABIO
5206,1840279,registro,institucion o proyecto en el campo de colector,recordedBy,QCAZ,media,INABIO
5207,1840280,registro,institucion o proyecto en el campo de colector,recordedBy,QCAZ,media,INABIO
5208,1840281,registro,institucion o proyecto en el campo de colector,recordedBy,QCAZ,media,INABIO
5209,1840282,registro,institucion o proyecto en el campo de colector,recordedBy,QCAZ,media,INABIO
5210,1840283,registro,institucion o proyecto en el campo de colector,recordedBy,QCAZ,media,INABIO
5211,1840284,registro,institucion o proyecto en el campo de colector,recordedBy,QCAZ,media,INABIO
5212,1840285,registro,institucion o proyecto en el campo de colector,recordedBy,QCAZ,media,INABIO
5213,1840286,registro,institucion o proyecto en el campo de colector,recordedBy,QCAZ,media,INABIO
5214,1840287,registro,institucion o proyecto en el campo de colector,recordedBy,QCAZ | C. Puertas,media,INABIO
5215,1840288,registro,institucion o proyecto en el campo de colector,recordedBy,QCAZ,media,INABIO
5216,1840289,registro,institucion o proyecto en el campo de colector,recordedBy,QCAZ,media,INABIO
5217,1840290,registro,institucion o proyecto en el campo de colector,recordedBy,QCAZ,media,INABIO
5218,1840291,registro,institucion o proyecto en el campo de colector,recordedBy,QCAZ,media,INABIO
5220,1840293,registro,institucion o proyecto en el campo de colector,recordedBy,QCAZ | C. Puertas,media,INABIO
5222,1840295,registro,institucion o proyecto en el campo de colector,recordedBy,QCAZ | C. Puertas,media,INABIO
5223,1840296,registro,institucion o proyecto en el campo de colector,recordedBy,QCAZ | C. Puertas,media,INABIO
5224,1840297,registro,institucion o proyecto en el campo de colector,recordedBy,QCAZ | C. Puertas,media,INABIO
5225,1840298,registro,institucion o proyecto en el campo de colector,recordedBy,QCAZ | C. Puertas,media,INABIO
5226,1840299,registro,institucion o proyecto en el campo de colector,recordedBy,QCAZ | C. Puertas,media,INABIO
5228,1840301,registro,institucion o proyecto en el campo de colector,recordedBy,QCAZ,media,INABIO
5229,1840302,registro,institucion o proyecto en el campo de colector,recordedBy,QCAZ | C. Puertas,media,INABIO
5230,1840303,registro,institucion o proyecto en el campo de colector,recordedBy,QCAZ,media,INABIO
5231,1840304,registro,institucion o proyecto en el campo de colector,recordedBy,QCAZ | C. Puertas,media,INABIO
5232,1840305,registro,institucion o proyecto en el campo de colector,recordedBy,QCAZ | C. Puertas,media,INABIO
5233,1840306,registro,institucion o proyecto en el campo de colector,recordedBy,QCAZ | C. Puertas,media,INABIO
5234,1840307,registro,institucion o proyecto en el campo de colector,recordedBy,QCAZ | C. Puertas,media,INABIO
5235,1840308,registro,institucion o proyecto en el campo de colector,recordedBy,QCAZ | C. Puertas,media,INABIO
5236,1840309,registro,institucion o proyecto en el campo de colector,recordedBy,QCAZ | C. Puertas,media,INABIO
5238,1840311,registro,institucion o proyecto en el campo de colector,recordedBy,QCAZ,media,INABIO
5239,1840312,registro,institucion o proyecto en el campo de colector,recordedBy,QCAZ,media,INABIO
5240,1840313,registro,institucion o proyecto en el campo de colector,recordedBy,QCAZ,media,INABIO
5241,1840314,registro,institucion o proyecto en el campo de colector,recordedBy,QCAZ | C. Puertas,media,INABIO
5242,1840315,registro,institucion o proyecto en el campo de colector,recordedBy,QCAZ | C. Puertas,media,INABIO
5243,1840316,registro,institucion o proyecto en el campo de colector,recordedBy,QCAZ | C. Puertas,media,INABIO
5244,1840317,registro,institucion o proyecto en el campo de colector,recordedBy,QCAZ | C. Puertas,media,INABIO
5245,1840318,registro,institucion o proyecto en el campo de colector,recordedBy,QCAZ | C. Puertas,media,INABIO
5246,1840319,registro,institucion o proyecto en el campo de colector,recordedBy,QCAZ,media,INABIO
5247,1840320,registro,institucion o proyecto en el campo de colector,recordedBy,QCAZ | C. Puertas,media,INABIO
5248,1840321,registro,institucion o proyecto en el campo de colector,recordedBy,QCAZ,media,INABIO
5249,1840322,registro,institucion o proyecto en el campo de colector,recordedBy,QCAZ,media,INABIO
5250,1840323,registro,institucion o proyecto en el campo de colector,recordedBy,QCAZ,media,INABIO
5251,1840324,registro,institucion o proyecto en el campo de colector,recordedBy,QCAZ,media,INABIO
5252,1840325,registro,institucion o proyecto en el campo de colector,recordedBy,QCAZ,media,INABIO
5253,1840326,registro,institucion o proyecto en el campo de colector,recordedBy,QCAZ | C. Puertas,media,INABIO
5254,1840327,registro,institucion o proyecto en el campo de colector,recordedBy,QCAZ,media,INABIO
5257,1840330,registro,institucion o proyecto en el campo de colector,recordedBy,QCAZ,media,INABIO
5258,1840331,registro,institucion o proyecto en el campo de colector,recordedBy,QCAZ,media,INABIO
5259,1840332,registro,institucion o proyecto en el campo de colector,recordedBy,QCAZ,media,INABIO
5260,1840333,registro,institucion o proyecto en el campo de colector,recordedBy,QCAZ,media,INABIO
5261,1840334,registro,institucion o proyecto en el campo de colector,recordedBy,QCAZ,media,INABIO
5262,1840335,registro,institucion o proyecto en el campo de colector,recordedBy,QCAZ,media,INABIO
5263,1840336,registro,institucion o proyecto en el campo de colector,recordedBy,QCAZ,media,INABIO
5264,1840337,registro,institucion o proyecto en el campo de colector,recordedBy,QCAZ,media,INABIO
5265,1840338,registro,institucion o proyecto en el campo de colector,recordedBy,QCAZ,media,INABIO
5266,1840339,registro,institucion o proyecto en el campo de colector,recordedBy,QCAZ,media,INABIO
5267,1840340,registro,institucion o proyecto en el campo de colector,recordedBy,QCAZ,media,INABIO
5268,1840341,registro,institucion o proyecto en el campo de colector,recordedBy,QCAZ,media,INABIO
5269,1840342,registro,institucion o proyecto en el campo de colector,recordedBy,QCAZ,media,INABIO
5270,1840343,registro,institucion o proyecto en el campo de colector,recordedBy,QCAZ,media,INABIO
5271,1840344,registro,institucion o proyecto en el campo de colector,recordedBy,QCAZ,media,INABIO
5272,1840345,registro,institucion o proyecto en el campo de colector,recordedBy,QCAZ,media,INABIO
5273,1840346,registro,institucion o proyecto en el campo de colector,recordedBy,QCAZ,media,INABIO
5274,1840347,registro,institucion o proyecto en el campo de colector,recordedBy,QCAZ | C. Puertas,media,INABIO
5275,1840348,registro,institucion o proyecto en el campo de colector,recordedBy,QCAZ | C. Puertas,media,INABIO
5276,1840349,registro,institucion o proyecto en el campo de colector,recordedBy,QCAZ | C. Puertas,media,INABIO
5277,1840350,registro,institucion o proyecto en el campo de colector,recordedBy,QCAZ | C. Puertas,media,INABIO
5278,1840351,registro,institucion o proyecto en el campo de colector,recordedBy,QCAZ,media,INABIO
5279,1840352,registro,institucion o proyecto en el campo de colector,recordedBy,QCAZ | C. Puertas,media,INABIO
5280,1840353,registro,institucion o proyecto en el campo de colector,recordedBy,QCAZ | C. Puertas,media,INABIO
5281,1840354,registro,institucion o proyecto en el campo de colector,recordedBy,QCAZ | C. Puertas,media,INABIO
5282,1840355,registro,institucion o proyecto en el campo de colector,recordedBy,QCAZ,media,INABIO
5283,1840356,registro,institucion o proyecto en el campo de colector,recordedBy,QCAZ | C. Puertas,media,INABIO
5284,1840357,registro,institucion o proyecto en el campo de colector,recordedBy,QCAZ,media,INABIO
5285,1840358,registro,institucion o proyecto en el campo de colector,recordedBy,QCAZ,media,INABIO
5286,1840359,registro,institucion o proyecto en el campo de colector,recordedBy,QCAZ,media,INABIO
5287,1840360,registro,institucion o proyecto en el campo de colector,recordedBy,QCAZ | C. Puertas,media,INABIO
5288,1840361,registro,institucion o proyecto en el campo de colector,recordedBy,QCAZ,media,INABIO
5290,1840363,registro,institucion o proyecto en el campo de colector,recordedBy,QCAZ,media,INABIO
5291,1840364,registro,institucion o proyecto en el campo de colector,recordedBy,QCAZ,media,INABIO
5293,1840366,registro,institucion o proyecto en el campo de colector,recordedBy,QCAZ,media,INABIO
5294,1840367,registro,institucion o proyecto en el campo de colector,recordedBy,QCAZ,media,INABIO
5295,1840368,registro,institucion o proyecto en el campo de colector,recordedBy,QCAZ,media,INABIO
5296,1840369,registro,institucion o proyecto en el campo de colector,recordedBy,QCAZ,media,INABIO
5297,1840370,registro,institucion o proyecto en el campo de colector,recordedBy,QCAZ,media,INABIO
5298,1840371,registro,institucion o proyecto en el campo de colector,recordedBy,Gueppi,media,INABIO
5299,1840372,registro,institucion o proyecto en el campo de colector,recordedBy,QCAZ | C. Puertas,media,INABIO
5300,1840373,registro,institucion o proyecto en el campo de colector,recordedBy,QCAZ | C. Puertas,media,INABIO
5301,1840374,registro,institucion o proyecto en el campo de colector,recordedBy,QCAZ | C. Puertas,media,INABIO
5302,1840375,registro,institucion o proyecto en el campo de colector,recordedBy,QCAZ,media,INABIO
5303,1840376,registro,institucion o proyecto en el campo de colector,recordedBy,Gueppi,media,INABIO
5304,1840377,registro,institucion o proyecto en el campo de colector,recordedBy,QCAZ | C. Puertas,media,INABIO
5305,1840378,registro,institucion o proyecto en el campo de colector,recordedBy,Gueppi,media,INABIO
5306,1840379,registro,institucion o proyecto en el campo de colector,recordedBy,QCAZ | C. Puertas,media,INABIO
5307,1840380,registro,institucion o proyecto en el campo de colector,recordedBy,QCAZ,media,INABIO
5308,1840381,registro,institucion o proyecto en el campo de colector,recordedBy,QCAZ,media,INABIO
5309,1840382,registro,institucion o proyecto en el campo de colector,recordedBy,QCAZ,media,INABIO
5310,1840383,registro,institucion o proyecto en el campo de colector,recordedBy,QCAZ,media,INABIO
5311,1840384,registro,institucion o proyecto en el campo de colector,recordedBy,QCAZ,media,INABIO
5312,1840385,registro,institucion o proyecto en el campo de colector,recordedBy,QCAZ | F. Muller,media,INABIO
5313,1840386,registro,institucion o proyecto en el campo de colector,recordedBy,QCAZ,media,INABIO
5314,1840387,registro,institucion o proyecto en el campo de colector,recordedBy,QCAZ,media,INABIO
5315,1840388,registro,institucion o proyecto en el campo de colector,recordedBy,QCAZ,media,INABIO
5316,1840389,registro,institucion o proyecto en el campo de colector,recordedBy,QCAZ,media,INABIO
5317,1840390,registro,institucion o proyecto en el campo de colector,recordedBy,QCAZ,media,INABIO
5318,1840391,registro,institucion o proyecto en el campo de colector,recordedBy,QCAZ,media,INABIO
5319,1840392,registro,institucion o proyecto en el campo de colector,recordedBy,QCAZ,media,INABIO
5320,1840393,registro,institucion o proyecto en el campo de colector,recordedBy,QCAZ,media,INABIO
5321,1840394,registro,institucion o proyecto en el campo de colector,recordedBy,QCAZ,media,INABIO
5322,1840395,registro,institucion o proyecto en el campo de colector,recordedBy,QCAZ,media,INABIO
5323,1840396,registro,institucion o proyecto en el campo de colector,recordedBy,QCAZ,media,INABIO
5324,1840397,registro,institucion o proyecto en el campo de colector,recordedBy,QCAZ,media,INABIO
5325,1840398,registro,institucion o proyecto en el campo de colector,recordedBy,QCAZ,media,INABIO
5326,1840399,registro,institucion o proyecto en el campo de colector,recordedBy,QCAZ,media,INABIO
5327,1840400,registro,institucion o proyecto en el campo de colector,recordedBy,QCAZ,media,INABIO
5328,1840401,registro,institucion o proyecto en el campo de colector,recordedBy,QCAZ,media,INABIO
5329,1840402,registro,institucion o proyecto en el campo de colector,recordedBy,QCAZ,media,INABIO
5330,1840403,registro,institucion o proyecto en el campo de colector,recordedBy,QCAZ,media,INABIO
5331,1840404,registro,institucion o proyecto en el campo de colector,recordedBy,QCAZ,media,INABIO
5332,1840405,registro,institucion o proyecto en el campo de colector,recordedBy,QCAZ,media,INABIO
5333,1840406,registro,institucion o proyecto en el campo de colector,recordedBy,QCAZ,media,INABIO
5334,1840407,registro,institucion o proyecto en el campo de colector,recordedBy,QCAZ,media,INABIO
5335,1840408,registro,institucion o proyecto en el campo de colector,recordedBy,QCAZ,media,INABIO
5336,1840409,registro,institucion o proyecto en el campo de colector,recordedBy,QCAZ,media,INABIO
5337,1840410,registro,institucion o proyecto en el campo de colector,recordedBy,QCAZ,media,INABIO
5338,1840411,registro,institucion o proyecto en el campo de colector,recordedBy,QCAZ,media,INABIO
5339,1840412,registro,institucion o proyecto en el campo de colector,recordedBy,QCAZ,media,INABIO
5340,1840413,registro,institucion o proyecto en el campo de colector,recordedBy,QCAZ | Fausto Ulloa,media,INABIO
5341,1840414,registro,institucion o proyecto en el campo de colector,recordedBy,QCAZ,media,INABIO
5342,1840415,registro,institucion o proyecto en el campo de colector,recordedBy,QCAZ,media,INABIO
5343,1840416,registro,institucion o proyecto en el campo de colector,recordedBy,QCAZ,media,INABIO
5344,1840417,registro,institucion o proyecto en el campo de colector,recordedBy,QCAZ,media,INABIO
5345,1840418,registro,institucion o proyecto en el campo de colector,recordedBy,QCAZ,media,INABIO
5346,1840419,registro,institucion o proyecto en el campo de colector,recordedBy,QCAZ,media,INABIO
5347,1840420,registro,institucion o proyecto en el campo de colector,recordedBy,QCAZ,media,INABIO
5348,1840421,registro,institucion o proyecto en el campo de colector,recordedBy,QCAZ,media,INABIO
5349,1840422,registro,institucion o proyecto en el campo de colector,recordedBy,QCAZ,media,INABIO
5351,1840424,registro,institucion o proyecto en el campo de colector,recordedBy,QCAZ,media,INABIO
5352,1840425,registro,institucion o proyecto en el campo de colector,recordedBy,QCAZ,media,INABIO
5353,1840426,registro,institucion o proyecto en el campo de colector,recordedBy,QCAZ,media,INABIO
5354,1840427,registro,institucion o proyecto en el campo de colector,recordedBy,QCAZ,media,INABIO
5355,1840428,registro,institucion o proyecto en el campo de colector,recordedBy,QCAZ,media,INABIO
5357,1840430,registro,institucion o proyecto en el campo de colector,recordedBy,QCAZ,media,INABIO
5358,1840431,registro,institucion o proyecto en el campo de colector,recordedBy,QCAZ | Jorge Campaña | M. Ponce,media,INABIO
5359,1840432,registro,institucion o proyecto en el campo de colector,recordedBy,QCAZ,media,INABIO
5360,1840433,registro,institucion o proyecto en el campo de colector,recordedBy,QCAZ,media,INABIO
5361,1840434,registro,institucion o proyecto en el campo de colector,recordedBy,QCAZ,media,INABIO
5362,1840435,registro,institucion o proyecto en el campo de colector,recordedBy,QCAZ,media,INABIO
5363,1840436,registro,institucion o proyecto en el campo de colector,recordedBy,QCAZ,media,INABIO
5366,1840439,registro,institucion o proyecto en el campo de colector,recordedBy,QCAZ,media,INABIO
5367,1840440,registro,institucion o proyecto en el campo de colector,recordedBy,QCAZ,media,INABIO
5368,1840441,registro,institucion o proyecto en el campo de colector,recordedBy,QCAZ,media,INABIO
5369,1840442,registro,institucion o proyecto en el campo de colector,recordedBy,QCAZ,media,INABIO
5370,1840443,registro,institucion o proyecto en el campo de colector,recordedBy,QCAZ,media,INABIO
5371,1840444,registro,institucion o proyecto en el campo de colector,recordedBy,QCAZ,media,INABIO
5372,1840445,registro,institucion o proyecto en el campo de colector,recordedBy,QCAZ,media,INABIO
5373,1840446,registro,institucion o proyecto en el campo de colector,recordedBy,QCAZ | Patricia Ojeda,media,INABIO
5374,1840447,registro,institucion o proyecto en el campo de colector,recordedBy,QCAZ,media,INABIO
5375,1840448,registro,institucion o proyecto en el campo de colector,recordedBy,QCAZ,media,INABIO
5376,1840449,registro,institucion o proyecto en el campo de colector,recordedBy,QCAZ | M. Grijalva | José Córdova,media,INABIO
5377,1840450,registro,institucion o proyecto en el campo de colector,recordedBy,QCAZ,media,INABIO
5378,1840451,registro,institucion o proyecto en el campo de colector,recordedBy,QCAZ,media,INABIO
5379,1840452,registro,institucion o proyecto en el campo de colector,recordedBy,QCAZ,media,INABIO
5380,1840453,registro,institucion o proyecto en el campo de colector,recordedBy,QCAZ | E. Grijalva,media,INABIO
5381,1840454,registro,institucion o proyecto en el campo de colector,recordedBy,QCAZ,media,INABIO
5382,1840455,registro,institucion o proyecto en el campo de colector,recordedBy,QCAZ,media,INABIO
5383,1840456,registro,institucion o proyecto en el campo de colector,recordedBy,QCAZ,media,INABIO
5384,1840457,registro,institucion o proyecto en el campo de colector,recordedBy,QCAZ,media,INABIO
5385,1840458,registro,institucion o proyecto en el campo de colector,recordedBy,QCAZ,media,INABIO
5386,1840459,registro,institucion o proyecto en el campo de colector,recordedBy,QCAZ,media,INABIO
5387,1840460,registro,institucion o proyecto en el campo de colector,recordedBy,QCAZ | Paola Leone,media,INABIO
5388,1840461,registro,institucion o proyecto en el campo de colector,recordedBy,QCAZ,media,INABIO
5389,1840462,registro,institucion o proyecto en el campo de colector,recordedBy,QCAZ,media,INABIO
5390,1840463,registro,institucion o proyecto en el campo de colector,recordedBy,QCAZ,media,INABIO
5391,1840464,registro,institucion o proyecto en el campo de colector,recordedBy,QCAZ,media,INABIO
5392,1840465,registro,institucion o proyecto en el campo de colector,recordedBy,QCAZ,media,INABIO
5393,1840466,registro,institucion o proyecto en el campo de colector,recordedBy,QCAZ,media,INABIO
5394,1840467,registro,institucion o proyecto en el campo de colector,recordedBy,QCAZ,media,INABIO
5396,1840469,registro,institucion o proyecto en el campo de colector,recordedBy,QCAZ,media,INABIO
5397,1840470,registro,institucion o proyecto en el campo de colector,recordedBy,QCAZ,media,INABIO
5398,1840471,registro,institucion o proyecto en el campo de colector,recordedBy,QCAZ,media,INABIO
5399,1840472,registro,institucion o proyecto en el campo de colector,recordedBy,QCAZ,media,INABIO
5400,1840473,registro,institucion o proyecto en el campo de colector,recordedBy,QCAZ,media,INABIO
5401,1840474,registro,institucion o proyecto en el campo de colector,recordedBy,QCAZ | C. Puertas,media,INABIO
5402,1840475,registro,institucion o proyecto en el campo de colector,recordedBy,QCAZ,media,INABIO
5403,1840476,registro,institucion o proyecto en el campo de colector,recordedBy,QCAZ,media,INABIO
5404,1840477,registro,institucion o proyecto en el campo de colector,recordedBy,QCAZ,media,INABIO
5405,1840478,registro,institucion o proyecto en el campo de colector,recordedBy,QCAZ | C. Puertas,media,INABIO
5406,1840479,registro,institucion o proyecto en el campo de colector,recordedBy,QCAZ,media,INABIO
5407,1840480,registro,institucion o proyecto en el campo de colector,recordedBy,QCAZ,media,INABIO
5408,1840481,registro,institucion o proyecto en el campo de colector,recordedBy,QCAZ,media,INABIO
5409,1840482,registro,institucion o proyecto en el campo de colector,recordedBy,QCAZ,media,INABIO
5410,1840483,registro,institucion o proyecto en el campo de colector,recordedBy,QCAZ,media,INABIO
5411,1840484,registro,institucion o proyecto en el campo de colector,recordedBy,QCAZ,media,INABIO
5412,1840485,registro,institucion o proyecto en el campo de colector,recordedBy,QCAZ,media,INABIO
5413,1840486,registro,institucion o proyecto en el campo de colector,recordedBy,QCAZ,media,INABIO
5414,1840487,registro,institucion o proyecto en el campo de colector,recordedBy,QCAZ,media,INABIO
5415,1840488,registro,institucion o proyecto en el campo de colector,recordedBy,QCAZ,media,INABIO
5416,1840489,registro,institucion o proyecto en el campo de colector,recordedBy,QCAZ | C. Puertas,media,INABIO
5417,1840490,registro,institucion o proyecto en el campo de colector,recordedBy,QCAZ | C. Puertas,media,INABIO
5418,1840491,registro,institucion o proyecto en el campo de colector,recordedBy,QCAZ | C. Puertas,media,INABIO
5419,1840492,registro,institucion o proyecto en el campo de colector,recordedBy,QCAZ | C. Puertas,media,INABIO
5420,1840493,registro,institucion o proyecto en el campo de colector,recordedBy,QCAZ | C. Puertas,media,INABIO
5421,1840494,registro,institucion o proyecto en el campo de colector,recordedBy,QCAZ | C. Puertas,media,INABIO
5422,1840495,registro,institucion o proyecto en el campo de colector,recordedBy,QCAZ | C. Puertas,media,INABIO
5423,1840496,registro,institucion o proyecto en el campo de colector,recordedBy,QCAZ,media,INABIO
5424,1840497,registro,institucion o proyecto en el campo de colector,recordedBy,QCAZ,media,INABIO
5425,1840498,registro,institucion o proyecto en el campo de colector,recordedBy,QCAZ | C. Puertas,media,INABIO
5426,1840499,registro,institucion o proyecto en el campo de colector,recordedBy,QCAZ,media,INABIO
5427,1840500,registro,institucion o proyecto en el campo de colector,recordedBy,QCAZ,media,INABIO
5428,1840501,registro,institucion o proyecto en el campo de colector,recordedBy,QCAZ | C. Puertas,media,INABIO
5429,1840502,registro,institucion o proyecto en el campo de colector,recordedBy,QCAZ | C. Puertas,media,INABIO
5430,1840503,registro,institucion o proyecto en el campo de colector,recordedBy,QCAZ | C. Puertas,media,INABIO
5431,1840504,registro,institucion o proyecto en el campo de colector,recordedBy,QCAZ | C. Puertas,media,INABIO
5432,1840505,registro,institucion o proyecto en el campo de colector,recordedBy,QCAZ | C. Puertas,media,INABIO
5433,1840506,registro,institucion o proyecto en el campo de colector,recordedBy,QCAZ | C. Puertas,media,INABIO
5434,1840507,registro,institucion o proyecto en el campo de colector,recordedBy,QCAZ,media,INABIO
5435,1840508,registro,institucion o proyecto en el campo de colector,recordedBy,QCAZ | C. Puertas,media,INABIO
5436,1840509,registro,institucion o proyecto en el campo de colector,recordedBy,QCAZ | C. Puertas,media,INABIO
5437,1840510,registro,institucion o proyecto en el campo de colector,recordedBy,QCAZ | C. Puertas,media,INABIO
5438,1840511,registro,institucion o proyecto en el campo de colector,recordedBy,QCAZ | C. Puertas,media,INABIO
5439,1840512,registro,institucion o proyecto en el campo de colector,recordedBy,QCAZ,media,INABIO
5440,1840513,registro,institucion o proyecto en el campo de colector,recordedBy,QCAZ | C. Puertas,media,INABIO
5441,1840514,registro,institucion o proyecto en el campo de colector,recordedBy,QCAZ,media,INABIO
5442,1840515,registro,institucion o proyecto en el campo de colector,recordedBy,QCAZ,media,INABIO
5443,1840516,registro,institucion o proyecto en el campo de colector,recordedBy,QCAZ,media,INABIO
5444,1840517,registro,institucion o proyecto en el campo de colector,recordedBy,QCAZ,media,INABIO
5445,1840518,registro,institucion o proyecto en el campo de colector,recordedBy,QCAZ,media,INABIO
5446,1840519,registro,institucion o proyecto en el campo de colector,recordedBy,QCAZ,media,INABIO
5447,1840520,registro,institucion o proyecto en el campo de colector,recordedBy,QCAZ | C. Puertas,media,INABIO
5448,1840521,registro,institucion o proyecto en el campo de colector,recordedBy,QCAZ,media,INABIO
5449,1840522,registro,institucion o proyecto en el campo de colector,recordedBy,QCAZ,media,INABIO
5450,1840523,registro,institucion o proyecto en el campo de colector,recordedBy,QCAZ | R. Boada,media,INABIO
5451,1840524,registro,institucion o proyecto en el campo de colector,recordedBy,QCAZ,media,INABIO
5452,1840525,registro,institucion o proyecto en el campo de colector,recordedBy,QCAZ,media,INABIO
5453,1840526,registro,institucion o proyecto en el campo de colector,recordedBy,QCAZ,media,INABIO
5454,1840527,registro,institucion o proyecto en el campo de colector,recordedBy,QCAZ,media,INABIO
5455,1840528,registro,institucion o proyecto en el campo de colector,recordedBy,QCAZ,media,INABIO
5456,1840529,registro,institucion o proyecto en el campo de colector,recordedBy,QCAZ | C. Puertas,media,INABIO
5457,1840530,registro,institucion o proyecto en el campo de colector,recordedBy,QCAZ | C. Puertas,media,INABIO
5458,1840531,registro,institucion o proyecto en el campo de colector,recordedBy,QCAZ | C. Puertas,media,INABIO
5459,1840532,registro,institucion o proyecto en el campo de colector,recordedBy,QCAZ | C. Puertas,media,INABIO
5460,1840533,registro,institucion o proyecto en el campo de colector,recordedBy,QCAZ | C. Puertas,media,INABIO
5461,1840534,registro,institucion o proyecto en el campo de colector,recordedBy,QCAZ | C. Puertas,media,INABIO
5462,1840535,registro,institucion o proyecto en el campo de colector,recordedBy,QCAZ,media,INABIO
5463,1840536,registro,institucion o proyecto en el campo de colector,recordedBy,QCAZ | C. Puertas,media,INABIO
5464,1840537,registro,institucion o proyecto en el campo de colector,recordedBy,QCAZ,media,INABIO
5465,1840538,registro,institucion o proyecto en el campo de colector,recordedBy,QCAZ,media,INABIO
5466,1840539,registro,institucion o proyecto en el campo de colector,recordedBy,QCAZ | C. Puertas,media,INABIO
5467,1840540,registro,institucion o proyecto en el campo de colector,recordedBy,QCAZ | C. Puertas,media,INABIO
5475,1840548,registro,institucion o proyecto en el campo de colector,recordedBy,QCAZ | C. Puertas,media,INABIO
5476,1840549,registro,institucion o proyecto en el campo de colector,recordedBy,QCAZ | C. Puertas,media,INABIO
5477,1840550,registro,institucion o proyecto en el campo de colector,recordedBy,QCAZ | C. Puertas,media,INABIO
5478,1840551,registro,institucion o proyecto en el campo de colector,recordedBy,QCAZ | F. Ayala | M. Wilkinson | D. Gower,media,INABIO
5479,1840552,registro,institucion o proyecto en el campo de colector,recordedBy,QCAZ,media,INABIO
5480,1840553,registro,institucion o proyecto en el campo de colector,recordedBy,QCAZ,media,INABIO
5481,1840554,registro,institucion o proyecto en el campo de colector,recordedBy,QCAZ | C. Puertas,media,INABIO
5482,1840555,registro,institucion o proyecto en el campo de colector,recordedBy,QCAZ | C. Puertas,media,INABIO
5483,1840556,registro,institucion o proyecto en el campo de colector,recordedBy,QCAZ | C. Puertas,media,INABIO
5484,1840557,registro,institucion o proyecto en el campo de colector,recordedBy,QCAZ | C. Puertas,media,INABIO
5485,1840558,registro,institucion o proyecto en el campo de colector,recordedBy,QCAZ,media,INABIO
5486,1840559,registro,institucion o proyecto en el campo de colector,recordedBy,QCAZ | C. Puertas,media,INABIO
5487,1840560,registro,institucion o proyecto en el campo de colector,recordedBy,QCAZ | C. Puertas,media,INABIO
5488,1840561,registro,institucion o proyecto en el campo de colector,recordedBy,QCAZ | C. Puertas,media,INABIO
5489,1840562,registro,institucion o proyecto en el campo de colector,recordedBy,QCAZ,media,INABIO
5490,1840563,registro,institucion o proyecto en el campo de colector,recordedBy,QCAZ | C. Puertas,media,INABIO
5491,1840564,registro,institucion o proyecto en el campo de colector,recordedBy,QCAZ | C. Puertas,media,INABIO
5493,1840566,registro,institucion o proyecto en el campo de colector,recordedBy,QCAZ | C. Puertas,media,INABIO
5494,1840567,registro,institucion o proyecto en el campo de colector,recordedBy,QCAZ,media,INABIO
5495,1840568,registro,institucion o proyecto en el campo de colector,recordedBy,QCAZ,media,INABIO
5496,1840569,registro,institucion o proyecto en el campo de colector,recordedBy,QCAZ,media,INABIO
5497,1840570,registro,institucion o proyecto en el campo de colector,recordedBy,QCAZ,media,INABIO
5498,1840571,registro,institucion o proyecto en el campo de colector,recordedBy,QCAZ,media,INABIO
5499,1840572,registro,institucion o proyecto en el campo de colector,recordedBy,QCAZ,media,INABIO
5500,1840573,registro,institucion o proyecto en el campo de colector,recordedBy,QCAZ,media,INABIO
5501,1840574,registro,institucion o proyecto en el campo de colector,recordedBy,QCAZ,media,INABIO
5502,1840575,registro,institucion o proyecto en el campo de colector,recordedBy,QCAZ | C. Puertas,media,INABIO
5503,1840576,registro,institucion o proyecto en el campo de colector,recordedBy,QCAZ,media,INABIO
5504,1840577,registro,institucion o proyecto en el campo de colector,recordedBy,QCAZ | C. Puertas,media,INABIO
5505,1840578,registro,institucion o proyecto en el campo de colector,recordedBy,QCAZ | C. Puertas,media,INABIO
5506,1840579,registro,institucion o proyecto en el campo de colector,recordedBy,QCAZ | C. Puertas,media,INABIO
5507,1840580,registro,institucion o proyecto en el campo de colector,recordedBy,QCAZ | C. Puertas,media,INABIO
5508,1840581,registro,institucion o proyecto en el campo de colector,recordedBy,QCAZ | C. Puertas,media,INABIO
5509,1840582,registro,institucion o proyecto en el campo de colector,recordedBy,QCAZ | C. Puertas,media,INABIO
5510,1840583,registro,institucion o proyecto en el campo de colector,recordedBy,QCAZ,media,INABIO
5511,1840584,registro,institucion o proyecto en el campo de colector,recordedBy,QCAZ,media,INABIO
5512,1840585,registro,institucion o proyecto en el campo de colector,recordedBy,QCAZ,media,INABIO
5513,1840586,registro,institucion o proyecto en el campo de colector,recordedBy,QCAZ,media,INABIO
5514,1840587,registro,institucion o proyecto en el campo de colector,recordedBy,QCAZ,media,INABIO
5515,1840588,registro,institucion o proyecto en el campo de colector,recordedBy,QCAZ | C. Puertas,media,INABIO
5516,1840589,registro,institucion o proyecto en el campo de colector,recordedBy,QCAZ | C. Puertas,media,INABIO
5517,1840590,registro,institucion o proyecto en el campo de colector,recordedBy,QCAZ,media,INABIO
5518,1840591,registro,institucion o proyecto en el campo de colector,recordedBy,QCAZ,media,INABIO
5519,1840592,registro,institucion o proyecto en el campo de colector,recordedBy,QCAZ,media,INABIO
5520,1840593,registro,institucion o proyecto en el campo de colector,recordedBy,QCAZ,media,INABIO
5521,1840594,registro,institucion o proyecto en el campo de colector,recordedBy,QCAZ,media,INABIO
5522,1840595,registro,institucion o proyecto en el campo de colector,recordedBy,QCAZ,media,INABIO
5523,1840596,registro,institucion o proyecto en el campo de colector,recordedBy,QCAZ,media,INABIO
5524,1840597,registro,institucion o proyecto en el campo de colector,recordedBy,QCAZ,media,INABIO
5525,1840598,registro,institucion o proyecto en el campo de colector,recordedBy,QCAZ,media,INABIO
5526,1840599,registro,institucion o proyecto en el campo de colector,recordedBy,QCAZ,media,INABIO
5527,1840600,registro,institucion o proyecto en el campo de colector,recordedBy,QCAZ,media,INABIO
5528,1840601,registro,institucion o proyecto en el campo de colector,recordedBy,QCAZ,media,INABIO
5529,1840602,registro,institucion o proyecto en el campo de colector,recordedBy,QCAZ,media,INABIO
5530,1840603,registro,institucion o proyecto en el campo de colector,recordedBy,QCAZ,media,INABIO
5531,1840604,registro,institucion o proyecto en el campo de colector,recordedBy,QCAZ,media,INABIO
5532,1840605,registro,institucion o proyecto en el campo de colector,recordedBy,QCAZ | C. Puertas,media,INABIO
5533,1840606,registro,institucion o proyecto en el campo de colector,recordedBy,QCAZ | C. Puertas,media,INABIO
5534,1840607,registro,institucion o proyecto en el campo de colector,recordedBy,QCAZ | C. Puertas,media,INABIO
5535,1840608,registro,institucion o proyecto en el campo de colector,recordedBy,QCAZ,media,INABIO
5537,1840610,registro,institucion o proyecto en el campo de colector,recordedBy,QCAZ,media,INABIO
5538,1840611,registro,institucion o proyecto en el campo de colector,recordedBy,QCAZ,media,INABIO
5539,1840612,registro,institucion o proyecto en el campo de colector,recordedBy,QCAZ,media,INABIO
5540,1840613,registro,institucion o proyecto en el campo de colector,recordedBy,QCAZ,media,INABIO
5541,1840614,registro,institucion o proyecto en el campo de colector,recordedBy,QCAZ,media,INABIO
5542,1840615,registro,institucion o proyecto en el campo de colector,recordedBy,QCAZ,media,INABIO
5543,1840616,registro,institucion o proyecto en el campo de colector,recordedBy,QCAZ,media,INABIO
5544,1840617,registro,institucion o proyecto en el campo de colector,recordedBy,QCAZ,media,INABIO
5545,1840618,registro,institucion o proyecto en el campo de colector,recordedBy,QCAZ,media,INABIO
5546,1840619,registro,institucion o proyecto en el campo de colector,recordedBy,QCAZ,media,INABIO
5547,1840620,registro,institucion o proyecto en el campo de colector,recordedBy,QCAZ,media,INABIO
5548,1840621,registro,institucion o proyecto en el campo de colector,recordedBy,QCAZ,media,INABIO
5549,1840622,registro,institucion o proyecto en el campo de colector,recordedBy,QCAZ,media,INABIO
5555,1840628,registro,institucion o proyecto en el campo de colector,recordedBy,QCAZ,media,INABIO
5556,1840629,registro,institucion o proyecto en el campo de colector,recordedBy,QCAZ,media,INABIO
5558,1840631,registro,institucion o proyecto en el campo de colector,recordedBy,QCAZ,media,INABIO
5559,1840632,registro,institucion o proyecto en el campo de colector,recordedBy,QCAZ,media,INABIO
5560,1840633,registro,institucion o proyecto en el campo de colector,recordedBy,QCAZ,media,INABIO
5561,1840634,registro,institucion o proyecto en el campo de colector,recordedBy,QCAZ,media,INABIO
5562,1840635,registro,institucion o proyecto en el campo de colector,recordedBy,QCAZ,media,INABIO
5563,1840636,registro,institucion o proyecto en el campo de colector,recordedBy,QCAZ,media,INABIO
5564,1840637,registro,institucion o proyecto en el campo de colector,recordedBy,QCAZ,media,INABIO
5565,1840638,registro,institucion o proyecto en el campo de colector,recordedBy,QCAZ,media,INABIO
5566,1840639,registro,institucion o proyecto en el campo de colector,recordedBy,QCAZ,media,INABIO
5567,1840640,registro,institucion o proyecto en el campo de colector,recordedBy,QCAZ,media,INABIO
5568,1840664,registro,institucion o proyecto en el campo de colector,recordedBy,QCAZ,media,INABIO
5570,1840666,registro,institucion o proyecto en el campo de colector,recordedBy,QCAZ,media,INABIO
5571,1840667,registro,institucion o proyecto en el campo de colector,recordedBy,QCAZ,media,INABIO
5572,1840668,registro,institucion o proyecto en el campo de colector,recordedBy,QCAZ,media,INABIO
5573,1840669,registro,institucion o proyecto en el campo de colector,recordedBy,QCAZ,media,INABIO
5574,1840670,registro,institucion o proyecto en el campo de colector,recordedBy,QCAZ,media,INABIO
5575,1840671,registro,institucion o proyecto en el campo de colector,recordedBy,QCAZ,media,INABIO
5576,1840672,registro,institucion o proyecto en el campo de colector,recordedBy,QCAZ,media,INABIO
5577,1840673,registro,institucion o proyecto en el campo de colector,recordedBy,QCAZ,media,INABIO
5578,1840674,registro,institucion o proyecto en el campo de colector,recordedBy,QCAZ,media,INABIO
5579,1840675,registro,institucion o proyecto en el campo de colector,recordedBy,QCAZ,media,INABIO
5580,1840676,registro,institucion o proyecto en el campo de colector,recordedBy,QCAZ,media,INABIO
5581,1840677,registro,institucion o proyecto en el campo de colector,recordedBy,QCAZ,media,INABIO
5582,1840678,registro,institucion o proyecto en el campo de colector,recordedBy,QCAZ,media,INABIO
5583,1840679,registro,institucion o proyecto en el campo de colector,recordedBy,QCAZ,media,INABIO
5584,1840680,registro,institucion o proyecto en el campo de colector,recordedBy,QCAZ,media,INABIO
5585,1840681,registro,institucion o proyecto en el campo de colector,recordedBy,QCAZ,media,INABIO
5586,1840682,registro,institucion o proyecto en el campo de colector,recordedBy,QCAZ,media,INABIO
5587,1840683,registro,institucion o proyecto en el campo de colector,recordedBy,QCAZ,media,INABIO
5588,1840684,registro,institucion o proyecto en el campo de colector,recordedBy,QCAZ,media,INABIO
5589,1840685,registro,institucion o proyecto en el campo de colector,recordedBy,QCAZ,media,INABIO
5590,1840686,registro,institucion o proyecto en el campo de colector,recordedBy,QCAZ,media,INABIO
5591,1840687,registro,institucion o proyecto en el campo de colector,recordedBy,QCAZ,media,INABIO
5592,1840688,registro,institucion o proyecto en el campo de colector,recordedBy,QCAZ,media,INABIO
5593,1840689,registro,institucion o proyecto en el campo de colector,recordedBy,QCAZ,media,INABIO
5594,1840690,registro,institucion o proyecto en el campo de colector,recordedBy,QCAZ,media,INABIO
5595,1840691,registro,institucion o proyecto en el campo de colector,recordedBy,QCAZ,media,INABIO
5596,1840692,registro,institucion o proyecto en el campo de colector,recordedBy,QCAZ,media,INABIO
5597,1840693,registro,institucion o proyecto en el campo de colector,recordedBy,QCAZ,media,INABIO
5598,1840694,registro,institucion o proyecto en el campo de colector,recordedBy,QCAZ,media,INABIO
5599,1840695,registro,institucion o proyecto en el campo de colector,recordedBy,QCAZ,media,INABIO
5600,1840696,registro,institucion o proyecto en el campo de colector,recordedBy,QCAZ,media,INABIO
5601,1840697,registro,institucion o proyecto en el campo de colector,recordedBy,QCAZ,media,INABIO
5602,1840698,registro,institucion o proyecto en el campo de colector,recordedBy,QCAZ,media,INABIO
5603,1840699,registro,institucion o proyecto en el campo de colector,recordedBy,QCAZ,media,INABIO
5604,1840700,registro,institucion o proyecto en el campo de colector,recordedBy,QCAZ,media,INABIO
5605,1840701,registro,institucion o proyecto en el campo de colector,recordedBy,QCAZ,media,INABIO
5606,1840702,registro,institucion o proyecto en el campo de colector,recordedBy,QCAZ,media,INABIO
5607,1840703,registro,institucion o proyecto en el campo de colector,recordedBy,QCAZ,media,INABIO
5608,1840704,registro,institucion o proyecto en el campo de colector,recordedBy,QCAZ,media,INABIO
5609,1840705,registro,institucion o proyecto en el campo de colector,recordedBy,QCAZ,media,INABIO
5610,1840706,registro,institucion o proyecto en el campo de colector,recordedBy,QCAZ,media,INABIO
5611,1840707,registro,institucion o proyecto en el campo de colector,recordedBy,QCAZ,media,INABIO
5612,1840708,registro,institucion o proyecto en el campo de colector,recordedBy,QCAZ,media,INABIO
5613,1840709,registro,institucion o proyecto en el campo de colector,recordedBy,QCAZ,media,INABIO
5614,1840710,registro,institucion o proyecto en el campo de colector,recordedBy,QCAZ,media,INABIO
5615,1840711,registro,institucion o proyecto en el campo de colector,recordedBy,QCAZ,media,INABIO
5616,1840712,registro,institucion o proyecto en el campo de colector,recordedBy,QCAZ,media,INABIO
5617,1840713,registro,institucion o proyecto en el campo de colector,recordedBy,QCAZ,media,INABIO
5618,1840714,registro,institucion o proyecto en el campo de colector,recordedBy,QCAZ,media,INABIO
5619,1840715,registro,institucion o proyecto en el campo de colector,recordedBy,QCAZ,media,INABIO
5620,1840716,registro,institucion o proyecto en el campo de colector,recordedBy,QCAZ,media,INABIO
5621,1840717,registro,institucion o proyecto en el campo de colector,recordedBy,QCAZ,media,INABIO
5622,1840718,registro,institucion o proyecto en el campo de colector,recordedBy,QCAZ,media,INABIO
5623,1840719,registro,institucion o proyecto en el campo de colector,recordedBy,QCAZ,media,INABIO
5624,1840720,registro,institucion o proyecto en el campo de colector,recordedBy,QCAZ,media,INABIO
5625,1840721,registro,institucion o proyecto en el campo de colector,recordedBy,QCAZ,media,INABIO
5626,1840722,registro,institucion o proyecto en el campo de colector,recordedBy,QCAZ,media,INABIO
5627,1840723,registro,institucion o proyecto en el campo de colector,recordedBy,QCAZ,media,INABIO
5628,1840724,registro,institucion o proyecto en el campo de colector,recordedBy,QCAZ,media,INABIO
5629,1840725,registro,institucion o proyecto en el campo de colector,recordedBy,QCAZ,media,INABIO
5630,1840726,registro,institucion o proyecto en el campo de colector,recordedBy,QCAZ,media,INABIO
5631,1840727,registro,institucion o proyecto en el campo de colector,recordedBy,QCAZ,media,INABIO
5632,1840728,registro,institucion o proyecto en el campo de colector,recordedBy,QCAZ,media,INABIO
5633,1840729,registro,institucion o proyecto en el campo de colector,recordedBy,QCAZ,media,INABIO
5634,1840730,registro,institucion o proyecto en el campo de colector,recordedBy,QCAZ,media,INABIO
5635,1840731,registro,institucion o proyecto en el campo de colector,recordedBy,QCAZ | N. Montalvo | Carmen Ortega,media,INABIO
5636,1840732,registro,institucion o proyecto en el campo de colector,recordedBy,QCAZ,media,INABIO
5637,1840733,registro,institucion o proyecto en el campo de colector,recordedBy,QCAZ,media,INABIO
5638,1840734,registro,institucion o proyecto en el campo de colector,recordedBy,QCAZ,media,INABIO
5639,1840735,registro,institucion o proyecto en el campo de colector,recordedBy,QCAZ,media,INABIO
5640,1840736,registro,institucion o proyecto en el campo de colector,recordedBy,QCAZ,media,INABIO
5641,1840737,registro,institucion o proyecto en el campo de colector,recordedBy,QCAZ,media,INABIO
5642,1840738,registro,institucion o proyecto en el campo de colector,recordedBy,QCAZ,media,INABIO
5643,1840739,registro,institucion o proyecto en el campo de colector,recordedBy,QCAZ,media,INABIO
5644,1840740,registro,institucion o proyecto en el campo de colector,recordedBy,QCAZ,media,INABIO
5645,1840741,registro,institucion o proyecto en el campo de colector,recordedBy,QCAZ,media,INABIO
5646,1840742,registro,institucion o proyecto en el campo de colector,recordedBy,QCAZ,media,INABIO
5647,1840743,registro,institucion o proyecto en el campo de colector,recordedBy,QCAZ,media,INABIO
5648,1840744,registro,institucion o proyecto en el campo de colector,recordedBy,QCAZ,media,INABIO
5649,1840745,registro,institucion o proyecto en el campo de colector,recordedBy,QCAZ,media,INABIO
5650,1840746,registro,institucion o proyecto en el campo de colector,recordedBy,QCAZ,media,INABIO
5651,1840747,registro,institucion o proyecto en el campo de colector,recordedBy,QCAZ,media,INABIO
5652,1840748,registro,institucion o proyecto en el campo de colector,recordedBy,QCAZ,media,INABIO
5653,1840749,registro,institucion o proyecto en el campo de colector,recordedBy,QCAZ,media,INABIO
5654,1840750,registro,institucion o proyecto en el campo de colector,recordedBy,QCAZ,media,INABIO
5655,1840751,registro,institucion o proyecto en el campo de colector,recordedBy,QCAZ,media,INABIO
5656,1840752,registro,institucion o proyecto en el campo de colector,recordedBy,QCAZ,media,INABIO
5657,1840753,registro,institucion o proyecto en el campo de colector,recordedBy,QCAZ,media,INABIO
5658,1840754,registro,institucion o proyecto en el campo de colector,recordedBy,QCAZ,media,INABIO
5659,1840755,registro,institucion o proyecto en el campo de colector,recordedBy,QCAZ,media,INABIO
5660,1840756,registro,institucion o proyecto en el campo de colector,recordedBy,QCAZ,media,INABIO
5661,1840757,registro,institucion o proyecto en el campo de colector,recordedBy,QCAZ,media,INABIO
5662,1840758,registro,institucion o proyecto en el campo de colector,recordedBy,QCAZ,media,INABIO
5663,1840759,registro,institucion o proyecto en el campo de colector,recordedBy,QCAZ,media,INABIO
5664,1840760,registro,institucion o proyecto en el campo de colector,recordedBy,QCAZ,media,INABIO
5665,1840761,registro,institucion o proyecto en el campo de colector,recordedBy,QCAZ,media,INABIO
5666,1840762,registro,institucion o proyecto en el campo de colector,recordedBy,QCAZ,media,INABIO
5667,1840763,registro,institucion o proyecto en el campo de colector,recordedBy,QCAZ,media,INABIO
5669,1840765,registro,institucion o proyecto en el campo de colector,recordedBy,QCAZ,media,INABIO
5670,1840766,registro,institucion o proyecto en el campo de colector,recordedBy,QCAZ,media,INABIO
5671,1840767,registro,institucion o proyecto en el campo de colector,recordedBy,QCAZ,media,INABIO
5672,1840768,registro,institucion o proyecto en el campo de colector,recordedBy,QCAZ,media,INABIO
5674,1840770,registro,institucion o proyecto en el campo de colector,recordedBy,QCAZ,media,INABIO
5675,1840771,registro,institucion o proyecto en el campo de colector,recordedBy,QCAZ,media,INABIO
5676,1840772,registro,institucion o proyecto en el campo de colector,recordedBy,QCAZ,media,INABIO
5677,1840773,registro,institucion o proyecto en el campo de colector,recordedBy,QCAZ,media,INABIO
5678,1840774,registro,institucion o proyecto en el campo de colector,recordedBy,QCAZ,media,INABIO
5679,1840775,registro,institucion o proyecto en el campo de colector,recordedBy,QCAZ,media,INABIO
5680,1840776,registro,institucion o proyecto en el campo de colector,recordedBy,QCAZ,media,INABIO
5681,1840777,registro,institucion o proyecto en el campo de colector,recordedBy,QCAZ,media,INABIO
5682,1840778,registro,institucion o proyecto en el campo de colector,recordedBy,QCAZ,media,INABIO
5683,1840779,registro,institucion o proyecto en el campo de colector,recordedBy,QCAZ,media,INABIO
5685,1840781,registro,institucion o proyecto en el campo de colector,recordedBy,QCAZ,media,INABIO
5686,1840782,registro,institucion o proyecto en el campo de colector,recordedBy,QCAZ,media,INABIO
5688,1840784,registro,institucion o proyecto en el campo de colector,recordedBy,QCAZ | Yarlnyn Jaramillo,media,INABIO
5689,1840785,registro,institucion o proyecto en el campo de colector,recordedBy,QCAZ | Fausto Ulloa | Sara Gutiérrez | M. Peñaherera | Agusto Córdova,media,INABIO
5690,1840786,registro,institucion o proyecto en el campo de colector,recordedBy,QCAZ | Catalina Molina,media,INABIO
5691,1840787,registro,institucion o proyecto en el campo de colector,recordedBy,QCAZ | Patricia Ojeda,media,INABIO
5692,1840788,registro,institucion o proyecto en el campo de colector,recordedBy,QCAZ | Franklin Pasquel,media,INABIO
5693,1840789,registro,institucion o proyecto en el campo de colector,recordedBy,QCAZ | Edwin Carrilo,media,INABIO
5694,1840790,registro,institucion o proyecto en el campo de colector,recordedBy,QCAZ | Patricia Paredes,media,INABIO
5695,1840791,registro,institucion o proyecto en el campo de colector,recordedBy,QCAZ | Paúl Ramírez | Jenny Naranjo | Luis Coloma,media,INABIO
5696,1840792,registro,institucion o proyecto en el campo de colector,recordedBy,QCAZ,media,INABIO
5697,1840793,registro,institucion o proyecto en el campo de colector,recordedBy,QCAZ,media,INABIO
5698,1840794,registro,institucion o proyecto en el campo de colector,recordedBy,QCAZ | R. Boada | Agusta Córdova,media,INABIO
5699,1840795,registro,institucion o proyecto en el campo de colector,recordedBy,QCAZ | Rodríguez,media,INABIO
5700,1840796,registro,institucion o proyecto en el campo de colector,recordedBy,QCAZ,media,INABIO
5701,1840797,registro,institucion o proyecto en el campo de colector,recordedBy,QCAZ | José Córdova,media,INABIO
5702,1840798,registro,institucion o proyecto en el campo de colector,recordedBy,QCAZ | A. Galarza | Consuelo Hernández,media,INABIO
5703,1840799,registro,institucion o proyecto en el campo de colector,recordedBy,QCAZ | Rafael Narváez,media,INABIO
5704,1840800,registro,institucion o proyecto en el campo de colector,recordedBy,QCAZ,media,INABIO
5707,1840803,registro,institucion o proyecto en el campo de colector,recordedBy,QCAZ | M. Sánchez,media,INABIO
5708,1840804,registro,institucion o proyecto en el campo de colector,recordedBy,QCAZ,media,INABIO
5709,1840805,registro,institucion o proyecto en el campo de colector,recordedBy,QCAZ | G. Mosquera,media,INABIO
5710,1840806,registro,institucion o proyecto en el campo de colector,recordedBy,QCAZ | Jannet Gómez,media,INABIO
5711,1840807,registro,institucion o proyecto en el campo de colector,recordedBy,QCAZ | S. Vinueza,media,INABIO
5712,1840808,registro,institucion o proyecto en el campo de colector,recordedBy,QCAZ | Patricia Ojeda,media,INABIO
5713,1840809,registro,institucion o proyecto en el campo de colector,recordedBy,QCAZ | Raúl Ramírez | Jenny Naranjo | Luis Coloma,media,INABIO
5714,1840810,registro,institucion o proyecto en el campo de colector,recordedBy,QCAZ | Sara Abril,media,INABIO
5715,1840811,registro,institucion o proyecto en el campo de colector,recordedBy,QCAZ,media,INABIO
5716,1840812,registro,institucion o proyecto en el campo de colector,recordedBy,QCAZ | Patricia Ojeda,media,INABIO
5717,1840813,registro,institucion o proyecto en el campo de colector,recordedBy,QCAZ | M. Cárdenas,media,INABIO
5718,1840814,registro,institucion o proyecto en el campo de colector,recordedBy,QCAZ | M. Larrega,media,INABIO
5719,1840815,registro,institucion o proyecto en el campo de colector,recordedBy,QCAZ | M. Sánchez,media,INABIO
5720,1840816,registro,institucion o proyecto en el campo de colector,recordedBy,QCAZ | L. Coloma | R. Ramírez,media,INABIO
5721,1840817,registro,institucion o proyecto en el campo de colector,recordedBy,QCAZ | L. Coloma | R. Ramírez,media,INABIO
5722,1840818,registro,institucion o proyecto en el campo de colector,recordedBy,QCAZ | Patricia Ojeda,media,INABIO
5723,1840819,registro,institucion o proyecto en el campo de colector,recordedBy,QCAZ | C. Vásquez,media,INABIO
5724,1840820,registro,institucion o proyecto en el campo de colector,recordedBy,QCAZ | Patricia Ojeda,media,INABIO
5725,1840821,registro,institucion o proyecto en el campo de colector,recordedBy,QCAZ | Patricia Ojeda,media,INABIO
5726,1840822,registro,institucion o proyecto en el campo de colector,recordedBy,QCAZ | C. Vásquez,media,INABIO
5727,1840823,registro,institucion o proyecto en el campo de colector,recordedBy,QCAZ | C. Vásquez,media,INABIO
5728,1840824,registro,institucion o proyecto en el campo de colector,recordedBy,QCAZ | L. Coloma | R. Ramírez,media,INABIO
5729,1840825,registro,institucion o proyecto en el campo de colector,recordedBy,QCAZ | Ruth Boada,media,INABIO
5730,1840826,registro,institucion o proyecto en el campo de colector,recordedBy,QCAZ | S. Abril,media,INABIO
5731,1840827,registro,institucion o proyecto en el campo de colector,recordedBy,QCAZ | Patricia Ojeda,media,INABIO
5732,1840828,registro,institucion o proyecto en el campo de colector,recordedBy,QCAZ | Mario Grijalba,media,INABIO
5733,1840829,registro,institucion o proyecto en el campo de colector,recordedBy,QCAZ | Consuelo Hernández | S. Paredes,media,INABIO
5734,1840830,registro,institucion o proyecto en el campo de colector,recordedBy,QCAZ | Rafael Narváez,media,INABIO
5735,1840831,registro,institucion o proyecto en el campo de colector,recordedBy,QCAZ | F. Ulloa | A. Córdova | S. Peñaherrera | A. Guiterez,media,INABIO
5736,1840832,registro,institucion o proyecto en el campo de colector,recordedBy,QCAZ | M. E. Sánchez | Rafael Narváez,media,INABIO
5737,1840833,registro,institucion o proyecto en el campo de colector,recordedBy,QCAZ | Patricia Ojeda | Paola Leone,media,INABIO
5738,1840834,registro,institucion o proyecto en el campo de colector,recordedBy,QCAZ | J. Córdova,media,INABIO
5739,1840835,registro,institucion o proyecto en el campo de colector,recordedBy,QCAZ | Patricia Ojeda,media,INABIO
5740,1840836,registro,institucion o proyecto en el campo de colector,recordedBy,QCAZ | Rossana Manosalva,media,INABIO
5741,1840837,registro,institucion o proyecto en el campo de colector,recordedBy,QCAZ | J. Puentes,media,INABIO
5742,1840838,registro,institucion o proyecto en el campo de colector,recordedBy,QCAZ | Patricia Ojeda,media,INABIO
5743,1840839,registro,institucion o proyecto en el campo de colector,recordedBy,QCAZ,media,INABIO
5744,1840840,registro,institucion o proyecto en el campo de colector,recordedBy,QCAZ | M. Gaybor,media,INABIO
5745,1840841,registro,institucion o proyecto en el campo de colector,recordedBy,QCAZ | Patricia Paredes,media,INABIO
5746,1840842,registro,institucion o proyecto en el campo de colector,recordedBy,QCAZ | S. Cazar,media,INABIO
5747,1840843,registro,institucion o proyecto en el campo de colector,recordedBy,QCAZ | Franklin Pasquel,media,INABIO
5748,1840844,registro,institucion o proyecto en el campo de colector,recordedBy,QCAZ | Catalina Molina | Franklin Mano,media,INABIO
5749,1840845,registro,institucion o proyecto en el campo de colector,recordedBy,QCAZ | Margarita Gaybor,media,INABIO
5750,1840846,registro,institucion o proyecto en el campo de colector,recordedBy,QCAZ | M. G. Sánchez,media,INABIO
5751,1840847,registro,institucion o proyecto en el campo de colector,recordedBy,QCAZ | Jorge Campaña,media,INABIO
5752,1840848,registro,institucion o proyecto en el campo de colector,recordedBy,QCAZ | P. Paredes,media,INABIO
5753,1840849,registro,institucion o proyecto en el campo de colector,recordedBy,QCAZ | Ma. Serena | Rosa Manosalva | Sara Gutiérrez | Fausto Ulloa,media,INABIO
5754,1840850,registro,institucion o proyecto en el campo de colector,recordedBy,QCAZ | M. E. Sánchez,media,INABIO
5755,1840851,registro,institucion o proyecto en el campo de colector,recordedBy,QCAZ | S. Paredes,media,INABIO
5756,1840852,registro,institucion o proyecto en el campo de colector,recordedBy,QCAZ | Jorge Campaña,media,INABIO
5757,1840853,registro,institucion o proyecto en el campo de colector,recordedBy,QCAZ | Franklin Pasquel,media,INABIO
5758,1840854,registro,institucion o proyecto en el campo de colector,recordedBy,QCAZ | G. Mosquera,media,INABIO
5759,1840855,registro,institucion o proyecto en el campo de colector,recordedBy,QCAZ | N. Montalvo,media,INABIO
5760,1840856,registro,institucion o proyecto en el campo de colector,recordedBy,QCAZ | Nancy Troya,media,INABIO
5761,1840857,registro,institucion o proyecto en el campo de colector,recordedBy,QCAZ | Rossana Manosalva,media,INABIO
5762,1840858,registro,institucion o proyecto en el campo de colector,recordedBy,QCAZ | Franklin Pasquel,media,INABIO
5763,1840859,registro,institucion o proyecto en el campo de colector,recordedBy,QCAZ | Franklin Pasquel,media,INABIO
5764,1840860,registro,institucion o proyecto en el campo de colector,recordedBy,QCAZ | Franklin Pasquel,media,INABIO
5765,1840861,registro,institucion o proyecto en el campo de colector,recordedBy,QCAZ | N. Montalvo,media,INABIO
5766,1840862,registro,institucion o proyecto en el campo de colector,recordedBy,QCAZ | P. Yánez,media,INABIO
5767,1840863,registro,institucion o proyecto en el campo de colector,recordedBy,QCAZ | M. E. Sánchez,media,INABIO
5768,1840864,registro,institucion o proyecto en el campo de colector,recordedBy,QCAZ | Franklin Pasquel,media,INABIO
5769,1840865,registro,institucion o proyecto en el campo de colector,recordedBy,QCAZ | Patricia Paredes,media,INABIO
5770,1840866,registro,institucion o proyecto en el campo de colector,recordedBy,QCAZ | Ruth Boada | M. A. Galarza,media,INABIO
5771,1840867,registro,institucion o proyecto en el campo de colector,recordedBy,QCAZ | Franklin Pasquel,media,INABIO
5772,1840868,registro,institucion o proyecto en el campo de colector,recordedBy,QCAZ | Jorge Campaña | S. Paredes,media,INABIO
5773,1840869,registro,institucion o proyecto en el campo de colector,recordedBy,QCAZ | Patricia Paredes,media,INABIO
5774,1840870,registro,institucion o proyecto en el campo de colector,recordedBy,QCAZ | Sara Abril,media,INABIO
5775,1840871,registro,institucion o proyecto en el campo de colector,recordedBy,QCAZ | Sara Abril,media,INABIO
5776,1840872,registro,institucion o proyecto en el campo de colector,recordedBy,QCAZ | M. E. Sánchez,media,INABIO
5777,1840873,registro,institucion o proyecto en el campo de colector,recordedBy,QCAZ | Luis Coloma | Jenny Naranjo | Raúl Ramírez,media,INABIO
5778,1840874,registro,institucion o proyecto en el campo de colector,recordedBy,QCAZ | Luis Coloma | Jenny Naranjo | Raúl Ramírez,media,INABIO
5779,1840875,registro,institucion o proyecto en el campo de colector,recordedBy,QCAZ | M. E. Sánchez,media,INABIO
5780,1840876,registro,institucion o proyecto en el campo de colector,recordedBy,QCAZ | M. E. Sánchez,media,INABIO
5781,1840877,registro,institucion o proyecto en el campo de colector,recordedBy,QCAZ | Jorge Córdova,media,INABIO
5782,1840878,registro,institucion o proyecto en el campo de colector,recordedBy,QCAZ | N. Montalvo,media,INABIO
5783,1840879,registro,institucion o proyecto en el campo de colector,recordedBy,QCAZ | D. Sánchez,media,INABIO
5784,1840880,registro,institucion o proyecto en el campo de colector,recordedBy,QCAZ | D. Sánchez,media,INABIO
5785,1840881,registro,institucion o proyecto en el campo de colector,recordedBy,QCAZ | Jorge Córdova,media,INABIO
5786,1840882,registro,institucion o proyecto en el campo de colector,recordedBy,QCAZ,media,INABIO
5787,1840883,registro,institucion o proyecto en el campo de colector,recordedBy,QCAZ,media,INABIO
5788,1840884,registro,institucion o proyecto en el campo de colector,recordedBy,QCAZ,media,INABIO
5789,1840885,registro,institucion o proyecto en el campo de colector,recordedBy,QCAZ | Nancy Troya,media,INABIO
5790,1840886,registro,institucion o proyecto en el campo de colector,recordedBy,QCAZ,media,INABIO
5791,1840887,registro,institucion o proyecto en el campo de colector,recordedBy,QCAZ,media,INABIO
5792,1840888,registro,institucion o proyecto en el campo de colector,recordedBy,QCAZ | M. H. López,media,INABIO
5793,1840889,registro,institucion o proyecto en el campo de colector,recordedBy,QCAZ,media,INABIO
5794,1840890,registro,institucion o proyecto en el campo de colector,recordedBy,QCAZ,media,INABIO
5795,1840891,registro,institucion o proyecto en el campo de colector,recordedBy,QCAZ,media,INABIO
5796,1840892,registro,institucion o proyecto en el campo de colector,recordedBy,QCAZ,media,INABIO
5797,1840893,registro,institucion o proyecto en el campo de colector,recordedBy,QCAZ,media,INABIO
5798,1840894,registro,institucion o proyecto en el campo de colector,recordedBy,QCAZ,media,INABIO
5811,1840907,registro,institucion o proyecto en el campo de colector,recordedBy,QCAZ,media,INABIO
5812,1840908,registro,institucion o proyecto en el campo de colector,recordedBy,QCAZ,media,INABIO
5813,1840909,registro,institucion o proyecto en el campo de colector,recordedBy,QCAZ,media,INABIO
5814,1840910,registro,institucion o proyecto en el campo de colector,recordedBy,QCAZ,media,INABIO
5815,1840911,registro,institucion o proyecto en el campo de colector,recordedBy,QCAZ,media,INABIO
5816,1840912,registro,institucion o proyecto en el campo de colector,recordedBy,QCAZ,media,INABIO
5817,1840913,registro,institucion o proyecto en el campo de colector,recordedBy,QCAZ,media,INABIO
5818,1840914,registro,institucion o proyecto en el campo de colector,recordedBy,QCAZ,media,INABIO
5819,1840915,registro,institucion o proyecto en el campo de colector,recordedBy,QCAZ,media,INABIO
5820,1840916,registro,institucion o proyecto en el campo de colector,recordedBy,QCAZ,media,INABIO
5821,1840917,registro,institucion o proyecto en el campo de colector,recordedBy,QCAZ,media,INABIO
5822,1840918,registro,institucion o proyecto en el campo de colector,recordedBy,QCAZ,media,INABIO
5823,1840919,registro,institucion o proyecto en el campo de colector,recordedBy,QCAZ,media,INABIO
5824,1840920,registro,institucion o proyecto en el campo de colector,recordedBy,QCAZ,media,INABIO
5825,1840921,registro,institucion o proyecto en el campo de colector,recordedBy,QCAZ,media,INABIO
5826,1840922,registro,institucion o proyecto en el campo de colector,recordedBy,QCAZ,media,INABIO
5827,1840923,registro,institucion o proyecto en el campo de colector,recordedBy,QCAZ,media,INABIO
5828,1840924,registro,institucion o proyecto en el campo de colector,recordedBy,QCAZ,media,INABIO
5829,1840925,registro,institucion o proyecto en el campo de colector,recordedBy,QCAZ,media,INABIO
5830,1840926,registro,institucion o proyecto en el campo de colector,recordedBy,QCAZ,media,INABIO
5831,1840927,registro,institucion o proyecto en el campo de colector,recordedBy,QCAZ,media,INABIO
5832,1840928,registro,institucion o proyecto en el campo de colector,recordedBy,QCAZ,media,INABIO
5833,1840929,registro,institucion o proyecto en el campo de colector,recordedBy,QCAZ,media,INABIO
5834,1840930,registro,institucion o proyecto en el campo de colector,recordedBy,QCAZ,media,INABIO
5835,1840931,registro,institucion o proyecto en el campo de colector,recordedBy,QCAZ,media,INABIO
5836,1840932,registro,institucion o proyecto en el campo de colector,recordedBy,QCAZ,media,INABIO
5837,1840933,registro,institucion o proyecto en el campo de colector,recordedBy,QCAZ,media,INABIO
5838,1840934,registro,institucion o proyecto en el campo de colector,recordedBy,QCAZ,media,INABIO
926,681643,registro,institucion o proyecto en el campo de colector,recordedBy,GLOWS,media,INABIO
927,681644,registro,institucion o proyecto en el campo de colector,recordedBy,GLOWS,media,INABIO
928,681645,registro,institucion o proyecto en el campo de colector,recordedBy,GLOWS,media,INABIO
929,681646,registro,institucion o proyecto en el campo de colector,recordedBy,GLOWS,media,INABIO
930,681648,registro,institucion o proyecto en el campo de colector,recordedBy,GLOWS,media,INABIO
931,681649,registro,institucion o proyecto en el campo de colector,recordedBy,GLOWS,media,INABIO
932,681650,registro,institucion o proyecto en el campo de colector,recordedBy,GLOWS,media,INABIO
933,681651,registro,institucion o proyecto en el campo de colector,recordedBy,GLOWS,media,INABIO
934,681652,registro,institucion o proyecto en el campo de colector,recordedBy,GLOWS,media,INABIO
935,681653,registro,institucion o proyecto en el campo de colector,recordedBy,GLOWS,media,INABIO
936,681654,registro,institucion o proyecto en el campo de colector,recordedBy,GLOWS,media,INABIO
937,681655,registro,institucion o proyecto en el campo de colector,recordedBy,GLOWS,media,INABIO
938,681656,registro,institucion o proyecto en el campo de colector,recordedBy,GLOWS,media,INABIO
939,681657,registro,institucion o proyecto en el campo de colector,recordedBy,GLOWS,media,INABIO
940,681659,registro,institucion o proyecto en el campo de colector,recordedBy,GLOWS,media,INABIO
941,681660,registro,institucion o proyecto en el campo de colector,recordedBy,GLOWS,media,INABIO
942,681661,registro,institucion o proyecto en el campo de colector,recordedBy,GLOWS,media,INABIO
943,681662,registro,institucion o proyecto en el campo de colector,recordedBy,GLOWS,media,INABIO
944,681663,registro,institucion o proyecto en el campo de colector,recordedBy,GLOWS,media,INABIO
945,681664,registro,institucion o proyecto en el campo de colector,recordedBy,GLOWS,media,INABIO
946,681665,registro,institucion o proyecto en el campo de colector,recordedBy,GLOWS,media,INABIO
947,681666,registro,institucion o proyecto en el campo de colector,recordedBy,GLOWS,media,INABIO
948,681667,registro,institucion o proyecto en el campo de colector,recordedBy,GLOWS,media,INABIO
949,681668,registro,institucion o proyecto en el campo de colector,recordedBy,GLOWS,media,INABIO
950,681670,registro,institucion o proyecto en el campo de colector,recordedBy,GLOWS,media,INABIO
951,681671,registro,institucion o proyecto en el campo de colector,recordedBy,GLOWS,media,INABIO
952,681672,registro,institucion o proyecto en el campo de colector,recordedBy,GLOWS,media,INABIO
953,681673,registro,institucion o proyecto en el campo de colector,recordedBy,GLOWS,media,INABIO
954,681674,registro,institucion o proyecto en el campo de colector,recordedBy,GLOWS,media,INABIO
955,681675,registro,institucion o proyecto en el campo de colector,recordedBy,GLOWS,media,INABIO
956,681676,registro,institucion o proyecto en el campo de colector,recordedBy,GLOWS,media,INABIO
957,681677,registro,institucion o proyecto en el campo de colector,recordedBy,GLOWS,media,INABIO
958,681678,registro,institucion o proyecto en el campo de colector,recordedBy,GLOWS,media,INABIO
959,681679,registro,institucion o proyecto en el campo de colector,recordedBy,GLOWS,media,INABIO
960,681681,registro,institucion o proyecto en el campo de colector,recordedBy,GLOWS,media,INABIO
961,681682,registro,institucion o proyecto en el campo de colector,recordedBy,GLOWS,media,INABIO
962,681683,registro,institucion o proyecto en el campo de colector,recordedBy,GLOWS,media,INABIO
963,681684,registro,institucion o proyecto en el campo de colector,recordedBy,GLOWS,media,INABIO
964,681685,registro,institucion o proyecto en el campo de colector,recordedBy,GLOWS,media,INABIO
965,681686,registro,institucion o proyecto en el campo de colector,recordedBy,GLOWS,media,INABIO
966,681687,registro,institucion o proyecto en el campo de colector,recordedBy,GLOWS,media,INABIO
967,681688,registro,institucion o proyecto en el campo de colector,recordedBy,GLOWS,media,INABIO
968,681689,registro,institucion o proyecto en el campo de colector,recordedBy,GLOWS,media,INABIO
969,681690,registro,institucion o proyecto en el campo de colector,recordedBy,GLOWS,media,INABIO
970,681692,registro,institucion o proyecto en el campo de colector,recordedBy,GLOWS,media,INABIO
971,681693,registro,institucion o proyecto en el campo de colector,recordedBy,GLOWS,media,INABIO
972,681694,registro,institucion o proyecto en el campo de colector,recordedBy,GLOWS,media,INABIO
973,681695,registro,institucion o proyecto en el campo de colector,recordedBy,GLOWS,media,INABIO
974,681696,registro,institucion o proyecto en el campo de colector,recordedBy,GLOWS,media,INABIO
975,681697,registro,institucion o proyecto en el campo de colector,recordedBy,GLOWS,media,INABIO
976,681698,registro,institucion o proyecto en el campo de colector,recordedBy,GLOWS,media,INABIO
977,681699,registro,institucion o proyecto en el campo de colector,recordedBy,GLOWS,media,INABIO
978,681700,registro,institucion o proyecto en el campo de colector,recordedBy,GLOWS,media,INABIO
979,681701,registro,institucion o proyecto en el campo de colector,recordedBy,GLOWS,media,INABIO
980,681703,registro,institucion o proyecto en el campo de colector,recordedBy,GLOWS,media,INABIO
981,681704,registro,institucion o proyecto en el campo de colector,recordedBy,GLOWS,media,INABIO
982,681705,registro,institucion o proyecto en el campo de colector,recordedBy,GLOWS,media,INABIO
983,681706,registro,institucion o proyecto en el campo de colector,recordedBy,GLOWS,media,INABIO
984,681707,registro,institucion o proyecto en el campo de colector,recordedBy,GLOWS,media,INABIO
985,681708,registro,institucion o proyecto en el campo de colector,recordedBy,GLOWS,media,INABIO
986,681709,registro,institucion o proyecto en el campo de colector,recordedBy,GLOWS,media,INABIO
987,681710,registro,institucion o proyecto en el campo de colector,recordedBy,GLOWS,media,INABIO
988,681711,registro,institucion o proyecto en el campo de colector,recordedBy,GLOWS,media,INABIO
989,681712,registro,institucion o proyecto en el campo de colector,recordedBy,GLOWS,media,INABIO
990,681714,registro,institucion o proyecto en el campo de colector,recordedBy,GLOWS,media,INABIO
991,681715,registro,institucion o proyecto en el campo de colector,recordedBy,GLOWS,media,INABIO
992,681716,registro,institucion o proyecto en el campo de colector,recordedBy,GLOWS,media,INABIO
993,681717,registro,institucion o proyecto en el campo de colector,recordedBy,GLOWS,media,INABIO
994,681718,registro,institucion o proyecto en el campo de colector,recordedBy,GLOWS,media,INABIO
995,681719,registro,institucion o proyecto en el campo de colector,recordedBy,GLOWS,media,INABIO
996,681720,registro,institucion o proyecto en el campo de colector,recordedBy,GLOWS,media,INABIO
997,681721,registro,institucion o proyecto en el campo de colector,recordedBy,GLOWS,media,INABIO
998,681722,registro,institucion o proyecto en el campo de colector,recordedBy,GLOWS,media,INABIO
999,681723,registro,institucion o proyecto en el campo de colector,recordedBy,GLOWS,media,INABIO
4358,681063,registro,sin numero de individuos,individualCount,,media,INABIO
4371,677064,registro,sin numero de individuos,individualCount,,media,INABIO
4372,677065,registro,sin numero de individuos,individualCount,,media,INABIO
4373,677066,registro,sin numero de individuos,individualCount,,media,INABIO
4374,677067,registro,sin numero de individuos,individualCount,,media,INABIO
1313,677612,taxonomia,cualificador sp. sobre un binomio completo,scientificName|identificationQualifier|taxonRank,Hyphessobrycon copelandi + sp.,media,INABIO
1346,677648,taxonomia,cualificador sp. sobre un binomio completo,scientificName|identificationQualifier|taxonRank,Moenkhausia naponis + sp.,media,INABIO
1402,677711,taxonomia,cualificador sp. sobre un binomio completo,scientificName|identificationQualifier|taxonRank,Serrasalmus rhombeus + sp.,media,INABIO
1434,677746,taxonomia,cualificador sp. sobre un binomio completo,scientificName|identificationQualifier|taxonRank,Hyphessobrycon copelandi + sp.,media,INABIO
1443,677756,taxonomia,cualificador sp. sobre un binomio completo,scientificName|identificationQualifier|taxonRank,Leporinus friderici + sp.,media,INABIO
1594,677923,taxonomia,cualificador sp. sobre un binomio completo,scientificName|identificationQualifier|taxonRank,Bujurquina mariae + sp.,media,INABIO
1648,677983,taxonomia,cualificador sp. sobre un binomio completo,scientificName|identificationQualifier|taxonRank,Anablepsoides rubrolineatus + sp.,media,INABIO
1688,678027,taxonomia,cualificador sp. sobre un binomio completo,scientificName|identificationQualifier|taxonRank,Crenicichla saxatilis + sp.,media,INABIO
1690,678030,taxonomia,cualificador sp. sobre un binomio completo,scientificName|identificationQualifier|taxonRank,Chrysobrycon hesperus + sp.,media,INABIO
1787,678160,taxonomia,cualificador sp. sobre un binomio completo,scientificName|identificationQualifier|taxonRank,Bujurquina moriorum + sp.,media,INABIO
1792,678166,taxonomia,cualificador sp. sobre un binomio completo,scientificName|identificationQualifier|taxonRank,Hyphessobrycon oritoensis + sp.,media,INABIO
1827,678205,taxonomia,cualificador sp. sobre un binomio completo,scientificName|identificationQualifier|taxonRank,Bujurquina moriorum + sp.,media,INABIO
1837,678216,taxonomia,cualificador sp. sobre un binomio completo,scientificName|identificationQualifier|taxonRank,Steindachnerina guentheri + sp.,media,INABIO
1925,678314,taxonomia,cualificador sp. sobre un binomio completo,scientificName|identificationQualifier|taxonRank,Bryconops caudomaculatus + sp.,media,INABIO
1930,678320,taxonomia,cualificador sp. sobre un binomio completo,scientificName|identificationQualifier|taxonRank,Crenicichla saxatilis + sp.,media,INABIO
1947,678338,taxonomia,cualificador sp. sobre un binomio completo,scientificName|identificationQualifier|taxonRank,Corydoras virginiae + sp.,media,INABIO
1948,678339,taxonomia,cualificador sp. sobre un binomio completo,scientificName|identificationQualifier|taxonRank,Acestrorhynchus abbreviatus + sp.,media,INABIO
1965,678358,taxonomia,cualificador sp. sobre un binomio completo,scientificName|identificationQualifier|taxonRank,Astyanax henseli + sp.,media,INABIO
1979,678373,taxonomia,cualificador sp. sobre un binomio completo,scientificName|identificationQualifier|taxonRank,Cichlasoma amazonarum + sp.,media,INABIO
1981,678376,taxonomia,cualificador sp. sobre un binomio completo,scientificName|identificationQualifier|taxonRank,Crenicichla saxatilis + sp.,media,INABIO
1996,678392,taxonomia,cualificador sp. sobre un binomio completo,scientificName|identificationQualifier|taxonRank,Bujurquina mariae + sp.,media,INABIO
200,678398,taxonomia,cualificador sp. sobre un binomio completo,scientificName|identificationQualifier|taxonRank,Distocyclus conirostris + sp.,media,INABIO
2011,678411,taxonomia,cualificador sp. sobre un binomio completo,scientificName|identificationQualifier|taxonRank,Anablepsoides rubrolineatus + sp.,media,INABIO
2018,678418,taxonomia,cualificador sp. sobre un binomio completo,scientificName|identificationQualifier|taxonRank,Corydoras zygatus + sp.,media,INABIO
2100,678510,taxonomia,cualificador sp. sobre un binomio completo,scientificName|identificationQualifier|taxonRank,Aequidens tetramerus + sp.,media,INABIO
2474,678924,taxonomia,cualificador sp. sobre un binomio completo,scientificName|identificationQualifier|taxonRank,Characidium purpuratum + sp.,media,INABIO
2497,678949,taxonomia,cualificador sp. sobre un binomio completo,scientificName|identificationQualifier|taxonRank,Pimelodus blochii + sp.,media,INABIO
3836,680483,taxonomia,cualificador sp. sobre un binomio completo,scientificName|identificationQualifier|taxonRank,Crenicichla saxatilis + sp.,media,INABIO
3863,680513,taxonomia,cualificador sp. sobre un binomio completo,scientificName|identificationQualifier|taxonRank,Crenicichla saxatilis + sp.,media,INABIO
1244,677535,taxonomia,epiteto no coincide con el binomio,flag_epiteto_no_coincide_con_nombre,Creagrutus flavescens,media,ya_marcado
1804,678180,taxonomia,epiteto no coincide con el binomio,flag_epiteto_no_coincide_con_nombre,Astyanax villwocki,media,ya_marcado
1851,678232,taxonomia,epiteto no coincide con el binomio,flag_epiteto_no_coincide_con_nombre,Pimelodus blochii,media,ya_marcado
1980,678375,taxonomia,epiteto no coincide con el binomio,flag_epiteto_no_coincide_con_nombre,Hoplerythrinus unitaeniatus,media,ya_marcado
2008,678407,taxonomia,epiteto no coincide con el binomio,flag_epiteto_no_coincide_con_nombre,Astyanax villwocki,media,ya_marcado
2075,678481,taxonomia,epiteto no coincide con el binomio,flag_epiteto_no_coincide_con_nombre,Pimelodella lateristriga,media,ya_marcado
2084,678491,taxonomia,epiteto no coincide con el binomio,flag_epiteto_no_coincide_con_nombre,Charax tectifer,media,ya_marcado
2308,678740,taxonomia,epiteto no coincide con el binomio,flag_epiteto_no_coincide_con_nombre,Crenicichla saxatilis,media,ya_marcado
2331,678766,taxonomia,epiteto no coincide con el binomio,flag_epiteto_no_coincide_con_nombre,Astyanax villwocki,media,ya_marcado
2348,678784,taxonomia,epiteto no coincide con el binomio,flag_epiteto_no_coincide_con_nombre,Hemiodus unimaculatus,media,ya_marcado
2358,678795,taxonomia,epiteto no coincide con el binomio,flag_epiteto_no_coincide_con_nombre,Curimata vittata,media,ya_marcado
2804,679314,taxonomia,epiteto no coincide con el binomio,flag_epiteto_no_coincide_con_nombre,Moenkhausia dichroura,media,ya_marcado
1801,678177,taxonomia,genus no coincide con el binomio,flag_genus_no_coincide_con_nombre,Anablepsoides,media,ya_marcado
1808,678184,taxonomia,genus no coincide con el binomio,flag_genus_no_coincide_con_nombre,Knodus,media,ya_marcado
1823,678201,taxonomia,genus no coincide con el binomio,flag_genus_no_coincide_con_nombre,Jupiaba,media,ya_marcado
1843,678223,taxonomia,genus no coincide con el binomio,flag_genus_no_coincide_con_nombre,Astyanax,media,ya_marcado
1980,678375,taxonomia,genus no coincide con el binomio,flag_genus_no_coincide_con_nombre,Hoplerythrinus unitaeniatus,media,ya_marcado
2004,678403,taxonomia,genus no coincide con el binomio,flag_genus_no_coincide_con_nombre,Anablepsoides,media,ya_marcado
2008,678407,taxonomia,genus no coincide con el binomio,flag_genus_no_coincide_con_nombre,Astyanax villwocki,media,ya_marcado
2208,678629,taxonomia,genus no coincide con el binomio,flag_genus_no_coincide_con_nombre,Anablepsoides urophthalmus,media,ya_marcado
2234,678658,taxonomia,genus no coincide con el binomio,flag_genus_no_coincide_con_nombre,Anablepsoides urophthalmus,media,ya_marcado
2339,678774,taxonomia,genus no coincide con el binomio,flag_genus_no_coincide_con_nombre,Anablepsoides urophthalmus,media,ya_marcado
2358,678795,taxonomia,genus no coincide con el binomio,flag_genus_no_coincide_con_nombre,Curimata vittata,media,ya_marcado
531,681205,taxonomia,genus no coincide con el binomio,flag_genus_no_coincide_con_nombre,Pimelodella lateristriga,media,ya_marcado
1001,677266,taxonomia,inconsistencia (cruce) entre taxonID y scientificName,taxonID | scientificName | subtipo,35440 | Creagrutus flavescens | nombre con varios taxonID,media,INABIO
1007,677272,taxonomia,inconsistencia (cruce) entre taxonID y scientificName,taxonID | scientificName | subtipo,35385 | Charax tectifer | nombre con varios taxonID,media,INABIO
1011,677277,taxonomia,inconsistencia (cruce) entre taxonID y scientificName,taxonID | scientificName | subtipo,35400 | Chrysobrycon | taxonID apunta a varios nombres,media,INABIO
1021,677288,taxonomia,inconsistencia (cruce) entre taxonID y scientificName,taxonID | scientificName | subtipo,35385 | Charax tectifer | nombre con varios taxonID,media,INABIO
1033,677301,taxonomia,inconsistencia (cruce) entre taxonID y scientificName,taxonID | scientificName | subtipo,35293 | Bryconamericus | taxonID apunta a varios nombres,media,INABIO
1037,677305,taxonomia,inconsistencia (cruce) entre taxonID y scientificName,taxonID | scientificName | subtipo,35385 | Charax tectifer | nombre con varios taxonID,media,INABIO
1040,677309,taxonomia,inconsistencia (cruce) entre taxonID y scientificName,taxonID | scientificName | subtipo,35293 | Bryconamericus | taxonID apunta a varios nombres,media,INABIO
1047,677316,taxonomia,inconsistencia (cruce) entre taxonID y scientificName,taxonID | scientificName | subtipo,35455 | Crenicichla saxatilis | nombre con varios taxonID,media,INABIO
105,677319,taxonomia,inconsistencia (cruce) entre taxonID y scientificName,taxonID | scientificName | subtipo,35385 | Charax tectifer | nombre con varios taxonID,media,INABIO
1071,677343,taxonomia,inconsistencia (cruce) entre taxonID y scientificName,taxonID | scientificName | subtipo,35385 | Charax tectifer | nombre con varios taxonID,media,INABIO
1078,677350,taxonomia,inconsistencia (cruce) entre taxonID y scientificName,taxonID | scientificName | subtipo,NA | Crenicichla saxatilis | nombre con varios taxonID,media,INABIO
109,677363,taxonomia,inconsistencia (cruce) entre taxonID y scientificName,taxonID | scientificName | subtipo,35236 | Astyanax abramis | taxonID apunta a varios nombres,media,INABIO
1133,677412,taxonomia,inconsistencia (cruce) entre taxonID y scientificName,taxonID | scientificName | subtipo,35293 | Bryconamericus | taxonID apunta a varios nombres,media,INABIO
1158,677439,taxonomia,inconsistencia (cruce) entre taxonID y scientificName,taxonID | scientificName | subtipo,35293 | Bryconamericus | taxonID apunta a varios nombres,media,INABIO
1181,677465,taxonomia,inconsistencia (cruce) entre taxonID y scientificName,taxonID | scientificName | subtipo,35381 | Characidium purpuratum | nombre con varios taxonID,media,INABIO
1182,677466,taxonomia,inconsistencia (cruce) entre taxonID y scientificName,taxonID | scientificName | subtipo,35381 | Characidium purpuratum | nombre con varios taxonID,media,INABIO
12,677485,taxonomia,inconsistencia (cruce) entre taxonID y scientificName,taxonID | scientificName | subtipo,35385 | Charax tectifer | nombre con varios taxonID,media,INABIO
1203,677490,taxonomia,inconsistencia (cruce) entre taxonID y scientificName,taxonID | scientificName | subtipo,35293 | Bryconamericus | taxonID apunta a varios nombres,media,INABIO
1205,677492,taxonomia,inconsistencia (cruce) entre taxonID y scientificName,taxonID | scientificName | subtipo,35293 | Bryconamericus | taxonID apunta a varios nombres,media,INABIO
1208,677495,taxonomia,inconsistencia (cruce) entre taxonID y scientificName,taxonID | scientificName | subtipo,35293 | Bryconamericus | taxonID apunta a varios nombres,media,INABIO
121,677497,taxonomia,inconsistencia (cruce) entre taxonID y scientificName,taxonID | scientificName | subtipo,36061 | Tetragonopterus argenteus | taxonID apunta a varios nombres,media,INABIO
1210,677498,taxonomia,inconsistencia (cruce) entre taxonID y scientificName,taxonID | scientificName | subtipo,35235 | Astyanax | ambos (cruce multiple),media,INABIO
1211,677499,taxonomia,inconsistencia (cruce) entre taxonID y scientificName,taxonID | scientificName | subtipo,35439 | Creagrutus beni | taxonID apunta a varios nombres,media,INABIO
1213,677501,taxonomia,inconsistencia (cruce) entre taxonID y scientificName,taxonID | scientificName | subtipo,35293 | Bryconamericus | taxonID apunta a varios nombres,media,INABIO
1214,677502,taxonomia,inconsistencia (cruce) entre taxonID y scientificName,taxonID | scientificName | subtipo,35293 | Bryconamericus | taxonID apunta a varios nombres,media,INABIO
1217,677505,taxonomia,inconsistencia (cruce) entre taxonID y scientificName,taxonID | scientificName | subtipo,35455 | Crenicichla saxatilis | nombre con varios taxonID,media,INABIO
1222,677511,taxonomia,inconsistencia (cruce) entre taxonID y scientificName,taxonID | scientificName | subtipo,35851 | Pimelodella lateristriga | nombre con varios taxonID,media,INABIO
1223,677512,taxonomia,inconsistencia (cruce) entre taxonID y scientificName,taxonID | scientificName | subtipo,35455 | Crenicichla saxatilis | nombre con varios taxonID,media,INABIO
1226,677515,taxonomia,inconsistencia (cruce) entre taxonID y scientificName,taxonID | scientificName | subtipo,35851 | Pimelodella lateristriga | nombre con varios taxonID,media,INABIO
123,677519,taxonomia,inconsistencia (cruce) entre taxonID y scientificName,taxonID | scientificName | subtipo,35236 | Astyanax abramis | taxonID apunta a varios nombres,media,INABIO
1232,677522,taxonomia,inconsistencia (cruce) entre taxonID y scientificName,taxonID | scientificName | subtipo,35236 | Astyanax abramis | taxonID apunta a varios nombres,media,INABIO
124,677530,taxonomia,inconsistencia (cruce) entre taxonID y scientificName,taxonID | scientificName | subtipo,35741 | Moenkhausia lepidura | taxonID apunta a varios nombres,media,INABIO
1240,677531,taxonomia,inconsistencia (cruce) entre taxonID y scientificName,taxonID | scientificName | subtipo,35455 | Crenicichla saxatilis | nombre con varios taxonID,media,INABIO
1244,677535,taxonomia,inconsistencia (cruce) entre taxonID y scientificName,taxonID | scientificName | subtipo,35439 | Creagrutus flavescens | ambos (cruce multiple),media,INABIO
1249,677540,taxonomia,inconsistencia (cruce) entre taxonID y scientificName,taxonID | scientificName | subtipo,35581 | Hemigrammus | taxonID apunta a varios nombres,media,INABIO
1251,677543,taxonomia,inconsistencia (cruce) entre taxonID y scientificName,taxonID | scientificName | subtipo,35293 | Bryconamericus | taxonID apunta a varios nombres,media,INABIO
1258,677550,taxonomia,inconsistencia (cruce) entre taxonID y scientificName,taxonID | scientificName | subtipo,35455 | Crenicichla saxatilis | nombre con varios taxonID,media,INABIO
1259,677551,taxonomia,inconsistencia (cruce) entre taxonID y scientificName,taxonID | scientificName | subtipo,35663 | Knodus | nombre con varios taxonID,media,INABIO
126,677552,taxonomia,inconsistencia (cruce) entre taxonID y scientificName,taxonID | scientificName | subtipo,35663 | Knodus | nombre con varios taxonID,media,INABIO
1261,677554,taxonomia,inconsistencia (cruce) entre taxonID y scientificName,taxonID | scientificName | subtipo,35663 | Knodus | nombre con varios taxonID,media,INABIO
1267,677560,taxonomia,inconsistencia (cruce) entre taxonID y scientificName,taxonID | scientificName | subtipo,35377 | Characidium | taxonID apunta a varios nombres,media,INABIO
1290,677586,taxonomia,inconsistencia (cruce) entre taxonID y scientificName,taxonID | scientificName | subtipo,35741 | Moenkhausia lepidura | taxonID apunta a varios nombres,media,INABIO
1293,677589,taxonomia,inconsistencia (cruce) entre taxonID y scientificName,taxonID | scientificName | subtipo,35235 | Astyanax | ambos (cruce multiple),media,INABIO
1299,677595,taxonomia,inconsistencia (cruce) entre taxonID y scientificName,taxonID | scientificName | subtipo,36061 | Tetragonopterus argenteus | taxonID apunta a varios nombres,media,INABIO
1303,677601,taxonomia,inconsistencia (cruce) entre taxonID y scientificName,taxonID | scientificName | subtipo,35236 | Astyanax abramis | taxonID apunta a varios nombres,media,INABIO
1304,677602,taxonomia,inconsistencia (cruce) entre taxonID y scientificName,taxonID | scientificName | subtipo,35385 | Charax tectifer | nombre con varios taxonID,media,INABIO
1305,677603,taxonomia,inconsistencia (cruce) entre taxonID y scientificName,taxonID | scientificName | subtipo,35741 | Moenkhausia lepidura | taxonID apunta a varios nombres,media,INABIO
1306,677604,taxonomia,inconsistencia (cruce) entre taxonID y scientificName,taxonID | scientificName | subtipo,35235 | Astyanax | ambos (cruce multiple),media,INABIO
1320,677620,taxonomia,inconsistencia (cruce) entre taxonID y scientificName,taxonID | scientificName | subtipo,35738 | Moenkhausia dichroura | nombre con varios taxonID,media,INABIO
1323,677623,taxonomia,inconsistencia (cruce) entre taxonID y scientificName,taxonID | scientificName | subtipo,35733 | Moenkhausia collettii | nombre con varios taxonID,media,INABIO
1328,677628,taxonomia,inconsistencia (cruce) entre taxonID y scientificName,taxonID | scientificName | subtipo,35663 | Knodus | nombre con varios taxonID,media,INABIO
133,677630,taxonomia,inconsistencia (cruce) entre taxonID y scientificName,taxonID | scientificName | subtipo,35455 | Crenicichla saxatilis | nombre con varios taxonID,media,INABIO
1330,677631,taxonomia,inconsistencia (cruce) entre taxonID y scientificName,taxonID | scientificName | subtipo,35738 | Moenkhausia dichroura | nombre con varios taxonID,media,INABIO
1336,677637,taxonomia,inconsistencia (cruce) entre taxonID y scientificName,taxonID | scientificName | subtipo,35235 | Astyanax | ambos (cruce multiple),media,INABIO
1340,677642,taxonomia,inconsistencia (cruce) entre taxonID y scientificName,taxonID | scientificName | subtipo,35738 | Moenkhausia dichroura | nombre con varios taxonID,media,INABIO
1342,677644,taxonomia,inconsistencia (cruce) entre taxonID y scientificName,taxonID | scientificName | subtipo,35738 | Moenkhausia dichroura | nombre con varios taxonID,media,INABIO
1345,677647,taxonomia,inconsistencia (cruce) entre taxonID y scientificName,taxonID | scientificName | subtipo,35663 | Knodus | nombre con varios taxonID,media,INABIO
1348,677650,taxonomia,inconsistencia (cruce) entre taxonID y scientificName,taxonID | scientificName | subtipo,35401 | Chrysobrycon hesperus | nombre con varios taxonID,media,INABIO
1350,677653,taxonomia,inconsistencia (cruce) entre taxonID y scientificName,taxonID | scientificName | subtipo,35235 | Astyanax | ambos (cruce multiple),media,INABIO
136,677663,taxonomia,inconsistencia (cruce) entre taxonID y scientificName,taxonID | scientificName | subtipo,36061 | Tetragonopterus argenteus | taxonID apunta a varios nombres,media,INABIO
1367,677671,taxonomia,inconsistencia (cruce) entre taxonID y scientificName,taxonID | scientificName | subtipo,35663 | Knodus | nombre con varios taxonID,media,INABIO
137,677674,taxonomia,inconsistencia (cruce) entre taxonID y scientificName,taxonID | scientificName | subtipo,35854 | Pimelodus | taxonID apunta a varios nombres,media,INABIO
1371,677676,taxonomia,inconsistencia (cruce) entre taxonID y scientificName,taxonID | scientificName | subtipo,35377 | Characidium | taxonID apunta a varios nombres,media,INABIO
1372,677677,taxonomia,inconsistencia (cruce) entre taxonID y scientificName,taxonID | scientificName | subtipo,35738 | Moenkhausia dichroura | nombre con varios taxonID,media,INABIO
1379,677684,taxonomia,inconsistencia (cruce) entre taxonID y scientificName,taxonID | scientificName | subtipo,35738 | Moenkhausia dichroura | nombre con varios taxonID,media,INABIO
138,677685,taxonomia,inconsistencia (cruce) entre taxonID y scientificName,taxonID | scientificName | subtipo,35401 | Chrysobrycon hesperus | nombre con varios taxonID,media,INABIO
1385,677691,taxonomia,inconsistencia (cruce) entre taxonID y scientificName,taxonID | scientificName | subtipo,35733 | Moenkhausia collettii | nombre con varios taxonID,media,INABIO
1386,677692,taxonomia,inconsistencia (cruce) entre taxonID y scientificName,taxonID | scientificName | subtipo,35581 | Hemigrammus | taxonID apunta a varios nombres,media,INABIO
1390,677697,taxonomia,inconsistencia (cruce) entre taxonID y scientificName,taxonID | scientificName | subtipo,35450 | Crenicichla cincta | taxonID apunta a varios nombres,media,INABIO
1393,677700,taxonomia,inconsistencia (cruce) entre taxonID y scientificName,taxonID | scientificName | subtipo,35741 | Moenkhausia lepidura | taxonID apunta a varios nombres,media,INABIO
1396,677703,taxonomia,inconsistencia (cruce) entre taxonID y scientificName,taxonID | scientificName | subtipo,35236 | Astyanax abramis | taxonID apunta a varios nombres,media,INABIO
1399,677706,taxonomia,inconsistencia (cruce) entre taxonID y scientificName,taxonID | scientificName | subtipo,35581 | Hemigrammus | taxonID apunta a varios nombres,media,INABIO
1401,677710,taxonomia,inconsistencia (cruce) entre taxonID y scientificName,taxonID | scientificName | subtipo,35400 | Chrysobrycon | taxonID apunta a varios nombres,media,INABIO
1412,677722,taxonomia,inconsistencia (cruce) entre taxonID y scientificName,taxonID | scientificName | subtipo,35377 | Characidium | taxonID apunta a varios nombres,media,INABIO
1422,677733,taxonomia,inconsistencia (cruce) entre taxonID y scientificName,taxonID | scientificName | subtipo,35381 | Characidium purpuratum | nombre con varios taxonID,media,INABIO
1431,677743,taxonomia,inconsistencia (cruce) entre taxonID y scientificName,taxonID | scientificName | subtipo,35385 | Charax tectifer | nombre con varios taxonID,media,INABIO
1439,677751,taxonomia,inconsistencia (cruce) entre taxonID y scientificName,taxonID | scientificName | subtipo,36029 | Steindachnerina bimaculata | taxonID apunta a varios nombres,media,INABIO
1440,677753,taxonomia,inconsistencia (cruce) entre taxonID y scientificName,taxonID | scientificName | subtipo,35385 | Charax tectifer | nombre con varios taxonID,media,INABIO
1441,677754,taxonomia,inconsistencia (cruce) entre taxonID y scientificName,taxonID | scientificName | subtipo,35235 | Astyanax | ambos (cruce multiple),media,INABIO
1445,677758,taxonomia,inconsistencia (cruce) entre taxonID y scientificName,taxonID | scientificName | subtipo,36029 | Steindachnerina bimaculata | taxonID apunta a varios nombres,media,INABIO
1446,677759,taxonomia,inconsistencia (cruce) entre taxonID y scientificName,taxonID | scientificName | subtipo,35851 | Pimelodella lateristriga | nombre con varios taxonID,media,INABIO
1447,677760,taxonomia,inconsistencia (cruce) entre taxonID y scientificName,taxonID | scientificName | subtipo,35738 | Moenkhausia dichroura | nombre con varios taxonID,media,INABIO
1450,677764,taxonomia,inconsistencia (cruce) entre taxonID y scientificName,taxonID | scientificName | subtipo,35734 | Moenkhausia collettii | nombre con varios taxonID,media,INABIO
1451,677765,taxonomia,inconsistencia (cruce) entre taxonID y scientificName,taxonID | scientificName | subtipo,35738 | Moenkhausia dichroura | nombre con varios taxonID,media,INABIO
1452,677766,taxonomia,inconsistencia (cruce) entre taxonID y scientificName,taxonID | scientificName | subtipo,35235 | Astyanax | ambos (cruce multiple),media,INABIO
1456,677770,taxonomia,inconsistencia (cruce) entre taxonID y scientificName,taxonID | scientificName | subtipo,36029 | Steindachnerina bimaculata | taxonID apunta a varios nombres,media,INABIO
1478,677794,taxonomia,inconsistencia (cruce) entre taxonID y scientificName,taxonID | scientificName | subtipo,35235 | Astyanax | ambos (cruce multiple),media,INABIO
1484,677801,taxonomia,inconsistencia (cruce) entre taxonID y scientificName,taxonID | scientificName | subtipo,35235 | Astyanax | ambos (cruce multiple),media,INABIO
1487,677804,taxonomia,inconsistencia (cruce) entre taxonID y scientificName,taxonID | scientificName | subtipo,35235 | Astyanax | ambos (cruce multiple),media,INABIO
1488,677805,taxonomia,inconsistencia (cruce) entre taxonID y scientificName,taxonID | scientificName | subtipo,35235 | Astyanax | ambos (cruce multiple),media,INABIO
1500,677820,taxonomia,inconsistencia (cruce) entre taxonID y scientificName,taxonID | scientificName | subtipo,35235 | Astyanax | ambos (cruce multiple),media,INABIO
1508,677828,taxonomia,inconsistencia (cruce) entre taxonID y scientificName,taxonID | scientificName | subtipo,35293 | Bryconamericus | taxonID apunta a varios nombres,media,INABIO
151,677830,taxonomia,inconsistencia (cruce) entre taxonID y scientificName,taxonID | scientificName | subtipo,35738 | Moenkhausia dichroura | nombre con varios taxonID,media,INABIO
1512,677833,taxonomia,inconsistencia (cruce) entre taxonID y scientificName,taxonID | scientificName | subtipo,35293 | Bryconamericus | taxonID apunta a varios nombres,media,INABIO
1517,677838,taxonomia,inconsistencia (cruce) entre taxonID y scientificName,taxonID | scientificName | subtipo,35850 | Pimelodella grisea | taxonID apunta a varios nombres,media,INABIO
1524,677846,taxonomia,inconsistencia (cruce) entre taxonID y scientificName,taxonID | scientificName | subtipo,35293 | Bryconamericus | taxonID apunta a varios nombres,media,INABIO
1525,677847,taxonomia,inconsistencia (cruce) entre taxonID y scientificName,taxonID | scientificName | subtipo,35850 | Pimelodella grisea | taxonID apunta a varios nombres,media,INABIO
153,677852,taxonomia,inconsistencia (cruce) entre taxonID y scientificName,taxonID | scientificName | subtipo,35401 | Chrysobrycon hesperus | nombre con varios taxonID,media,INABIO
1530,677853,taxonomia,inconsistencia (cruce) entre taxonID y scientificName,taxonID | scientificName | subtipo,35293 | Bryconamericus | taxonID apunta a varios nombres,media,INABIO
1532,677855,taxonomia,inconsistencia (cruce) entre taxonID y scientificName,taxonID | scientificName | subtipo,35850 | Pimelodella grisea | taxonID apunta a varios nombres,media,INABIO
1536,677859,taxonomia,inconsistencia (cruce) entre taxonID y scientificName,taxonID | scientificName | subtipo,35850 | Pimelodella grisea | taxonID apunta a varios nombres,media,INABIO
1537,677860,taxonomia,inconsistencia (cruce) entre taxonID y scientificName,taxonID | scientificName | subtipo,35293 | Bryconamericus | taxonID apunta a varios nombres,media,INABIO
1539,677862,taxonomia,inconsistencia (cruce) entre taxonID y scientificName,taxonID | scientificName | subtipo,35293 | Bryconamericus | taxonID apunta a varios nombres,media,INABIO
1544,677868,taxonomia,inconsistencia (cruce) entre taxonID y scientificName,taxonID | scientificName | subtipo,35850 | Pimelodella grisea | taxonID apunta a varios nombres,media,INABIO
1550,677875,taxonomia,inconsistencia (cruce) entre taxonID y scientificName,taxonID | scientificName | subtipo,35293 | Bryconamericus | taxonID apunta a varios nombres,media,INABIO
1551,677876,taxonomia,inconsistencia (cruce) entre taxonID y scientificName,taxonID | scientificName | subtipo,35293 | Bryconamericus | taxonID apunta a varios nombres,media,INABIO
1557,677882,taxonomia,inconsistencia (cruce) entre taxonID y scientificName,taxonID | scientificName | subtipo,35293 | Bryconamericus | taxonID apunta a varios nombres,media,INABIO
1558,677883,taxonomia,inconsistencia (cruce) entre taxonID y scientificName,taxonID | scientificName | subtipo,35293 | Bryconamericus | taxonID apunta a varios nombres,media,INABIO
1574,677901,taxonomia,inconsistencia (cruce) entre taxonID y scientificName,taxonID | scientificName | subtipo,35733 | Moenkhausia collettii | nombre con varios taxonID,media,INABIO
158,677907,taxonomia,inconsistencia (cruce) entre taxonID y scientificName,taxonID | scientificName | subtipo,35856 | Pimelodus blochii | nombre con varios taxonID,media,INABIO
1581,677909,taxonomia,inconsistencia (cruce) entre taxonID y scientificName,taxonID | scientificName | subtipo,35235 | Astyanax | ambos (cruce multiple),media,INABIO
1592,677921,taxonomia,inconsistencia (cruce) entre taxonID y scientificName,taxonID | scientificName | subtipo,10135 | Loricaria | nombre con varios taxonID,media,INABIO
1595,677924,taxonomia,inconsistencia (cruce) entre taxonID y scientificName,taxonID | scientificName | subtipo,35851 | Pimelodella lateristriga | nombre con varios taxonID,media,INABIO
1599,677928,taxonomia,inconsistencia (cruce) entre taxonID y scientificName,taxonID | scientificName | subtipo,10135 | Loricaria | nombre con varios taxonID,media,INABIO
1600,677931,taxonomia,inconsistencia (cruce) entre taxonID y scientificName,taxonID | scientificName | subtipo,35455 | Crenicichla saxatilis | nombre con varios taxonID,media,INABIO
1602,677933,taxonomia,inconsistencia (cruce) entre taxonID y scientificName,taxonID | scientificName | subtipo,35611 | Hoplerythrinus unitaeniatus | nombre con varios taxonID,media,INABIO
1603,677934,taxonomia,inconsistencia (cruce) entre taxonID y scientificName,taxonID | scientificName | subtipo,35455 | Crenicichla saxatilis | nombre con varios taxonID,media,INABIO
1605,677936,taxonomia,inconsistencia (cruce) entre taxonID y scientificName,taxonID | scientificName | subtipo,35851 | Pimelodella lateristriga | nombre con varios taxonID,media,INABIO
1606,677937,taxonomia,inconsistencia (cruce) entre taxonID y scientificName,taxonID | scientificName | subtipo,35851 | Pimelodella lateristriga | nombre con varios taxonID,media,INABIO
1607,677938,taxonomia,inconsistencia (cruce) entre taxonID y scientificName,taxonID | scientificName | subtipo,35611 | Hoplerythrinus unitaeniatus | nombre con varios taxonID,media,INABIO
1609,677940,taxonomia,inconsistencia (cruce) entre taxonID y scientificName,taxonID | scientificName | subtipo,35235 | Astyanax | ambos (cruce multiple),media,INABIO
1613,677945,taxonomia,inconsistencia (cruce) entre taxonID y scientificName,taxonID | scientificName | subtipo,35235 | Astyanax | ambos (cruce multiple),media,INABIO
1615,677947,taxonomia,inconsistencia (cruce) entre taxonID y scientificName,taxonID | scientificName | subtipo,35235 | Astyanax | ambos (cruce multiple),media,INABIO
1616,677948,taxonomia,inconsistencia (cruce) entre taxonID y scientificName,taxonID | scientificName | subtipo,35581 | Hemigrammus | taxonID apunta a varios nombres,media,INABIO
162,677952,taxonomia,inconsistencia (cruce) entre taxonID y scientificName,taxonID | scientificName | subtipo,35851 | Pimelodella lateristriga | nombre con varios taxonID,media,INABIO
1621,677954,taxonomia,inconsistencia (cruce) entre taxonID y scientificName,taxonID | scientificName | subtipo,35385 | Charax tectifer | nombre con varios taxonID,media,INABIO
1626,677959,taxonomia,inconsistencia (cruce) entre taxonID y scientificName,taxonID | scientificName | subtipo,35293 | Bryconamericus | taxonID apunta a varios nombres,media,INABIO
1628,677961,taxonomia,inconsistencia (cruce) entre taxonID y scientificName,taxonID | scientificName | subtipo,35455 | Crenicichla saxatilis | nombre con varios taxonID,media,INABIO
1629,677962,taxonomia,inconsistencia (cruce) entre taxonID y scientificName,taxonID | scientificName | subtipo,35293 | Bryconamericus | taxonID apunta a varios nombres,media,INABIO
1630,677964,taxonomia,inconsistencia (cruce) entre taxonID y scientificName,taxonID | scientificName | subtipo,35377 | Characidium | taxonID apunta a varios nombres,media,INABIO
1658,677994,taxonomia,inconsistencia (cruce) entre taxonID y scientificName,taxonID | scientificName | subtipo,35663 | Knodus | nombre con varios taxonID,media,INABIO
1665,678002,taxonomia,inconsistencia (cruce) entre taxonID y scientificName,taxonID | scientificName | subtipo,35293 | Bryconamericus | taxonID apunta a varios nombres,media,INABIO
1671,678009,taxonomia,inconsistencia (cruce) entre taxonID y scientificName,taxonID | scientificName | subtipo,35293 | Bryconamericus | taxonID apunta a varios nombres,media,INABIO
1675,678013,taxonomia,inconsistencia (cruce) entre taxonID y scientificName,taxonID | scientificName | subtipo,35293 | Bryconamericus | taxonID apunta a varios nombres,media,INABIO
1677,678015,taxonomia,inconsistencia (cruce) entre taxonID y scientificName,taxonID | scientificName | subtipo,35293 | Bryconamericus | taxonID apunta a varios nombres,media,INABIO
1681,678020,taxonomia,inconsistencia (cruce) entre taxonID y scientificName,taxonID | scientificName | subtipo,35455 | Crenicichla saxatilis | nombre con varios taxonID,media,INABIO
1687,678026,taxonomia,inconsistencia (cruce) entre taxonID y scientificName,taxonID | scientificName | subtipo,35663 | Knodus | nombre con varios taxonID,media,INABIO
1688,678027,taxonomia,inconsistencia (cruce) entre taxonID y scientificName,taxonID | scientificName | subtipo,35455 | Crenicichla saxatilis | nombre con varios taxonID,media,INABIO
1689,678028,taxonomia,inconsistencia (cruce) entre taxonID y scientificName,taxonID | scientificName | subtipo,10135 | Loricaria | nombre con varios taxonID,media,INABIO
169,678029,taxonomia,inconsistencia (cruce) entre taxonID y scientificName,taxonID | scientificName | subtipo,35455 | Crenicichla saxatilis | nombre con varios taxonID,media,INABIO
1690,678030,taxonomia,inconsistencia (cruce) entre taxonID y scientificName,taxonID | scientificName | subtipo,35401 | Chrysobrycon hesperus | nombre con varios taxonID,media,INABIO
1695,678035,taxonomia,inconsistencia (cruce) entre taxonID y scientificName,taxonID | scientificName | subtipo,35385 | Charax tectifer | nombre con varios taxonID,media,INABIO
1697,678037,taxonomia,inconsistencia (cruce) entre taxonID y scientificName,taxonID | scientificName | subtipo,35663 | Knodus | nombre con varios taxonID,media,INABIO
1701,678043,taxonomia,inconsistencia (cruce) entre taxonID y scientificName,taxonID | scientificName | subtipo,35236 | Astyanax abramis | taxonID apunta a varios nombres,media,INABIO
1705,678047,taxonomia,inconsistencia (cruce) entre taxonID y scientificName,taxonID | scientificName | subtipo,35455 | Crenicichla saxatilis | nombre con varios taxonID,media,INABIO
1706,678048,taxonomia,inconsistencia (cruce) entre taxonID y scientificName,taxonID | scientificName | subtipo,35455 | Crenicichla saxatilis | nombre con varios taxonID,media,INABIO
1709,678051,taxonomia,inconsistencia (cruce) entre taxonID y scientificName,taxonID | scientificName | subtipo,NA | Astyanax villwocki | nombre con varios taxonID,media,INABIO
1710,678053,taxonomia,inconsistencia (cruce) entre taxonID y scientificName,taxonID | scientificName | subtipo,35663 | Knodus | nombre con varios taxonID,media,INABIO
1713,678056,taxonomia,inconsistencia (cruce) entre taxonID y scientificName,taxonID | scientificName | subtipo,35450 | Crenicichla cincta | taxonID apunta a varios nombres,media,INABIO
1715,678058,taxonomia,inconsistencia (cruce) entre taxonID y scientificName,taxonID | scientificName | subtipo,35385 | Charax tectifer | nombre con varios taxonID,media,INABIO
1718,678061,taxonomia,inconsistencia (cruce) entre taxonID y scientificName,taxonID | scientificName | subtipo,35377 | Characidium | taxonID apunta a varios nombres,media,INABIO
1720,678087,taxonomia,inconsistencia (cruce) entre taxonID y scientificName,taxonID | scientificName | subtipo,35156 | Anablepsoides | ambos (cruce multiple),media,INABIO
1721,678088,taxonomia,inconsistencia (cruce) entre taxonID y scientificName,taxonID | scientificName | subtipo,35741 | Moenkhausia lepidura | taxonID apunta a varios nombres,media,INABIO
1729,678096,taxonomia,inconsistencia (cruce) entre taxonID y scientificName,taxonID | scientificName | subtipo,36061 | Tetragonopterus argenteus | taxonID apunta a varios nombres,media,INABIO
1732,678100,taxonomia,inconsistencia (cruce) entre taxonID y scientificName,taxonID | scientificName | subtipo,35236 | Astyanax abramis | taxonID apunta a varios nombres,media,INABIO
174,678108,taxonomia,inconsistencia (cruce) entre taxonID y scientificName,taxonID | scientificName | subtipo,35236 | Astyanax abramis | taxonID apunta a varios nombres,media,INABIO
1741,678110,taxonomia,inconsistencia (cruce) entre taxonID y scientificName,taxonID | scientificName | subtipo,35385 | Charax tectifer | nombre con varios taxonID,media,INABIO
1742,678111,taxonomia,inconsistencia (cruce) entre taxonID y scientificName,taxonID | scientificName | subtipo,35439 | Creagrutus beni | taxonID apunta a varios nombres,media,INABIO
175,678119,taxonomia,inconsistencia (cruce) entre taxonID y scientificName,taxonID | scientificName | subtipo,35236 | Astyanax abramis | taxonID apunta a varios nombres,media,INABIO
1750,678120,taxonomia,inconsistencia (cruce) entre taxonID y scientificName,taxonID | scientificName | subtipo,35293 | Bryconamericus | taxonID apunta a varios nombres,media,INABIO
1753,678123,taxonomia,inconsistencia (cruce) entre taxonID y scientificName,taxonID | scientificName | subtipo,35439 | Creagrutus beni | taxonID apunta a varios nombres,media,INABIO
1754,678124,taxonomia,inconsistencia (cruce) entre taxonID y scientificName,taxonID | scientificName | subtipo,35381 | Characidium purpuratum | nombre con varios taxonID,media,INABIO
1757,678127,taxonomia,inconsistencia (cruce) entre taxonID y scientificName,taxonID | scientificName | subtipo,35455 | Crenicichla saxatilis | nombre con varios taxonID,media,INABIO
1759,678129,taxonomia,inconsistencia (cruce) entre taxonID y scientificName,taxonID | scientificName | subtipo,35385 | Charax tectifer | nombre con varios taxonID,media,INABIO
1760,678131,taxonomia,inconsistencia (cruce) entre taxonID y scientificName,taxonID | scientificName | subtipo,35385 | Charax tectifer | nombre con varios taxonID,media,INABIO
1762,678133,taxonomia,inconsistencia (cruce) entre taxonID y scientificName,taxonID | scientificName | subtipo,35518 | Erythrinus erythrinus | taxonID apunta a varios nombres,media,INABIO
1776,678148,taxonomia,inconsistencia (cruce) entre taxonID y scientificName,taxonID | scientificName | subtipo,35236 | Astyanax abramis | taxonID apunta a varios nombres,media,INABIO
1777,678149,taxonomia,inconsistencia (cruce) entre taxonID y scientificName,taxonID | scientificName | subtipo,NA | Astyanax villwocki | nombre con varios taxonID,media,INABIO
1779,678151,taxonomia,inconsistencia (cruce) entre taxonID y scientificName,taxonID | scientificName | subtipo,35385 | Charax tectifer | nombre con varios taxonID,media,INABIO
1780,678153,taxonomia,inconsistencia (cruce) entre taxonID y scientificName,taxonID | scientificName | subtipo,35439 | Creagrutus beni | taxonID apunta a varios nombres,media,INABIO
1782,678155,taxonomia,inconsistencia (cruce) entre taxonID y scientificName,taxonID | scientificName | subtipo,35381 | Characidium purpuratum | nombre con varios taxonID,media,INABIO
1788,678161,taxonomia,inconsistencia (cruce) entre taxonID y scientificName,taxonID | scientificName | subtipo,35455 | Crenicichla saxatilis | nombre con varios taxonID,media,INABIO
1789,678162,taxonomia,inconsistencia (cruce) entre taxonID y scientificName,taxonID | scientificName | subtipo,NA | Astyanax villwocki | nombre con varios taxonID,media,INABIO
1790,678164,taxonomia,inconsistencia (cruce) entre taxonID y scientificName,taxonID | scientificName | subtipo,35293 | Bryconamericus | taxonID apunta a varios nombres,media,INABIO
1791,678165,taxonomia,inconsistencia (cruce) entre taxonID y scientificName,taxonID | scientificName | subtipo,35385 | Charax tectifer | nombre con varios taxonID,media,INABIO
1795,678169,taxonomia,inconsistencia (cruce) entre taxonID y scientificName,taxonID | scientificName | subtipo,35518 | Erythrinus erythrinus | taxonID apunta a varios nombres,media,INABIO
1800,678176,taxonomia,inconsistencia (cruce) entre taxonID y scientificName,taxonID | scientificName | subtipo,35455 | Crenicichla saxatilis | nombre con varios taxonID,media,INABIO
1801,678177,taxonomia,inconsistencia (cruce) entre taxonID y scientificName,taxonID | scientificName | subtipo,35962 | Anablepsoides | ambos (cruce multiple),media,INABIO
1804,678180,taxonomia,inconsistencia (cruce) entre taxonID y scientificName,taxonID | scientificName | subtipo,35236 | Astyanax villwocki | ambos (cruce multiple),media,INABIO
1805,678181,taxonomia,inconsistencia (cruce) entre taxonID y scientificName,taxonID | scientificName | subtipo,35385 | Charax tectifer | nombre con varios taxonID,media,INABIO
1806,678182,taxonomia,inconsistencia (cruce) entre taxonID y scientificName,taxonID | scientificName | subtipo,35439 | Creagrutus beni | taxonID apunta a varios nombres,media,INABIO
1807,678183,taxonomia,inconsistencia (cruce) entre taxonID y scientificName,taxonID | scientificName | subtipo,35293 | Bryconamericus | taxonID apunta a varios nombres,media,INABIO
1808,678184,taxonomia,inconsistencia (cruce) entre taxonID y scientificName,taxonID | scientificName | subtipo,35293 | Knodus | ambos (cruce multiple),media,INABIO
1813,678190,taxonomia,inconsistencia (cruce) entre taxonID y scientificName,taxonID | scientificName | subtipo,35455 | Crenicichla saxatilis | nombre con varios taxonID,media,INABIO
1822,678200,taxonomia,inconsistencia (cruce) entre taxonID y scientificName,taxonID | scientificName | subtipo,35236 | Astyanax abramis | taxonID apunta a varios nombres,media,INABIO
1823,678201,taxonomia,inconsistencia (cruce) entre taxonID y scientificName,taxonID | scientificName | subtipo,35235 | Jupiaba | ambos (cruce multiple),media,INABIO
1825,678203,taxonomia,inconsistencia (cruce) entre taxonID y scientificName,taxonID | scientificName | subtipo,35518 | Erythrinus erythrinus | taxonID apunta a varios nombres,media,INABIO
1829,678207,taxonomia,inconsistencia (cruce) entre taxonID y scientificName,taxonID | scientificName | subtipo,35236 | Astyanax abramis | taxonID apunta a varios nombres,media,INABIO
1830,678209,taxonomia,inconsistencia (cruce) entre taxonID y scientificName,taxonID | scientificName | subtipo,35741 | Moenkhausia lepidura | taxonID apunta a varios nombres,media,INABIO
1832,678211,taxonomia,inconsistencia (cruce) entre taxonID y scientificName,taxonID | scientificName | subtipo,35236 | Astyanax abramis | taxonID apunta a varios nombres,media,INABIO
1840,678220,taxonomia,inconsistencia (cruce) entre taxonID y scientificName,taxonID | scientificName | subtipo,35236 | Astyanax abramis | taxonID apunta a varios nombres,media,INABIO
1841,678221,taxonomia,inconsistencia (cruce) entre taxonID y scientificName,taxonID | scientificName | subtipo,35293 | Bryconamericus | taxonID apunta a varios nombres,media,INABIO
1842,678222,taxonomia,inconsistencia (cruce) entre taxonID y scientificName,taxonID | scientificName | subtipo,35401 | Chrysobrycon hesperus | nombre con varios taxonID,media,INABIO
1843,678223,taxonomia,inconsistencia (cruce) entre taxonID y scientificName,taxonID | scientificName | subtipo,35581 | Astyanax | ambos (cruce multiple),media,INABIO
1846,678226,taxonomia,inconsistencia (cruce) entre taxonID y scientificName,taxonID | scientificName | subtipo,35851 | Pimelodella lateristriga | nombre con varios taxonID,media,INABIO
1851,678232,taxonomia,inconsistencia (cruce) entre taxonID y scientificName,taxonID | scientificName | subtipo,35855 | Pimelodus blochii | nombre con varios taxonID,media,INABIO
1863,678245,taxonomia,inconsistencia (cruce) entre taxonID y scientificName,taxonID | scientificName | subtipo,35293 | Bryconamericus | taxonID apunta a varios nombres,media,INABIO
1867,678249,taxonomia,inconsistencia (cruce) entre taxonID y scientificName,taxonID | scientificName | subtipo,35293 | Bryconamericus | taxonID apunta a varios nombres,media,INABIO
1876,678259,taxonomia,inconsistencia (cruce) entre taxonID y scientificName,taxonID | scientificName | subtipo,35293 | Bryconamericus | taxonID apunta a varios nombres,media,INABIO
1881,678265,taxonomia,inconsistencia (cruce) entre taxonID y scientificName,taxonID | scientificName | subtipo,35293 | Bryconamericus | taxonID apunta a varios nombres,media,INABIO
1886,678270,taxonomia,inconsistencia (cruce) entre taxonID y scientificName,taxonID | scientificName | subtipo,35293 | Bryconamericus | taxonID apunta a varios nombres,media,INABIO
1889,678273,taxonomia,inconsistencia (cruce) entre taxonID y scientificName,taxonID | scientificName | subtipo,35293 | Bryconamericus | taxonID apunta a varios nombres,media,INABIO
1893,678278,taxonomia,inconsistencia (cruce) entre taxonID y scientificName,taxonID | scientificName | subtipo,35293 | Bryconamericus | taxonID apunta a varios nombres,media,INABIO
1897,678282,taxonomia,inconsistencia (cruce) entre taxonID y scientificName,taxonID | scientificName | subtipo,35293 | Bryconamericus | taxonID apunta a varios nombres,media,INABIO
1899,678284,taxonomia,inconsistencia (cruce) entre taxonID y scientificName,taxonID | scientificName | subtipo,35293 | Bryconamericus | taxonID apunta a varios nombres,media,INABIO
1901,678288,taxonomia,inconsistencia (cruce) entre taxonID y scientificName,taxonID | scientificName | subtipo,35850 | Pimelodella grisea | taxonID apunta a varios nombres,media,INABIO
1909,678296,taxonomia,inconsistencia (cruce) entre taxonID y scientificName,taxonID | scientificName | subtipo,35293 | Bryconamericus | taxonID apunta a varios nombres,media,INABIO
1910,678298,taxonomia,inconsistencia (cruce) entre taxonID y scientificName,taxonID | scientificName | subtipo,35293 | Bryconamericus | taxonID apunta a varios nombres,media,INABIO
1911,678299,taxonomia,inconsistencia (cruce) entre taxonID y scientificName,taxonID | scientificName | subtipo,35293 | Bryconamericus | taxonID apunta a varios nombres,media,INABIO
1912,678300,taxonomia,inconsistencia (cruce) entre taxonID y scientificName,taxonID | scientificName | subtipo,35293 | Bryconamericus | taxonID apunta a varios nombres,media,INABIO
1916,678304,taxonomia,inconsistencia (cruce) entre taxonID y scientificName,taxonID | scientificName | subtipo,35455 | Crenicichla saxatilis | nombre con varios taxonID,media,INABIO
1917,678305,taxonomia,inconsistencia (cruce) entre taxonID y scientificName,taxonID | scientificName | subtipo,36061 | Tetragonopterus argenteus | taxonID apunta a varios nombres,media,INABIO
192,678308,taxonomia,inconsistencia (cruce) entre taxonID y scientificName,taxonID | scientificName | subtipo,35455 | Crenicichla saxatilis | nombre con varios taxonID,media,INABIO
1921,678310,taxonomia,inconsistencia (cruce) entre taxonID y scientificName,taxonID | scientificName | subtipo,35236 | Astyanax abramis | taxonID apunta a varios nombres,media,INABIO
1924,678313,taxonomia,inconsistencia (cruce) entre taxonID y scientificName,taxonID | scientificName | subtipo,35377 | Characidium | taxonID apunta a varios nombres,media,INABIO
1926,678315,taxonomia,inconsistencia (cruce) entre taxonID y scientificName,taxonID | scientificName | subtipo,35581 | Hemigrammus | taxonID apunta a varios nombres,media,INABIO
1930,678320,taxonomia,inconsistencia (cruce) entre taxonID y scientificName,taxonID | scientificName | subtipo,35455 | Crenicichla saxatilis | nombre con varios taxonID,media,INABIO
1931,678321,taxonomia,inconsistencia (cruce) entre taxonID y scientificName,taxonID | scientificName | subtipo,35455 | Crenicichla saxatilis | nombre con varios taxonID,media,INABIO
1939,678329,taxonomia,inconsistencia (cruce) entre taxonID y scientificName,taxonID | scientificName | subtipo,35236 | Astyanax abramis | taxonID apunta a varios nombres,media,INABIO
1944,678335,taxonomia,inconsistencia (cruce) entre taxonID y scientificName,taxonID | scientificName | subtipo,35741 | Moenkhausia lepidura | taxonID apunta a varios nombres,media,INABIO
1957,678349,taxonomia,inconsistencia (cruce) entre taxonID y scientificName,taxonID | scientificName | subtipo,35377 | Characidium | taxonID apunta a varios nombres,media,INABIO
1964,678357,taxonomia,inconsistencia (cruce) entre taxonID y scientificName,taxonID | scientificName | subtipo,35581 | Hemigrammus | taxonID apunta a varios nombres,media,INABIO
197,678363,taxonomia,inconsistencia (cruce) entre taxonID y scientificName,taxonID | scientificName | subtipo,35733 | Moenkhausia collettii | nombre con varios taxonID,media,INABIO
1970,678364,taxonomia,inconsistencia (cruce) entre taxonID y scientificName,taxonID | scientificName | subtipo,35119 | Acestrorhynchus heterolepis | taxonID apunta a varios nombres,media,INABIO
1975,678369,taxonomia,inconsistencia (cruce) entre taxonID y scientificName,taxonID | scientificName | subtipo,35439 | Creagrutus beni | taxonID apunta a varios nombres,media,INABIO
198,678374,taxonomia,inconsistencia (cruce) entre taxonID y scientificName,taxonID | scientificName | subtipo,35385 | Charax tectifer | nombre con varios taxonID,media,INABIO
1980,678375,taxonomia,inconsistencia (cruce) entre taxonID y scientificName,taxonID | scientificName | subtipo,35518 | Hoplerythrinus unitaeniatus | ambos (cruce multiple),media,INABIO
1981,678376,taxonomia,inconsistencia (cruce) entre taxonID y scientificName,taxonID | scientificName | subtipo,35455 | Crenicichla saxatilis | nombre con varios taxonID,media,INABIO
1985,678380,taxonomia,inconsistencia (cruce) entre taxonID y scientificName,taxonID | scientificName | subtipo,35593 | Hemiodus unimaculatus | nombre con varios taxonID,media,INABIO
1987,678382,taxonomia,inconsistencia (cruce) entre taxonID y scientificName,taxonID | scientificName | subtipo,35851 | Pimelodella lateristriga | nombre con varios taxonID,media,INABIO
1988,678383,taxonomia,inconsistencia (cruce) entre taxonID y scientificName,taxonID | scientificName | subtipo,35455 | Crenicichla saxatilis | nombre con varios taxonID,media,INABIO
1994,678390,taxonomia,inconsistencia (cruce) entre taxonID y scientificName,taxonID | scientificName | subtipo,35385 | Charax tectifer | nombre con varios taxonID,media,INABIO
2004,678403,taxonomia,inconsistencia (cruce) entre taxonID y scientificName,taxonID | scientificName | subtipo,35962 | Anablepsoides | ambos (cruce multiple),media,INABIO
2008,678407,taxonomia,inconsistencia (cruce) entre taxonID y scientificName,taxonID | scientificName | subtipo,36061 | Astyanax villwocki | ambos (cruce multiple),media,INABIO
2020,678421,taxonomia,inconsistencia (cruce) entre taxonID y scientificName,taxonID | scientificName | subtipo,36061 | Tetragonopterus argenteus | taxonID apunta a varios nombres,media,INABIO
2037,678439,taxonomia,inconsistencia (cruce) entre taxonID y scientificName,taxonID | scientificName | subtipo,35518 | Erythrinus erythrinus | taxonID apunta a varios nombres,media,INABIO
2038,678440,taxonomia,inconsistencia (cruce) entre taxonID y scientificName,taxonID | scientificName | subtipo,35611 | Hoplerythrinus unitaeniatus | nombre con varios taxonID,media,INABIO
2042,678445,taxonomia,inconsistencia (cruce) entre taxonID y scientificName,taxonID | scientificName | subtipo,35439 | Creagrutus beni | taxonID apunta a varios nombres,media,INABIO
2043,678446,taxonomia,inconsistencia (cruce) entre taxonID y scientificName,taxonID | scientificName | subtipo,35581 | Hemigrammus | taxonID apunta a varios nombres,media,INABIO
2044,678447,taxonomia,inconsistencia (cruce) entre taxonID y scientificName,taxonID | scientificName | subtipo,35293 | Bryconamericus | taxonID apunta a varios nombres,media,INABIO
2045,678448,taxonomia,inconsistencia (cruce) entre taxonID y scientificName,taxonID | scientificName | subtipo,35235 | Astyanax | ambos (cruce multiple),media,INABIO
2047,678450,taxonomia,inconsistencia (cruce) entre taxonID y scientificName,taxonID | scientificName | subtipo,35236 | Astyanax abramis | taxonID apunta a varios nombres,media,INABIO
2050,678454,taxonomia,inconsistencia (cruce) entre taxonID y scientificName,taxonID | scientificName | subtipo,35663 | Knodus | nombre con varios taxonID,media,INABIO
2052,678456,taxonomia,inconsistencia (cruce) entre taxonID y scientificName,taxonID | scientificName | subtipo,35236 | Astyanax abramis | taxonID apunta a varios nombres,media,INABIO
2053,678457,taxonomia,inconsistencia (cruce) entre taxonID y scientificName,taxonID | scientificName | subtipo,35663 | Knodus | nombre con varios taxonID,media,INABIO
2054,678458,taxonomia,inconsistencia (cruce) entre taxonID y scientificName,taxonID | scientificName | subtipo,35236 | Astyanax abramis | taxonID apunta a varios nombres,media,INABIO
2069,678474,taxonomia,inconsistencia (cruce) entre taxonID y scientificName,taxonID | scientificName | subtipo,35236 | Astyanax abramis | taxonID apunta a varios nombres,media,INABIO
2071,678477,taxonomia,inconsistencia (cruce) entre taxonID y scientificName,taxonID | scientificName | subtipo,35385 | Charax tectifer | nombre con varios taxonID,media,INABIO
2073,678479,taxonomia,inconsistencia (cruce) entre taxonID y scientificName,taxonID | scientificName | subtipo,35439 | Creagrutus beni | taxonID apunta a varios nombres,media,INABIO
2075,678481,taxonomia,inconsistencia (cruce) entre taxonID y scientificName,taxonID | scientificName | subtipo,35850 | Pimelodella lateristriga | ambos (cruce multiple),media,INABIO
2077,678483,taxonomia,inconsistencia (cruce) entre taxonID y scientificName,taxonID | scientificName | subtipo,35663 | Knodus | nombre con varios taxonID,media,INABIO
208,678486,taxonomia,inconsistencia (cruce) entre taxonID y scientificName,taxonID | scientificName | subtipo,35236 | Astyanax abramis | taxonID apunta a varios nombres,media,INABIO
2084,678491,taxonomia,inconsistencia (cruce) entre taxonID y scientificName,taxonID | scientificName | subtipo,35384 | Charax tectifer | nombre con varios taxonID,media,INABIO
2086,678493,taxonomia,inconsistencia (cruce) entre taxonID y scientificName,taxonID | scientificName | subtipo,35401 | Chrysobrycon hesperus | nombre con varios taxonID,media,INABIO
2090,678498,taxonomia,inconsistencia (cruce) entre taxonID y scientificName,taxonID | scientificName | subtipo,35455 | Crenicichla saxatilis | nombre con varios taxonID,media,INABIO
2091,678499,taxonomia,inconsistencia (cruce) entre taxonID y scientificName,taxonID | scientificName | subtipo,36061 | Tetragonopterus argenteus | taxonID apunta a varios nombres,media,INABIO
2093,678501,taxonomia,inconsistencia (cruce) entre taxonID y scientificName,taxonID | scientificName | subtipo,35236 | Astyanax abramis | taxonID apunta a varios nombres,media,INABIO
2098,678506,taxonomia,inconsistencia (cruce) entre taxonID y scientificName,taxonID | scientificName | subtipo,35455 | Crenicichla saxatilis | nombre con varios taxonID,media,INABIO
2101,678511,taxonomia,inconsistencia (cruce) entre taxonID y scientificName,taxonID | scientificName | subtipo,35235 | Astyanax | ambos (cruce multiple),media,INABIO
2102,678512,taxonomia,inconsistencia (cruce) entre taxonID y scientificName,taxonID | scientificName | subtipo,35518 | Erythrinus erythrinus | taxonID apunta a varios nombres,media,INABIO
2103,678513,taxonomia,inconsistencia (cruce) entre taxonID y scientificName,taxonID | scientificName | subtipo,35455 | Crenicichla saxatilis | nombre con varios taxonID,media,INABIO
2107,678517,taxonomia,inconsistencia (cruce) entre taxonID y scientificName,taxonID | scientificName | subtipo,35236 | Astyanax abramis | taxonID apunta a varios nombres,media,INABIO
2111,678522,taxonomia,inconsistencia (cruce) entre taxonID y scientificName,taxonID | scientificName | subtipo,35236 | Astyanax abramis | taxonID apunta a varios nombres,media,INABIO
2163,678579,taxonomia,inconsistencia (cruce) entre taxonID y scientificName,taxonID | scientificName | subtipo,35235 | Astyanax | ambos (cruce multiple),media,INABIO
2198,678617,taxonomia,inconsistencia (cruce) entre taxonID y scientificName,taxonID | scientificName | subtipo,35663 | Knodus | nombre con varios taxonID,media,INABIO
22,678619,taxonomia,inconsistencia (cruce) entre taxonID y scientificName,taxonID | scientificName | subtipo,35738 | Moenkhausia dichroura | nombre con varios taxonID,media,INABIO
2208,678629,taxonomia,inconsistencia (cruce) entre taxonID y scientificName,taxonID | scientificName | subtipo,35967 | Anablepsoides urophthalmus | nombre con varios taxonID,media,INABIO
221,678631,taxonomia,inconsistencia (cruce) entre taxonID y scientificName,taxonID | scientificName | subtipo,35455 | Crenicichla saxatilis | nombre con varios taxonID,media,INABIO
222,678642,taxonomia,inconsistencia (cruce) entre taxonID y scientificName,taxonID | scientificName | subtipo,35455 | Crenicichla saxatilis | nombre con varios taxonID,media,INABIO
2234,678658,taxonomia,inconsistencia (cruce) entre taxonID y scientificName,taxonID | scientificName | subtipo,35967 | Anablepsoides urophthalmus | nombre con varios taxonID,media,INABIO
225,678675,taxonomia,inconsistencia (cruce) entre taxonID y scientificName,taxonID | scientificName | subtipo,35401 | Chrysobrycon hesperus | nombre con varios taxonID,media,INABIO
226,678686,taxonomia,inconsistencia (cruce) entre taxonID y scientificName,taxonID | scientificName | subtipo,35385 | Charax tectifer | nombre con varios taxonID,media,INABIO
2264,678691,taxonomia,inconsistencia (cruce) entre taxonID y scientificName,taxonID | scientificName | subtipo,35293 | Bryconamericus | taxonID apunta a varios nombres,media,INABIO
2265,678692,taxonomia,inconsistencia (cruce) entre taxonID y scientificName,taxonID | scientificName | subtipo,35293 | Bryconamericus | taxonID apunta a varios nombres,media,INABIO
2269,678696,taxonomia,inconsistencia (cruce) entre taxonID y scientificName,taxonID | scientificName | subtipo,35235 | Astyanax | ambos (cruce multiple),media,INABIO
2271,678699,taxonomia,inconsistencia (cruce) entre taxonID y scientificName,taxonID | scientificName | subtipo,35235 | Astyanax | ambos (cruce multiple),media,INABIO
2272,678700,taxonomia,inconsistencia (cruce) entre taxonID y scientificName,taxonID | scientificName | subtipo,35235 | Astyanax | ambos (cruce multiple),media,INABIO
2275,678703,taxonomia,inconsistencia (cruce) entre taxonID y scientificName,taxonID | scientificName | subtipo,35962 | Rivulus | taxonID apunta a varios nombres,media,INABIO
228,678708,taxonomia,inconsistencia (cruce) entre taxonID y scientificName,taxonID | scientificName | subtipo,36061 | Tetragonopterus argenteus | taxonID apunta a varios nombres,media,INABIO
2283,678712,taxonomia,inconsistencia (cruce) entre taxonID y scientificName,taxonID | scientificName | subtipo,35738 | Moenkhausia dichroura | nombre con varios taxonID,media,INABIO
2295,678725,taxonomia,inconsistencia (cruce) entre taxonID y scientificName,taxonID | scientificName | subtipo,36061 | Tetragonopterus argenteus | taxonID apunta a varios nombres,media,INABIO
2308,678740,taxonomia,inconsistencia (cruce) entre taxonID y scientificName,taxonID | scientificName | subtipo,35450 | Crenicichla saxatilis | ambos (cruce multiple),media,INABIO
2314,678747,taxonomia,inconsistencia (cruce) entre taxonID y scientificName,taxonID | scientificName | subtipo,35293 | Bryconamericus | taxonID apunta a varios nombres,media,INABIO
2315,678748,taxonomia,inconsistencia (cruce) entre taxonID y scientificName,taxonID | scientificName | subtipo,36029 | Steindachnerina bimaculata | taxonID apunta a varios nombres,media,INABIO
2318,678751,taxonomia,inconsistencia (cruce) entre taxonID y scientificName,taxonID | scientificName | subtipo,36029 | Steindachnerina bimaculata | taxonID apunta a varios nombres,media,INABIO
2320,678754,taxonomia,inconsistencia (cruce) entre taxonID y scientificName,taxonID | scientificName | subtipo,35235 | Astyanax | ambos (cruce multiple),media,INABIO
2331,678766,taxonomia,inconsistencia (cruce) entre taxonID y scientificName,taxonID | scientificName | subtipo,35238 | Astyanax villwocki | ambos (cruce multiple),media,INABIO
2333,678768,taxonomia,inconsistencia (cruce) entre taxonID y scientificName,taxonID | scientificName | subtipo,NA | Astyanax villwocki | nombre con varios taxonID,media,INABIO
2336,678771,taxonomia,inconsistencia (cruce) entre taxonID y scientificName,taxonID | scientificName | subtipo,35663 | Knodus | nombre con varios taxonID,media,INABIO
2337,678772,taxonomia,inconsistencia (cruce) entre taxonID y scientificName,taxonID | scientificName | subtipo,35293 | Bryconamericus | taxonID apunta a varios nombres,media,INABIO
2339,678774,taxonomia,inconsistencia (cruce) entre taxonID y scientificName,taxonID | scientificName | subtipo,35967 | Anablepsoides urophthalmus | nombre con varios taxonID,media,INABIO
2342,678778,taxonomia,inconsistencia (cruce) entre taxonID y scientificName,taxonID | scientificName | subtipo,35468 | Curimata vittata | nombre con varios taxonID,media,INABIO
2345,678781,taxonomia,inconsistencia (cruce) entre taxonID y scientificName,taxonID | scientificName | subtipo,35385 | Charax tectifer | nombre con varios taxonID,media,INABIO
2348,678784,taxonomia,inconsistencia (cruce) entre taxonID y scientificName,taxonID | scientificName | subtipo,35592 | Hemiodus unimaculatus | ambos (cruce multiple),media,INABIO
2358,678795,taxonomia,inconsistencia (cruce) entre taxonID y scientificName,taxonID | scientificName | subtipo,36029 | Curimata vittata | ambos (cruce multiple),media,INABIO
2362,678800,taxonomia,inconsistencia (cruce) entre taxonID y scientificName,taxonID | scientificName | subtipo,35593 | Hemiodus unimaculatus | nombre con varios taxonID,media,INABIO
2369,678807,taxonomia,inconsistencia (cruce) entre taxonID y scientificName,taxonID | scientificName | subtipo,36061 | Tetragonopterus argenteus | taxonID apunta a varios nombres,media,INABIO
2372,678811,taxonomia,inconsistencia (cruce) entre taxonID y scientificName,taxonID | scientificName | subtipo,35592 | Hemiodus microlepis | taxonID apunta a varios nombres,media,INABIO
2377,678816,taxonomia,inconsistencia (cruce) entre taxonID y scientificName,taxonID | scientificName | subtipo,35593 | Hemiodus unimaculatus | nombre con varios taxonID,media,INABIO
2378,678817,taxonomia,inconsistencia (cruce) entre taxonID y scientificName,taxonID | scientificName | subtipo,36029 | Steindachnerina bimaculata | taxonID apunta a varios nombres,media,INABIO
2393,678834,taxonomia,inconsistencia (cruce) entre taxonID y scientificName,taxonID | scientificName | subtipo,35592 | Hemiodus microlepis | taxonID apunta a varios nombres,media,INABIO
242,678864,taxonomia,inconsistencia (cruce) entre taxonID y scientificName,taxonID | scientificName | subtipo,35450 | Crenicichla cincta | taxonID apunta a varios nombres,media,INABIO
2467,678916,taxonomia,inconsistencia (cruce) entre taxonID y scientificName,taxonID | scientificName | subtipo,36029 | Steindachnerina bimaculata | taxonID apunta a varios nombres,media,INABIO
2468,678917,taxonomia,inconsistencia (cruce) entre taxonID y scientificName,taxonID | scientificName | subtipo,36029 | Steindachnerina bimaculata | taxonID apunta a varios nombres,media,INABIO
2469,678918,taxonomia,inconsistencia (cruce) entre taxonID y scientificName,taxonID | scientificName | subtipo,36061 | Tetragonopterus argenteus | taxonID apunta a varios nombres,media,INABIO
2471,678921,taxonomia,inconsistencia (cruce) entre taxonID y scientificName,taxonID | scientificName | subtipo,35236 | Astyanax abramis | taxonID apunta a varios nombres,media,INABIO
2474,678924,taxonomia,inconsistencia (cruce) entre taxonID y scientificName,taxonID | scientificName | subtipo,35377 | Characidium purpuratum | ambos (cruce multiple),media,INABIO
2475,678925,taxonomia,inconsistencia (cruce) entre taxonID y scientificName,taxonID | scientificName | subtipo,35236 | Astyanax abramis | taxonID apunta a varios nombres,media,INABIO
2476,678926,taxonomia,inconsistencia (cruce) entre taxonID y scientificName,taxonID | scientificName | subtipo,35401 | Chrysobrycon hesperus | nombre con varios taxonID,media,INABIO
2477,678927,taxonomia,inconsistencia (cruce) entre taxonID y scientificName,taxonID | scientificName | subtipo,35293 | Bryconamericus | taxonID apunta a varios nombres,media,INABIO
2479,678929,taxonomia,inconsistencia (cruce) entre taxonID y scientificName,taxonID | scientificName | subtipo,35439 | Creagrutus beni | taxonID apunta a varios nombres,media,INABIO
2483,678934,taxonomia,inconsistencia (cruce) entre taxonID y scientificName,taxonID | scientificName | subtipo,35401 | Chrysobrycon hesperus | nombre con varios taxonID,media,INABIO
2484,678935,taxonomia,inconsistencia (cruce) entre taxonID y scientificName,taxonID | scientificName | subtipo,35156 | Anablepsoides | ambos (cruce multiple),media,INABIO
2491,678943,taxonomia,inconsistencia (cruce) entre taxonID y scientificName,taxonID | scientificName | subtipo,35238 | Astyanax fasciatus | taxonID apunta a varios nombres,media,INABIO
2494,678946,taxonomia,inconsistencia (cruce) entre taxonID y scientificName,taxonID | scientificName | subtipo,35581 | Hemigrammus | taxonID apunta a varios nombres,media,INABIO
2497,678949,taxonomia,inconsistencia (cruce) entre taxonID y scientificName,taxonID | scientificName | subtipo,35854 | Pimelodus blochii | ambos (cruce multiple),media,INABIO
2500,678954,taxonomia,inconsistencia (cruce) entre taxonID y scientificName,taxonID | scientificName | subtipo,35401 | Chrysobrycon hesperus | nombre con varios taxonID,media,INABIO
2503,678957,taxonomia,inconsistencia (cruce) entre taxonID y scientificName,taxonID | scientificName | subtipo,35293 | Bryconamericus | taxonID apunta a varios nombres,media,INABIO
253,678986,taxonomia,inconsistencia (cruce) entre taxonID y scientificName,taxonID | scientificName | subtipo,36061 | Tetragonopterus argenteus | taxonID apunta a varios nombres,media,INABIO
2532,678989,taxonomia,inconsistencia (cruce) entre taxonID y scientificName,taxonID | scientificName | subtipo,35593 | Hemiodus unimaculatus | nombre con varios taxonID,media,INABIO
2536,678993,taxonomia,inconsistencia (cruce) entre taxonID y scientificName,taxonID | scientificName | subtipo,35401 | Chrysobrycon hesperus | nombre con varios taxonID,media,INABIO
254,678997,taxonomia,inconsistencia (cruce) entre taxonID y scientificName,taxonID | scientificName | subtipo,35236 | Astyanax abramis | taxonID apunta a varios nombres,media,INABIO
2545,679003,taxonomia,inconsistencia (cruce) entre taxonID y scientificName,taxonID | scientificName | subtipo,35377 | Characidium | taxonID apunta a varios nombres,media,INABIO
2548,679006,taxonomia,inconsistencia (cruce) entre taxonID y scientificName,taxonID | scientificName | subtipo,35663 | Knodus | nombre con varios taxonID,media,INABIO
2551,679010,taxonomia,inconsistencia (cruce) entre taxonID y scientificName,taxonID | scientificName | subtipo,35663 | Knodus | nombre con varios taxonID,media,INABIO
2555,679014,taxonomia,inconsistencia (cruce) entre taxonID y scientificName,taxonID | scientificName | subtipo,35156 | Anablepsoides | ambos (cruce multiple),media,INABIO
2558,679017,taxonomia,inconsistencia (cruce) entre taxonID y scientificName,taxonID | scientificName | subtipo,35741 | Moenkhausia lepidura | taxonID apunta a varios nombres,media,INABIO
2559,679018,taxonomia,inconsistencia (cruce) entre taxonID y scientificName,taxonID | scientificName | subtipo,35156 | Anablepsoides rubrolineatus | taxonID apunta a varios nombres,media,INABIO
2560,679020,taxonomia,inconsistencia (cruce) entre taxonID y scientificName,taxonID | scientificName | subtipo,NA | Astyanax villwocki | nombre con varios taxonID,media,INABIO
2561,679021,taxonomia,inconsistencia (cruce) entre taxonID y scientificName,taxonID | scientificName | subtipo,35156 | Anablepsoides rubrolineatus | taxonID apunta a varios nombres,media,INABIO
2565,679025,taxonomia,inconsistencia (cruce) entre taxonID y scientificName,taxonID | scientificName | subtipo,35401 | Chrysobrycon hesperus | nombre con varios taxonID,media,INABIO
2567,679027,taxonomia,inconsistencia (cruce) entre taxonID y scientificName,taxonID | scientificName | subtipo,35385 | Charax tectifer | nombre con varios taxonID,media,INABIO
2570,679031,taxonomia,inconsistencia (cruce) entre taxonID y scientificName,taxonID | scientificName | subtipo,35236 | Astyanax abramis | taxonID apunta a varios nombres,media,INABIO
2572,679033,taxonomia,inconsistencia (cruce) entre taxonID y scientificName,taxonID | scientificName | subtipo,35235 | Astyanax villwocki | ambos (cruce multiple),media,INABIO
2574,679035,taxonomia,inconsistencia (cruce) entre taxonID y scientificName,taxonID | scientificName | subtipo,35235 | Astyanax | ambos (cruce multiple),media,INABIO
2575,679036,taxonomia,inconsistencia (cruce) entre taxonID y scientificName,taxonID | scientificName | subtipo,NA | Astyanax villwocki | nombre con varios taxonID,media,INABIO
2576,679037,taxonomia,inconsistencia (cruce) entre taxonID y scientificName,taxonID | scientificName | subtipo,35235 | Astyanax villwocki | ambos (cruce multiple),media,INABIO
2577,679038,taxonomia,inconsistencia (cruce) entre taxonID y scientificName,taxonID | scientificName | subtipo,35156 | Anablepsoides | ambos (cruce multiple),media,INABIO
2578,679039,taxonomia,inconsistencia (cruce) entre taxonID y scientificName,taxonID | scientificName | subtipo,35401 | Chrysobrycon hesperus | nombre con varios taxonID,media,INABIO
2579,679040,taxonomia,inconsistencia (cruce) entre taxonID y scientificName,taxonID | scientificName | subtipo,35733 | Moenkhausia collettii | nombre con varios taxonID,media,INABIO
2583,679045,taxonomia,inconsistencia (cruce) entre taxonID y scientificName,taxonID | scientificName | subtipo,36061 | Tetragonopterus argenteus | taxonID apunta a varios nombres,media,INABIO
2584,679046,taxonomia,inconsistencia (cruce) entre taxonID y scientificName,taxonID | scientificName | subtipo,36061 | Tetragonopterus argenteus | taxonID apunta a varios nombres,media,INABIO
259,679052,taxonomia,inconsistencia (cruce) entre taxonID y scientificName,taxonID | scientificName | subtipo,35851 | Pimelodella lateristriga | nombre con varios taxonID,media,INABIO
2592,679055,taxonomia,inconsistencia (cruce) entre taxonID y scientificName,taxonID | scientificName | subtipo,35401 | Chrysobrycon hesperus | nombre con varios taxonID,media,INABIO
2595,679058,taxonomia,inconsistencia (cruce) entre taxonID y scientificName,taxonID | scientificName | subtipo,35738 | Moenkhausia dichroura | nombre con varios taxonID,media,INABIO
2598,679061,taxonomia,inconsistencia (cruce) entre taxonID y scientificName,taxonID | scientificName | subtipo,35377 | Characidium steindachneri | taxonID apunta a varios nombres,media,INABIO
2600,679065,taxonomia,inconsistencia (cruce) entre taxonID y scientificName,taxonID | scientificName | subtipo,35741 | Moenkhausia lepidura | taxonID apunta a varios nombres,media,INABIO
2601,679066,taxonomia,inconsistencia (cruce) entre taxonID y scientificName,taxonID | scientificName | subtipo,35738 | Moenkhausia dichroura | nombre con varios taxonID,media,INABIO
2603,679068,taxonomia,inconsistencia (cruce) entre taxonID y scientificName,taxonID | scientificName | subtipo,35738 | Moenkhausia dichroura | nombre con varios taxonID,media,INABIO
2604,679069,taxonomia,inconsistencia (cruce) entre taxonID y scientificName,taxonID | scientificName | subtipo,35440 | Creagrutus flavescens | nombre con varios taxonID,media,INABIO
2609,679074,taxonomia,inconsistencia (cruce) entre taxonID y scientificName,taxonID | scientificName | subtipo,35156 | Anablepsoides rubrolineatus | taxonID apunta a varios nombres,media,INABIO
2610,679076,taxonomia,inconsistencia (cruce) entre taxonID y scientificName,taxonID | scientificName | subtipo,35401 | Chrysobrycon hesperus | nombre con varios taxonID,media,INABIO
2617,679083,taxonomia,inconsistencia (cruce) entre taxonID y scientificName,taxonID | scientificName | subtipo,35663 | Knodus | nombre con varios taxonID,media,INABIO
2674,679169,taxonomia,inconsistencia (cruce) entre taxonID y scientificName,taxonID | scientificName | subtipo,35741 | Moenkhausia lepidura | taxonID apunta a varios nombres,media,INABIO
2683,679179,taxonomia,inconsistencia (cruce) entre taxonID y scientificName,taxonID | scientificName | subtipo,35385 | Charax tectifer | nombre con varios taxonID,media,INABIO
2687,679183,taxonomia,inconsistencia (cruce) entre taxonID y scientificName,taxonID | scientificName | subtipo,35401 | Chrysobrycon hesperus | nombre con varios taxonID,media,INABIO
2689,679185,taxonomia,inconsistencia (cruce) entre taxonID y scientificName,taxonID | scientificName | subtipo,35733 | Moenkhausia collettii | nombre con varios taxonID,media,INABIO
2691,679188,taxonomia,inconsistencia (cruce) entre taxonID y scientificName,taxonID | scientificName | subtipo,35738 | Moenkhausia dichroura | nombre con varios taxonID,media,INABIO
2692,679189,taxonomia,inconsistencia (cruce) entre taxonID y scientificName,taxonID | scientificName | subtipo,35581 | Hemigrammus | taxonID apunta a varios nombres,media,INABIO
2693,679190,taxonomia,inconsistencia (cruce) entre taxonID y scientificName,taxonID | scientificName | subtipo,35581 | Hemigrammus | taxonID apunta a varios nombres,media,INABIO
2696,679193,taxonomia,inconsistencia (cruce) entre taxonID y scientificName,taxonID | scientificName | subtipo,35385 | Charax tectifer | nombre con varios taxonID,media,INABIO
270,679198,taxonomia,inconsistencia (cruce) entre taxonID y scientificName,taxonID | scientificName | subtipo,35611 | Hoplerythrinus unitaeniatus | nombre con varios taxonID,media,INABIO
2701,679200,taxonomia,inconsistencia (cruce) entre taxonID y scientificName,taxonID | scientificName | subtipo,35733 | Moenkhausia collettii | nombre con varios taxonID,media,INABIO
2703,679202,taxonomia,inconsistencia (cruce) entre taxonID y scientificName,taxonID | scientificName | subtipo,35663 | Knodus | nombre con varios taxonID,media,INABIO
2707,679206,taxonomia,inconsistencia (cruce) entre taxonID y scientificName,taxonID | scientificName | subtipo,35663 | Knodus | nombre con varios taxonID,media,INABIO
2711,679211,taxonomia,inconsistencia (cruce) entre taxonID y scientificName,taxonID | scientificName | subtipo,35385 | Charax tectifer | nombre con varios taxonID,media,INABIO
2712,679212,taxonomia,inconsistencia (cruce) entre taxonID y scientificName,taxonID | scientificName | subtipo,NA | Astyanax villwocki | nombre con varios taxonID,media,INABIO
2715,679215,taxonomia,inconsistencia (cruce) entre taxonID y scientificName,taxonID | scientificName | subtipo,35401 | Chrysobrycon hesperus | nombre con varios taxonID,media,INABIO
2716,679216,taxonomia,inconsistencia (cruce) entre taxonID y scientificName,taxonID | scientificName | subtipo,35663 | Knodus | nombre con varios taxonID,media,INABIO
2722,679223,taxonomia,inconsistencia (cruce) entre taxonID y scientificName,taxonID | scientificName | subtipo,35518 | Erythrinus erythrinus | taxonID apunta a varios nombres,media,INABIO
2740,679243,taxonomia,inconsistencia (cruce) entre taxonID y scientificName,taxonID | scientificName | subtipo,35235 | Astyanax | ambos (cruce multiple),media,INABIO
2742,679245,taxonomia,inconsistencia (cruce) entre taxonID y scientificName,taxonID | scientificName | subtipo,35518 | Erythrinus erythrinus | taxonID apunta a varios nombres,media,INABIO
2755,679259,taxonomia,inconsistencia (cruce) entre taxonID y scientificName,taxonID | scientificName | subtipo,35385 | Charax tectifer | nombre con varios taxonID,media,INABIO
276,679264,taxonomia,inconsistencia (cruce) entre taxonID y scientificName,taxonID | scientificName | subtipo,35157 | Anablepsoides urophthalmus | nombre con varios taxonID,media,INABIO
2774,679280,taxonomia,inconsistencia (cruce) entre taxonID y scientificName,taxonID | scientificName | subtipo,35468 | Curimata vittata | nombre con varios taxonID,media,INABIO
2788,679295,taxonomia,inconsistencia (cruce) entre taxonID y scientificName,taxonID | scientificName | subtipo,36061 | Tetragonopterus argenteus | taxonID apunta a varios nombres,media,INABIO
2803,679313,taxonomia,inconsistencia (cruce) entre taxonID y scientificName,taxonID | scientificName | subtipo,35741 | Moenkhausia lepidura | taxonID apunta a varios nombres,media,INABIO
2804,679314,taxonomia,inconsistencia (cruce) entre taxonID y scientificName,taxonID | scientificName | subtipo,35741 | Moenkhausia dichroura | ambos (cruce multiple),media,INABIO
2810,679321,taxonomia,inconsistencia (cruce) entre taxonID y scientificName,taxonID | scientificName | subtipo,35738 | Moenkhausia dichroura | nombre con varios taxonID,media,INABIO
2813,679324,taxonomia,inconsistencia (cruce) entre taxonID y scientificName,taxonID | scientificName | subtipo,35738 | Moenkhausia dichroura | nombre con varios taxonID,media,INABIO
2816,679327,taxonomia,inconsistencia (cruce) entre taxonID y scientificName,taxonID | scientificName | subtipo,35738 | Moenkhausia dichroura | nombre con varios taxonID,media,INABIO
2817,679328,taxonomia,inconsistencia (cruce) entre taxonID y scientificName,taxonID | scientificName | subtipo,35401 | Chrysobrycon hesperus | nombre con varios taxonID,media,INABIO
282,679331,taxonomia,inconsistencia (cruce) entre taxonID y scientificName,taxonID | scientificName | subtipo,35455 | Crenicichla saxatilis | nombre con varios taxonID,media,INABIO
2821,679333,taxonomia,inconsistencia (cruce) entre taxonID y scientificName,taxonID | scientificName | subtipo,35738 | Moenkhausia dichroura | nombre con varios taxonID,media,INABIO
2823,679335,taxonomia,inconsistencia (cruce) entre taxonID y scientificName,taxonID | scientificName | subtipo,35741 | Moenkhausia lepidura | taxonID apunta a varios nombres,media,INABIO
2824,679336,taxonomia,inconsistencia (cruce) entre taxonID y scientificName,taxonID | scientificName | subtipo,35738 | Moenkhausia dichroura | nombre con varios taxonID,media,INABIO
283,679342,taxonomia,inconsistencia (cruce) entre taxonID y scientificName,taxonID | scientificName | subtipo,35157 | Anablepsoides urophthalmus | nombre con varios taxonID,media,INABIO
2830,679343,taxonomia,inconsistencia (cruce) entre taxonID y scientificName,taxonID | scientificName | subtipo,35293 | Bryconamericus | taxonID apunta a varios nombres,media,INABIO
2831,679344,taxonomia,inconsistencia (cruce) entre taxonID y scientificName,taxonID | scientificName | subtipo,35385 | Charax tectifer | nombre con varios taxonID,media,INABIO
2834,679347,taxonomia,inconsistencia (cruce) entre taxonID y scientificName,taxonID | scientificName | subtipo,35400 | Chrysobrycon hesperus | ambos (cruce multiple),media,INABIO
2838,679351,taxonomia,inconsistencia (cruce) entre taxonID y scientificName,taxonID | scientificName | subtipo,35741 | Moenkhausia lepidura | taxonID apunta a varios nombres,media,INABIO
2841,679355,taxonomia,inconsistencia (cruce) entre taxonID y scientificName,taxonID | scientificName | subtipo,35733 | Moenkhausia collettii | nombre con varios taxonID,media,INABIO
2843,679357,taxonomia,inconsistencia (cruce) entre taxonID y scientificName,taxonID | scientificName | subtipo,35581 | Hemigrammus | taxonID apunta a varios nombres,media,INABIO
2845,679359,taxonomia,inconsistencia (cruce) entre taxonID y scientificName,taxonID | scientificName | subtipo,35738 | Moenkhausia dichroura | nombre con varios taxonID,media,INABIO
2848,679362,taxonomia,inconsistencia (cruce) entre taxonID y scientificName,taxonID | scientificName | subtipo,35581 | Hemigrammus | taxonID apunta a varios nombres,media,INABIO
2851,679366,taxonomia,inconsistencia (cruce) entre taxonID y scientificName,taxonID | scientificName | subtipo,35400 | Chrysobrycon | taxonID apunta a varios nombres,media,INABIO
2854,679369,taxonomia,inconsistencia (cruce) entre taxonID y scientificName,taxonID | scientificName | subtipo,35581 | Hemigrammus | taxonID apunta a varios nombres,media,INABIO
2859,679374,taxonomia,inconsistencia (cruce) entre taxonID y scientificName,taxonID | scientificName | subtipo,35663 | Knodus | nombre con varios taxonID,media,INABIO
286,679375,taxonomia,inconsistencia (cruce) entre taxonID y scientificName,taxonID | scientificName | subtipo,35455 | Crenicichla saxatilis | nombre con varios taxonID,media,INABIO
287,679386,taxonomia,inconsistencia (cruce) entre taxonID y scientificName,taxonID | scientificName | subtipo,36061 | Tetragonopterus argenteus | taxonID apunta a varios nombres,media,INABIO
2873,679390,taxonomia,inconsistencia (cruce) entre taxonID y scientificName,taxonID | scientificName | subtipo,35850 | Pimelodella grisea | taxonID apunta a varios nombres,media,INABIO
2883,679401,taxonomia,inconsistencia (cruce) entre taxonID y scientificName,taxonID | scientificName | subtipo,35850 | Pimelodella grisea | taxonID apunta a varios nombres,media,INABIO
289,679408,taxonomia,inconsistencia (cruce) entre taxonID y scientificName,taxonID | scientificName | subtipo,35850 | Pimelodella grisea | taxonID apunta a varios nombres,media,INABIO
2894,679413,taxonomia,inconsistencia (cruce) entre taxonID y scientificName,taxonID | scientificName | subtipo,35850 | Pimelodella grisea | taxonID apunta a varios nombres,media,INABIO
290,679420,taxonomia,inconsistencia (cruce) entre taxonID y scientificName,taxonID | scientificName | subtipo,35157 | Anablepsoides urophthalmus | nombre con varios taxonID,media,INABIO
2916,679438,taxonomia,inconsistencia (cruce) entre taxonID y scientificName,taxonID | scientificName | subtipo,35850 | Pimelodella grisea | taxonID apunta a varios nombres,media,INABIO
2930,679454,taxonomia,inconsistencia (cruce) entre taxonID y scientificName,taxonID | scientificName | subtipo,35850 | Pimelodella grisea | taxonID apunta a varios nombres,media,INABIO
2937,679461,taxonomia,inconsistencia (cruce) entre taxonID y scientificName,taxonID | scientificName | subtipo,35850 | Pimelodella grisea | taxonID apunta a varios nombres,media,INABIO
2947,679472,taxonomia,inconsistencia (cruce) entre taxonID y scientificName,taxonID | scientificName | subtipo,35455 | Crenicichla saxatilis | nombre con varios taxonID,media,INABIO
295,679475,taxonomia,inconsistencia (cruce) entre taxonID y scientificName,taxonID | scientificName | subtipo,36061 | Tetragonopterus argenteus | taxonID apunta a varios nombres,media,INABIO
2958,679484,taxonomia,inconsistencia (cruce) entre taxonID y scientificName,taxonID | scientificName | subtipo,35851 | Pimelodella lateristriga | nombre con varios taxonID,media,INABIO
2973,679501,taxonomia,inconsistencia (cruce) entre taxonID y scientificName,taxonID | scientificName | subtipo,35738 | Moenkhausia dichroura | nombre con varios taxonID,media,INABIO
2974,679502,taxonomia,inconsistencia (cruce) entre taxonID y scientificName,taxonID | scientificName | subtipo,35401 | Chrysobrycon hesperus | nombre con varios taxonID,media,INABIO
2975,679503,taxonomia,inconsistencia (cruce) entre taxonID y scientificName,taxonID | scientificName | subtipo,35293 | Bryconamericus | taxonID apunta a varios nombres,media,INABIO
2976,679504,taxonomia,inconsistencia (cruce) entre taxonID y scientificName,taxonID | scientificName | subtipo,35385 | Charax tectifer | nombre con varios taxonID,media,INABIO
2977,679505,taxonomia,inconsistencia (cruce) entre taxonID y scientificName,taxonID | scientificName | subtipo,35581 | Hemigrammus | taxonID apunta a varios nombres,media,INABIO
2979,679507,taxonomia,inconsistencia (cruce) entre taxonID y scientificName,taxonID | scientificName | subtipo,35401 | Chrysobrycon hesperus | nombre con varios taxonID,media,INABIO
299,679519,taxonomia,inconsistencia (cruce) entre taxonID y scientificName,taxonID | scientificName | subtipo,35236 | Astyanax abramis | taxonID apunta a varios nombres,media,INABIO
3001,679534,taxonomia,inconsistencia (cruce) entre taxonID y scientificName,taxonID | scientificName | subtipo,35733 | Moenkhausia collettii | nombre con varios taxonID,media,INABIO
3004,679537,taxonomia,inconsistencia (cruce) entre taxonID y scientificName,taxonID | scientificName | subtipo,35235 | Astyanax | ambos (cruce multiple),media,INABIO
3015,679549,taxonomia,inconsistencia (cruce) entre taxonID y scientificName,taxonID | scientificName | subtipo,35377 | Characidium | taxonID apunta a varios nombres,media,INABIO
3018,679552,taxonomia,inconsistencia (cruce) entre taxonID y scientificName,taxonID | scientificName | subtipo,35236 | Astyanax abramis | taxonID apunta a varios nombres,media,INABIO
3019,679553,taxonomia,inconsistencia (cruce) entre taxonID y scientificName,taxonID | scientificName | subtipo,NA | Astyanax villwocki | nombre con varios taxonID,media,INABIO
3020,679555,taxonomia,inconsistencia (cruce) entre taxonID y scientificName,taxonID | scientificName | subtipo,35962 | Rivulus | taxonID apunta a varios nombres,media,INABIO
3021,679556,taxonomia,inconsistencia (cruce) entre taxonID y scientificName,taxonID | scientificName | subtipo,35385 | Charax tectifer | nombre con varios taxonID,media,INABIO
3033,679569,taxonomia,inconsistencia (cruce) entre taxonID y scientificName,taxonID | scientificName | subtipo,35741 | Moenkhausia lepidura | taxonID apunta a varios nombres,media,INABIO
3035,679571,taxonomia,inconsistencia (cruce) entre taxonID y scientificName,taxonID | scientificName | subtipo,35738 | Moenkhausia dichroura | nombre con varios taxonID,media,INABIO
3047,679584,taxonomia,inconsistencia (cruce) entre taxonID y scientificName,taxonID | scientificName | subtipo,35235 | Astyanax | ambos (cruce multiple),media,INABIO
3068,679607,taxonomia,inconsistencia (cruce) entre taxonID y scientificName,taxonID | scientificName | subtipo,35400 | Chrysobrycon | taxonID apunta a varios nombres,media,INABIO
3079,679619,taxonomia,inconsistencia (cruce) entre taxonID y scientificName,taxonID | scientificName | subtipo,35611 | Hoplerythrinus unitaeniatus | nombre con varios taxonID,media,INABIO
3086,679627,taxonomia,inconsistencia (cruce) entre taxonID y scientificName,taxonID | scientificName | subtipo,NA | Astyanax villwocki | nombre con varios taxonID,media,INABIO
3091,679633,taxonomia,inconsistencia (cruce) entre taxonID y scientificName,taxonID | scientificName | subtipo,35236 | Astyanax abramis | taxonID apunta a varios nombres,media,INABIO
3105,679649,taxonomia,inconsistencia (cruce) entre taxonID y scientificName,taxonID | scientificName | subtipo,35293 | Bryconamericus | taxonID apunta a varios nombres,media,INABIO
313,679676,taxonomia,inconsistencia (cruce) entre taxonID y scientificName,taxonID | scientificName | subtipo,35738 | Moenkhausia dichroura | nombre con varios taxonID,media,INABIO
326,679820,taxonomia,inconsistencia (cruce) entre taxonID y scientificName,taxonID | scientificName | subtipo,35455 | Crenicichla saxatilis | nombre con varios taxonID,media,INABIO
329,679853,taxonomia,inconsistencia (cruce) entre taxonID y scientificName,taxonID | scientificName | subtipo,35663 | Knodus | nombre con varios taxonID,media,INABIO
330,679865,taxonomia,inconsistencia (cruce) entre taxonID y scientificName,taxonID | scientificName | subtipo,35236 | Astyanax abramis | taxonID apunta a varios nombres,media,INABIO
331,679876,taxonomia,inconsistencia (cruce) entre taxonID y scientificName,taxonID | scientificName | subtipo,35236 | Astyanax abramis | taxonID apunta a varios nombres,media,INABIO
332,679887,taxonomia,inconsistencia (cruce) entre taxonID y scientificName,taxonID | scientificName | subtipo,35293 | Bryconamericus | taxonID apunta a varios nombres,media,INABIO
335,679920,taxonomia,inconsistencia (cruce) entre taxonID y scientificName,taxonID | scientificName | subtipo,35236 | Astyanax abramis | taxonID apunta a varios nombres,media,INABIO
337,679942,taxonomia,inconsistencia (cruce) entre taxonID y scientificName,taxonID | scientificName | subtipo,35236 | Astyanax abramis | taxonID apunta a varios nombres,media,INABIO
3372,679945,taxonomia,inconsistencia (cruce) entre taxonID y scientificName,taxonID | scientificName | subtipo,36061 | Tetragonopterus argenteus | taxonID apunta a varios nombres,media,INABIO
338,679953,taxonomia,inconsistencia (cruce) entre taxonID y scientificName,taxonID | scientificName | subtipo,35236 | Astyanax abramis | taxonID apunta a varios nombres,media,INABIO
3384,679958,taxonomia,inconsistencia (cruce) entre taxonID y scientificName,taxonID | scientificName | subtipo,35738 | Moenkhausia dichroura | nombre con varios taxonID,media,INABIO
3390,679965,taxonomia,inconsistencia (cruce) entre taxonID y scientificName,taxonID | scientificName | subtipo,35581 | Hemigrammus | taxonID apunta a varios nombres,media,INABIO
340,679976,taxonomia,inconsistencia (cruce) entre taxonID y scientificName,taxonID | scientificName | subtipo,35293 | Bryconamericus | taxonID apunta a varios nombres,media,INABIO
3432,680012,taxonomia,inconsistencia (cruce) entre taxonID y scientificName,taxonID | scientificName | subtipo,35293 | Bryconamericus | taxonID apunta a varios nombres,media,INABIO
3449,680030,taxonomia,inconsistencia (cruce) entre taxonID y scientificName,taxonID | scientificName | subtipo,35293 | Bryconamericus | taxonID apunta a varios nombres,media,INABIO
3460,680043,taxonomia,inconsistencia (cruce) entre taxonID y scientificName,taxonID | scientificName | subtipo,35293 | Bryconamericus | taxonID apunta a varios nombres,media,INABIO
3466,680049,taxonomia,inconsistencia (cruce) entre taxonID y scientificName,taxonID | scientificName | subtipo,35293 | Bryconamericus | taxonID apunta a varios nombres,media,INABIO
3467,680050,taxonomia,inconsistencia (cruce) entre taxonID y scientificName,taxonID | scientificName | subtipo,35293 | Bryconamericus | taxonID apunta a varios nombres,media,INABIO
3482,680067,taxonomia,inconsistencia (cruce) entre taxonID y scientificName,taxonID | scientificName | subtipo,35293 | Bryconamericus | taxonID apunta a varios nombres,media,INABIO
3492,680078,taxonomia,inconsistencia (cruce) entre taxonID y scientificName,taxonID | scientificName | subtipo,35293 | Bryconamericus | taxonID apunta a varios nombres,media,INABIO
3500,680088,taxonomia,inconsistencia (cruce) entre taxonID y scientificName,taxonID | scientificName | subtipo,35293 | Bryconamericus | taxonID apunta a varios nombres,media,INABIO
3509,680097,taxonomia,inconsistencia (cruce) entre taxonID y scientificName,taxonID | scientificName | subtipo,35293 | Bryconamericus | taxonID apunta a varios nombres,media,INABIO
3518,680107,taxonomia,inconsistencia (cruce) entre taxonID y scientificName,taxonID | scientificName | subtipo,35468 | Curimata vittata | nombre con varios taxonID,media,INABIO
352,680109,taxonomia,inconsistencia (cruce) entre taxonID y scientificName,taxonID | scientificName | subtipo,35581 | Hemigrammus | taxonID apunta a varios nombres,media,INABIO
3529,680142,taxonomia,inconsistencia (cruce) entre taxonID y scientificName,taxonID | scientificName | subtipo,35611 | Hoplerythrinus unitaeniatus | nombre con varios taxonID,media,INABIO
3535,680149,taxonomia,inconsistencia (cruce) entre taxonID y scientificName,taxonID | scientificName | subtipo,36061 | Tetragonopterus argenteus | taxonID apunta a varios nombres,media,INABIO
3542,680157,taxonomia,inconsistencia (cruce) entre taxonID y scientificName,taxonID | scientificName | subtipo,35455 | Crenicichla saxatilis | nombre con varios taxonID,media,INABIO
3548,680163,taxonomia,inconsistencia (cruce) entre taxonID y scientificName,taxonID | scientificName | subtipo,35518 | Erythrinus erythrinus | taxonID apunta a varios nombres,media,INABIO
356,680176,taxonomia,inconsistencia (cruce) entre taxonID y scientificName,taxonID | scientificName | subtipo,35385 | Charax tectifer | nombre con varios taxonID,media,INABIO
357,680187,taxonomia,inconsistencia (cruce) entre taxonID y scientificName,taxonID | scientificName | subtipo,35581 | Hemigrammus | taxonID apunta a varios nombres,media,INABIO
3571,680189,taxonomia,inconsistencia (cruce) entre taxonID y scientificName,taxonID | scientificName | subtipo,35518 | Erythrinus erythrinus | taxonID apunta a varios nombres,media,INABIO
358,680198,taxonomia,inconsistencia (cruce) entre taxonID y scientificName,taxonID | scientificName | subtipo,36061 | Tetragonopterus argenteus | taxonID apunta a varios nombres,media,INABIO
3588,680207,taxonomia,inconsistencia (cruce) entre taxonID y scientificName,taxonID | scientificName | subtipo,35851 | Pimelodella lateristriga | nombre con varios taxonID,media,INABIO
3589,680208,taxonomia,inconsistencia (cruce) entre taxonID y scientificName,taxonID | scientificName | subtipo,35468 | Curimata vittata | nombre con varios taxonID,media,INABIO
359,680209,taxonomia,inconsistencia (cruce) entre taxonID y scientificName,taxonID | scientificName | subtipo,35401 | Chrysobrycon hesperus | nombre con varios taxonID,media,INABIO
3594,680214,taxonomia,inconsistencia (cruce) entre taxonID y scientificName,taxonID | scientificName | subtipo,36029 | Steindachnerina bimaculata | taxonID apunta a varios nombres,media,INABIO
3597,680217,taxonomia,inconsistencia (cruce) entre taxonID y scientificName,taxonID | scientificName | subtipo,35455 | Crenicichla saxatilis | nombre con varios taxonID,media,INABIO
3609,680231,taxonomia,inconsistencia (cruce) entre taxonID y scientificName,taxonID | scientificName | subtipo,35236 | Astyanax abramis | taxonID apunta a varios nombres,media,INABIO
361,680232,taxonomia,inconsistencia (cruce) entre taxonID y scientificName,taxonID | scientificName | subtipo,35236 | Astyanax abramis | taxonID apunta a varios nombres,media,INABIO
3616,680239,taxonomia,inconsistencia (cruce) entre taxonID y scientificName,taxonID | scientificName | subtipo,35236 | Astyanax abramis | taxonID apunta a varios nombres,media,INABIO
3617,680240,taxonomia,inconsistencia (cruce) entre taxonID y scientificName,taxonID | scientificName | subtipo,35611 | Hoplerythrinus unitaeniatus | nombre con varios taxonID,media,INABIO
3621,680245,taxonomia,inconsistencia (cruce) entre taxonID y scientificName,taxonID | scientificName | subtipo,35385 | Charax tectifer | nombre con varios taxonID,media,INABIO
3624,680248,taxonomia,inconsistencia (cruce) entre taxonID y scientificName,taxonID | scientificName | subtipo,35822 | Paratrygon aiereba | nombre con varios taxonID,media,INABIO
3629,680253,taxonomia,inconsistencia (cruce) entre taxonID y scientificName,taxonID | scientificName | subtipo,35236 | Astyanax abramis | taxonID apunta a varios nombres,media,INABIO
3639,680264,taxonomia,inconsistencia (cruce) entre taxonID y scientificName,taxonID | scientificName | subtipo,35381 | Characidium purpuratum | nombre con varios taxonID,media,INABIO
364,680265,taxonomia,inconsistencia (cruce) entre taxonID y scientificName,taxonID | scientificName | subtipo,35581 | Hemigrammus | taxonID apunta a varios nombres,media,INABIO
366,680287,taxonomia,inconsistencia (cruce) entre taxonID y scientificName,taxonID | scientificName | subtipo,35851 | Pimelodella lateristriga | nombre con varios taxonID,media,INABIO
3661,680289,taxonomia,inconsistencia (cruce) entre taxonID y scientificName,taxonID | scientificName | subtipo,35119 | Acestrorhynchus | taxonID apunta a varios nombres,media,INABIO
3665,680293,taxonomia,inconsistencia (cruce) entre taxonID y scientificName,taxonID | scientificName | subtipo,35741 | Moenkhausia lepidura | taxonID apunta a varios nombres,media,INABIO
3671,680300,taxonomia,inconsistencia (cruce) entre taxonID y scientificName,taxonID | scientificName | subtipo,35581 | Hemigrammus | taxonID apunta a varios nombres,media,INABIO
3679,680308,taxonomia,inconsistencia (cruce) entre taxonID y scientificName,taxonID | scientificName | subtipo,35468 | Curimata vittata | nombre con varios taxonID,media,INABIO
3682,680312,taxonomia,inconsistencia (cruce) entre taxonID y scientificName,taxonID | scientificName | subtipo,35592 | Hemiodus microlepis | taxonID apunta a varios nombres,media,INABIO
3684,680314,taxonomia,inconsistencia (cruce) entre taxonID y scientificName,taxonID | scientificName | subtipo,36061 | Tetragonopterus argenteus | taxonID apunta a varios nombres,media,INABIO
3685,680315,taxonomia,inconsistencia (cruce) entre taxonID y scientificName,taxonID | scientificName | subtipo,36061 | Tetragonopterus argenteus | taxonID apunta a varios nombres,media,INABIO
3689,680319,taxonomia,inconsistencia (cruce) entre taxonID y scientificName,taxonID | scientificName | subtipo,35455 | Crenicichla saxatilis | nombre con varios taxonID,media,INABIO
3690,680321,taxonomia,inconsistencia (cruce) entre taxonID y scientificName,taxonID | scientificName | subtipo,35592 | Hemiodus microlepis | taxonID apunta a varios nombres,media,INABIO
3692,680323,taxonomia,inconsistencia (cruce) entre taxonID y scientificName,taxonID | scientificName | subtipo,35385 | Charax tectifer | nombre con varios taxonID,media,INABIO
3695,680326,taxonomia,inconsistencia (cruce) entre taxonID y scientificName,taxonID | scientificName | subtipo,35293 | Bryconamericus | taxonID apunta a varios nombres,media,INABIO
3710,680344,taxonomia,inconsistencia (cruce) entre taxonID y scientificName,taxonID | scientificName | subtipo,35385 | Charax tectifer | nombre con varios taxonID,media,INABIO
3712,680346,taxonomia,inconsistencia (cruce) entre taxonID y scientificName,taxonID | scientificName | subtipo,36061 | Tetragonopterus argenteus | taxonID apunta a varios nombres,media,INABIO
3713,680347,taxonomia,inconsistencia (cruce) entre taxonID y scientificName,taxonID | scientificName | subtipo,35518 | Erythrinus erythrinus | taxonID apunta a varios nombres,media,INABIO
3714,680348,taxonomia,inconsistencia (cruce) entre taxonID y scientificName,taxonID | scientificName | subtipo,35455 | Crenicichla saxatilis | nombre con varios taxonID,media,INABIO
372,680354,taxonomia,inconsistencia (cruce) entre taxonID y scientificName,taxonID | scientificName | subtipo,35401 | Chrysobrycon hesperus | nombre con varios taxonID,media,INABIO
3731,680367,taxonomia,inconsistencia (cruce) entre taxonID y scientificName,taxonID | scientificName | subtipo,35468 | Curimata vittata | nombre con varios taxonID,media,INABIO
3733,680369,taxonomia,inconsistencia (cruce) entre taxonID y scientificName,taxonID | scientificName | subtipo,36061 | Tetragonopterus argenteus | taxonID apunta a varios nombres,media,INABIO
3734,680370,taxonomia,inconsistencia (cruce) entre taxonID y scientificName,taxonID | scientificName | subtipo,35856 | Pimelodus blochii | nombre con varios taxonID,media,INABIO
3736,680372,taxonomia,inconsistencia (cruce) entre taxonID y scientificName,taxonID | scientificName | subtipo,35450 | Crenicichla cincta | taxonID apunta a varios nombres,media,INABIO
3744,680381,taxonomia,inconsistencia (cruce) entre taxonID y scientificName,taxonID | scientificName | subtipo,35856 | Pimelodus blochii | nombre con varios taxonID,media,INABIO
3745,680382,taxonomia,inconsistencia (cruce) entre taxonID y scientificName,taxonID | scientificName | subtipo,35592 | Hemiodus microlepis | taxonID apunta a varios nombres,media,INABIO
375,680387,taxonomia,inconsistencia (cruce) entre taxonID y scientificName,taxonID | scientificName | subtipo,36061 | Tetragonopterus argenteus | taxonID apunta a varios nombres,media,INABIO
376,680398,taxonomia,inconsistencia (cruce) entre taxonID y scientificName,taxonID | scientificName | subtipo,35581 | Hemigrammus | taxonID apunta a varios nombres,media,INABIO
3761,680400,taxonomia,inconsistencia (cruce) entre taxonID y scientificName,taxonID | scientificName | subtipo,36061 | Tetragonopterus argenteus | taxonID apunta a varios nombres,media,INABIO
3773,680413,taxonomia,inconsistencia (cruce) entre taxonID y scientificName,taxonID | scientificName | subtipo,35381 | Characidium purpuratum | nombre con varios taxonID,media,INABIO
3777,680417,taxonomia,inconsistencia (cruce) entre taxonID y scientificName,taxonID | scientificName | subtipo,35450 | Crenicichla cincta | taxonID apunta a varios nombres,media,INABIO
3779,680419,taxonomia,inconsistencia (cruce) entre taxonID y scientificName,taxonID | scientificName | subtipo,35385 | Charax tectifer | nombre con varios taxonID,media,INABIO
3783,680424,taxonomia,inconsistencia (cruce) entre taxonID y scientificName,taxonID | scientificName | subtipo,35581 | Hemigrammus | taxonID apunta a varios nombres,media,INABIO
3786,680427,taxonomia,inconsistencia (cruce) entre taxonID y scientificName,taxonID | scientificName | subtipo,35851 | Pimelodella lateristriga | nombre con varios taxonID,media,INABIO
3796,680438,taxonomia,inconsistencia (cruce) entre taxonID y scientificName,taxonID | scientificName | subtipo,35611 | Hoplerythrinus unitaeniatus | nombre con varios taxonID,media,INABIO
3803,680447,taxonomia,inconsistencia (cruce) entre taxonID y scientificName,taxonID | scientificName | subtipo,35581 | Hemigrammus | taxonID apunta a varios nombres,media,INABIO
3805,680449,taxonomia,inconsistencia (cruce) entre taxonID y scientificName,taxonID | scientificName | subtipo,35851 | Pimelodella lateristriga | nombre con varios taxonID,media,INABIO
3807,680451,taxonomia,inconsistencia (cruce) entre taxonID y scientificName,taxonID | scientificName | subtipo,36061 | Tetragonopterus argenteus | taxonID apunta a varios nombres,media,INABIO
3811,680456,taxonomia,inconsistencia (cruce) entre taxonID y scientificName,taxonID | scientificName | subtipo,35854 | Pimelodus | taxonID apunta a varios nombres,media,INABIO
3827,680473,taxonomia,inconsistencia (cruce) entre taxonID y scientificName,taxonID | scientificName | subtipo,35385 | Charax tectifer | nombre con varios taxonID,media,INABIO
3836,680483,taxonomia,inconsistencia (cruce) entre taxonID y scientificName,taxonID | scientificName | subtipo,35455 | Crenicichla saxatilis | nombre con varios taxonID,media,INABIO
3839,680486,taxonomia,inconsistencia (cruce) entre taxonID y scientificName,taxonID | scientificName | subtipo,35518 | Erythrinus erythrinus | taxonID apunta a varios nombres,media,INABIO
384,680487,taxonomia,inconsistencia (cruce) entre taxonID y scientificName,taxonID | scientificName | subtipo,35663 | Knodus | nombre con varios taxonID,media,INABIO
3846,680494,taxonomia,inconsistencia (cruce) entre taxonID y scientificName,taxonID | scientificName | subtipo,35856 | Pimelodus blochii | nombre con varios taxonID,media,INABIO
386,680509,taxonomia,inconsistencia (cruce) entre taxonID y scientificName,taxonID | scientificName | subtipo,35385 | Charax tectifer | nombre con varios taxonID,media,INABIO
3861,680511,taxonomia,inconsistencia (cruce) entre taxonID y scientificName,taxonID | scientificName | subtipo,35518 | Erythrinus erythrinus | taxonID apunta a varios nombres,media,INABIO
3862,680512,taxonomia,inconsistencia (cruce) entre taxonID y scientificName,taxonID | scientificName | subtipo,35518 | Erythrinus erythrinus | taxonID apunta a varios nombres,media,INABIO
3863,680513,taxonomia,inconsistencia (cruce) entre taxonID y scientificName,taxonID | scientificName | subtipo,35455 | Crenicichla saxatilis | nombre con varios taxonID,media,INABIO
3932,680590,taxonomia,inconsistencia (cruce) entre taxonID y scientificName,taxonID | scientificName | subtipo,35850 | Pimelodella grisea | taxonID apunta a varios nombres,media,INABIO
3957,680617,taxonomia,inconsistencia (cruce) entre taxonID y scientificName,taxonID | scientificName | subtipo,35439 | Creagrutus beni | taxonID apunta a varios nombres,media,INABIO
396,680620,taxonomia,inconsistencia (cruce) entre taxonID y scientificName,taxonID | scientificName | subtipo,35663 | Knodus | nombre con varios taxonID,media,INABIO
397,680631,taxonomia,inconsistencia (cruce) entre taxonID y scientificName,taxonID | scientificName | subtipo,35236 | Astyanax abramis | taxonID apunta a varios nombres,media,INABIO
4012,680680,taxonomia,inconsistencia (cruce) entre taxonID y scientificName,taxonID | scientificName | subtipo,36061 | Tetragonopterus argenteus | taxonID apunta a varios nombres,media,INABIO
4013,680681,taxonomia,inconsistencia (cruce) entre taxonID y scientificName,taxonID | scientificName | subtipo,35851 | Pimelodella lateristriga | nombre con varios taxonID,media,INABIO
4018,680686,taxonomia,inconsistencia (cruce) entre taxonID y scientificName,taxonID | scientificName | subtipo,35385 | Charax tectifer | nombre con varios taxonID,media,INABIO
4023,680692,taxonomia,inconsistencia (cruce) entre taxonID y scientificName,taxonID | scientificName | subtipo,35236 | Astyanax abramis | taxonID apunta a varios nombres,media,INABIO
4024,680693,taxonomia,inconsistencia (cruce) entre taxonID y scientificName,taxonID | scientificName | subtipo,NA | Astyanax villwocki | nombre con varios taxonID,media,INABIO
4025,680694,taxonomia,inconsistencia (cruce) entre taxonID y scientificName,taxonID | scientificName | subtipo,35455 | Crenicichla saxatilis | nombre con varios taxonID,media,INABIO
4026,680695,taxonomia,inconsistencia (cruce) entre taxonID y scientificName,taxonID | scientificName | subtipo,35851 | Pimelodella lateristriga | nombre con varios taxonID,media,INABIO
4028,680697,taxonomia,inconsistencia (cruce) entre taxonID y scientificName,taxonID | scientificName | subtipo,35455 | Crenicichla saxatilis | nombre con varios taxonID,media,INABIO
4030,680700,taxonomia,inconsistencia (cruce) entre taxonID y scientificName,taxonID | scientificName | subtipo,35236 | Astyanax abramis | taxonID apunta a varios nombres,media,INABIO
4031,680701,taxonomia,inconsistencia (cruce) entre taxonID y scientificName,taxonID | scientificName | subtipo,NA | Astyanax villwocki | nombre con varios taxonID,media,INABIO
4038,680708,taxonomia,inconsistencia (cruce) entre taxonID y scientificName,taxonID | scientificName | subtipo,35385 | Charax tectifer | nombre con varios taxonID,media,INABIO
404,680710,taxonomia,inconsistencia (cruce) entre taxonID y scientificName,taxonID | scientificName | subtipo,35738 | Moenkhausia dichroura | nombre con varios taxonID,media,INABIO
4042,680713,taxonomia,inconsistencia (cruce) entre taxonID y scientificName,taxonID | scientificName | subtipo,35450 | Crenicichla cincta | taxonID apunta a varios nombres,media,INABIO
4044,680715,taxonomia,inconsistencia (cruce) entre taxonID y scientificName,taxonID | scientificName | subtipo,35518 | Erythrinus erythrinus | taxonID apunta a varios nombres,media,INABIO
4046,680717,taxonomia,inconsistencia (cruce) entre taxonID y scientificName,taxonID | scientificName | subtipo,35293 | Bryconamericus | taxonID apunta a varios nombres,media,INABIO
4048,680719,taxonomia,inconsistencia (cruce) entre taxonID y scientificName,taxonID | scientificName | subtipo,35455 | Crenicichla saxatilis | nombre con varios taxonID,media,INABIO
405,680721,taxonomia,inconsistencia (cruce) entre taxonID y scientificName,taxonID | scientificName | subtipo,35581 | Hemigrammus | taxonID apunta a varios nombres,media,INABIO
4055,680727,taxonomia,inconsistencia (cruce) entre taxonID y scientificName,taxonID | scientificName | subtipo,NA | Astyanax villwocki | nombre con varios taxonID,media,INABIO
4056,680728,taxonomia,inconsistencia (cruce) entre taxonID y scientificName,taxonID | scientificName | subtipo,35455 | Crenicichla saxatilis | nombre con varios taxonID,media,INABIO
406,680732,taxonomia,inconsistencia (cruce) entre taxonID y scientificName,taxonID | scientificName | subtipo,35400 | Chrysobrycon | taxonID apunta a varios nombres,media,INABIO
4060,680733,taxonomia,inconsistencia (cruce) entre taxonID y scientificName,taxonID | scientificName | subtipo,35518 | Erythrinus erythrinus | taxonID apunta a varios nombres,media,INABIO
4064,680737,taxonomia,inconsistencia (cruce) entre taxonID y scientificName,taxonID | scientificName | subtipo,35455 | Crenicichla saxatilis | nombre con varios taxonID,media,INABIO
4071,680745,taxonomia,inconsistencia (cruce) entre taxonID y scientificName,taxonID | scientificName | subtipo,35293 | Bryconamericus | taxonID apunta a varios nombres,media,INABIO
411,680788,taxonomia,inconsistencia (cruce) entre taxonID y scientificName,taxonID | scientificName | subtipo,35235 | Astyanax | ambos (cruce multiple),media,INABIO
4137,680818,taxonomia,inconsistencia (cruce) entre taxonID y scientificName,taxonID | scientificName | subtipo,35581 | Hemigrammus | taxonID apunta a varios nombres,media,INABIO
4139,680820,taxonomia,inconsistencia (cruce) entre taxonID y scientificName,taxonID | scientificName | subtipo,35581 | Hemigrammus | taxonID apunta a varios nombres,media,INABIO
4141,680823,taxonomia,inconsistencia (cruce) entre taxonID y scientificName,taxonID | scientificName | subtipo,35581 | Hemigrammus | taxonID apunta a varios nombres,media,INABIO
4142,680824,taxonomia,inconsistencia (cruce) entre taxonID y scientificName,taxonID | scientificName | subtipo,35581 | Hemigrammus | taxonID apunta a varios nombres,media,INABIO
4143,680825,taxonomia,inconsistencia (cruce) entre taxonID y scientificName,taxonID | scientificName | subtipo,35385 | Charax tectifer | nombre con varios taxonID,media,INABIO
415,680832,taxonomia,inconsistencia (cruce) entre taxonID y scientificName,taxonID | scientificName | subtipo,35293 | Bryconamericus | taxonID apunta a varios nombres,media,INABIO
424,680932,taxonomia,inconsistencia (cruce) entre taxonID y scientificName,taxonID | scientificName | subtipo,35962 | Rivulus | taxonID apunta a varios nombres,media,INABIO
4251,680945,taxonomia,inconsistencia (cruce) entre taxonID y scientificName,taxonID | scientificName | subtipo,35850 | Pimelodella grisea | taxonID apunta a varios nombres,media,INABIO
4261,680956,taxonomia,inconsistencia (cruce) entre taxonID y scientificName,taxonID | scientificName | subtipo,35850 | Pimelodella grisea | taxonID apunta a varios nombres,media,INABIO
428,680976,taxonomia,inconsistencia (cruce) entre taxonID y scientificName,taxonID | scientificName | subtipo,35293 | Bryconamericus | taxonID apunta a varios nombres,media,INABIO
4280,680977,taxonomia,inconsistencia (cruce) entre taxonID y scientificName,taxonID | scientificName | subtipo,35851 | Pimelodella lateristriga | nombre con varios taxonID,media,INABIO
4281,680978,taxonomia,inconsistencia (cruce) entre taxonID y scientificName,taxonID | scientificName | subtipo,35385 | Charax tectifer | nombre con varios taxonID,media,INABIO
4288,680985,taxonomia,inconsistencia (cruce) entre taxonID y scientificName,taxonID | scientificName | subtipo,35581 | Hemigrammus | taxonID apunta a varios nombres,media,INABIO
4313,681014,taxonomia,inconsistencia (cruce) entre taxonID y scientificName,taxonID | scientificName | subtipo,35385 | Charax tectifer | nombre con varios taxonID,media,INABIO
4324,681026,taxonomia,inconsistencia (cruce) entre taxonID y scientificName,taxonID | scientificName | subtipo,35400 | Chrysobrycon | taxonID apunta a varios nombres,media,INABIO
4327,681029,taxonomia,inconsistencia (cruce) entre taxonID y scientificName,taxonID | scientificName | subtipo,35156 | Anablepsoides | ambos (cruce multiple),media,INABIO
4331,681034,taxonomia,inconsistencia (cruce) entre taxonID y scientificName,taxonID | scientificName | subtipo,35400 | Chrysobrycon | taxonID apunta a varios nombres,media,INABIO
4334,681037,taxonomia,inconsistencia (cruce) entre taxonID y scientificName,taxonID | scientificName | subtipo,35663 | Knodus | nombre con varios taxonID,media,INABIO
4361,681067,taxonomia,inconsistencia (cruce) entre taxonID y scientificName,taxonID | scientificName | subtipo,35850 | Pimelodella grisea | taxonID apunta a varios nombres,media,INABIO
4377,677070,taxonomia,inconsistencia (cruce) entre taxonID y scientificName,taxonID | scientificName | subtipo,35401 | Chrysobrycon hesperus | nombre con varios taxonID,media,INABIO
4379,677072,taxonomia,inconsistencia (cruce) entre taxonID y scientificName,taxonID | scientificName | subtipo,35733 | Moenkhausia collettii | nombre con varios taxonID,media,INABIO
4381,677074,taxonomia,inconsistencia (cruce) entre taxonID y scientificName,taxonID | scientificName | subtipo,35401 | Chrysobrycon hesperus | nombre con varios taxonID,media,INABIO
44,681080,taxonomia,inconsistencia (cruce) entre taxonID y scientificName,taxonID | scientificName | subtipo,36061 | Tetragonopterus argenteus | taxonID apunta a varios nombres,media,INABIO
4402,677095,taxonomia,inconsistencia (cruce) entre taxonID y scientificName,taxonID | scientificName | subtipo,35238 | Astyanax fasciatus | taxonID apunta a varios nombres,media,INABIO
4403,677096,taxonomia,inconsistencia (cruce) entre taxonID y scientificName,taxonID | scientificName | subtipo,35738 | Moenkhausia dichroura | nombre con varios taxonID,media,INABIO
4406,677099,taxonomia,inconsistencia (cruce) entre taxonID y scientificName,taxonID | scientificName | subtipo,35741 | Moenkhausia lepidura | taxonID apunta a varios nombres,media,INABIO
4407,677100,taxonomia,inconsistencia (cruce) entre taxonID y scientificName,taxonID | scientificName | subtipo,36061 | Tetragonopterus argenteus | taxonID apunta a varios nombres,media,INABIO
441,681082,taxonomia,inconsistencia (cruce) entre taxonID y scientificName,taxonID | scientificName | subtipo,35293 | Bryconamericus | taxonID apunta a varios nombres,media,INABIO
4424,677117,taxonomia,inconsistencia (cruce) entre taxonID y scientificName,taxonID | scientificName | subtipo,35450 | Crenicichla cincta | taxonID apunta a varios nombres,media,INABIO
4430,677123,taxonomia,inconsistencia (cruce) entre taxonID y scientificName,taxonID | scientificName | subtipo,36029 | Steindachnerina bimaculata | taxonID apunta a varios nombres,media,INABIO
4441,677134,taxonomia,inconsistencia (cruce) entre taxonID y scientificName,taxonID | scientificName | subtipo,35733 | Moenkhausia collettii | nombre con varios taxonID,media,INABIO
4447,677140,taxonomia,inconsistencia (cruce) entre taxonID y scientificName,taxonID | scientificName | subtipo,35741 | Moenkhausia lepidura | taxonID apunta a varios nombres,media,INABIO
4457,677150,taxonomia,inconsistencia (cruce) entre taxonID y scientificName,taxonID | scientificName | subtipo,35741 | Moenkhausia lepidura | taxonID apunta a varios nombres,media,INABIO
4462,677155,taxonomia,inconsistencia (cruce) entre taxonID y scientificName,taxonID | scientificName | subtipo,35235 | Astyanax | ambos (cruce multiple),media,INABIO
4465,677158,taxonomia,inconsistencia (cruce) entre taxonID y scientificName,taxonID | scientificName | subtipo,35741 | Moenkhausia lepidura | taxonID apunta a varios nombres,media,INABIO
4471,677164,taxonomia,inconsistencia (cruce) entre taxonID y scientificName,taxonID | scientificName | subtipo,35581 | Hemigrammus | taxonID apunta a varios nombres,media,INABIO
4494,677187,taxonomia,inconsistencia (cruce) entre taxonID y scientificName,taxonID | scientificName | subtipo,36061 | Tetragonopterus argenteus | taxonID apunta a varios nombres,media,INABIO
4495,677188,taxonomia,inconsistencia (cruce) entre taxonID y scientificName,taxonID | scientificName | subtipo,10135 | Loricaria | nombre con varios taxonID,media,INABIO
4503,677196,taxonomia,inconsistencia (cruce) entre taxonID y scientificName,taxonID | scientificName | subtipo,36029 | Steindachnerina bimaculata | taxonID apunta a varios nombres,media,INABIO
4510,677203,taxonomia,inconsistencia (cruce) entre taxonID y scientificName,taxonID | scientificName | subtipo,35377 | Characidium | taxonID apunta a varios nombres,media,INABIO
4512,677205,taxonomia,inconsistencia (cruce) entre taxonID y scientificName,taxonID | scientificName | subtipo,35738 | Moenkhausia dichroura | nombre con varios taxonID,media,INABIO
4514,677207,taxonomia,inconsistencia (cruce) entre taxonID y scientificName,taxonID | scientificName | subtipo,35401 | Chrysobrycon hesperus | nombre con varios taxonID,media,INABIO
4517,677210,taxonomia,inconsistencia (cruce) entre taxonID y scientificName,taxonID | scientificName | subtipo,35401 | Chrysobrycon hesperus | nombre con varios taxonID,media,INABIO
4518,677211,taxonomia,inconsistencia (cruce) entre taxonID y scientificName,taxonID | scientificName | subtipo,35377 | Characidium | taxonID apunta a varios nombres,media,INABIO
4519,677212,taxonomia,inconsistencia (cruce) entre taxonID y scientificName,taxonID | scientificName | subtipo,35401 | Chrysobrycon hesperus | nombre con varios taxonID,media,INABIO
4526,677219,taxonomia,inconsistencia (cruce) entre taxonID y scientificName,taxonID | scientificName | subtipo,35236 | Astyanax abramis | taxonID apunta a varios nombres,media,INABIO
4529,677222,taxonomia,inconsistencia (cruce) entre taxonID y scientificName,taxonID | scientificName | subtipo,35738 | Moenkhausia dichroura | nombre con varios taxonID,media,INABIO
4532,677225,taxonomia,inconsistencia (cruce) entre taxonID y scientificName,taxonID | scientificName | subtipo,35659 | Jupiaba | nombre con varios taxonID,media,INABIO
454,681096,taxonomia,inconsistencia (cruce) entre taxonID y scientificName,taxonID | scientificName | subtipo,35400 | Chrysobrycon | taxonID apunta a varios nombres,media,INABIO
4551,677244,taxonomia,inconsistencia (cruce) entre taxonID y scientificName,taxonID | scientificName | subtipo,35440 | Creagrutus flavescens | nombre con varios taxonID,media,INABIO
4552,677245,taxonomia,inconsistencia (cruce) entre taxonID y scientificName,taxonID | scientificName | subtipo,35401 | Chrysobrycon hesperus | nombre con varios taxonID,media,INABIO
4562,677255,taxonomia,inconsistencia (cruce) entre taxonID y scientificName,taxonID | scientificName | subtipo,35659 | Jupiaba | nombre con varios taxonID,media,INABIO
457,681099,taxonomia,inconsistencia (cruce) entre taxonID y scientificName,taxonID | scientificName | subtipo,35236 | Astyanax abramis | taxonID apunta a varios nombres,media,INABIO
4617,1839690,taxonomia,inconsistencia (cruce) entre taxonID y scientificName,taxonID | scientificName | subtipo,35856 | Pimelodus blochii | nombre con varios taxonID,media,INABIO
4631,1839704,taxonomia,inconsistencia (cruce) entre taxonID y scientificName,taxonID | scientificName | subtipo,35236 | Astyanax abramis | taxonID apunta a varios nombres,media,INABIO
4633,1839706,taxonomia,inconsistencia (cruce) entre taxonID y scientificName,taxonID | scientificName | subtipo,35854 | Pimelodus | taxonID apunta a varios nombres,media,INABIO
4638,1839711,taxonomia,inconsistencia (cruce) entre taxonID y scientificName,taxonID | scientificName | subtipo,36061 | Tetragonopterus argenteus | taxonID apunta a varios nombres,media,INABIO
4658,1839731,taxonomia,inconsistencia (cruce) entre taxonID y scientificName,taxonID | scientificName | subtipo,35157 | Anablepsoides urophthalmus | nombre con varios taxonID,media,INABIO
4663,1839736,taxonomia,inconsistencia (cruce) entre taxonID y scientificName,taxonID | scientificName | subtipo,35738 | Moenkhausia dichroura | nombre con varios taxonID,media,INABIO
4665,1839738,taxonomia,inconsistencia (cruce) entre taxonID y scientificName,taxonID | scientificName | subtipo,35401 | Chrysobrycon hesperus | nombre con varios taxonID,media,INABIO
4678,1839751,taxonomia,inconsistencia (cruce) entre taxonID y scientificName,taxonID | scientificName | subtipo,35663 | Knodus | nombre con varios taxonID,media,INABIO
4684,1839757,taxonomia,inconsistencia (cruce) entre taxonID y scientificName,taxonID | scientificName | subtipo,35738 | Moenkhausia dichroura | nombre con varios taxonID,media,INABIO
4696,1839769,taxonomia,inconsistencia (cruce) entre taxonID y scientificName,taxonID | scientificName | subtipo,35856 | Pimelodus blochii | nombre con varios taxonID,media,INABIO
4697,1839770,taxonomia,inconsistencia (cruce) entre taxonID y scientificName,taxonID | scientificName | subtipo,35851 | Pimelodella lateristriga | nombre con varios taxonID,media,INABIO
4734,1839807,taxonomia,inconsistencia (cruce) entre taxonID y scientificName,taxonID | scientificName | subtipo,35581 | Hemigrammus | taxonID apunta a varios nombres,media,INABIO
474,681118,taxonomia,inconsistencia (cruce) entre taxonID y scientificName,taxonID | scientificName | subtipo,35856 | Pimelodus blochii | nombre con varios taxonID,media,INABIO
4745,1839818,taxonomia,inconsistencia (cruce) entre taxonID y scientificName,taxonID | scientificName | subtipo,35236 | Astyanax abramis | taxonID apunta a varios nombres,media,INABIO
4759,1839832,taxonomia,inconsistencia (cruce) entre taxonID y scientificName,taxonID | scientificName | subtipo,35156 | Anablepsoides | ambos (cruce multiple),media,INABIO
4768,1839841,taxonomia,inconsistencia (cruce) entre taxonID y scientificName,taxonID | scientificName | subtipo,35401 | Chrysobrycon hesperus | nombre con varios taxonID,media,INABIO
4773,1839846,taxonomia,inconsistencia (cruce) entre taxonID y scientificName,taxonID | scientificName | subtipo,35385 | Charax tectifer | nombre con varios taxonID,media,INABIO
4780,1839853,taxonomia,inconsistencia (cruce) entre taxonID y scientificName,taxonID | scientificName | subtipo,35856 | Pimelodus blochii | nombre con varios taxonID,media,INABIO
4814,1839887,taxonomia,inconsistencia (cruce) entre taxonID y scientificName,taxonID | scientificName | subtipo,35856 | Pimelodus blochii | nombre con varios taxonID,media,INABIO
4821,1839894,taxonomia,inconsistencia (cruce) entre taxonID y scientificName,taxonID | scientificName | subtipo,35236 | Astyanax abramis | taxonID apunta a varios nombres,media,INABIO
4827,1839900,taxonomia,inconsistencia (cruce) entre taxonID y scientificName,taxonID | scientificName | subtipo,35156 | Anablepsoides | ambos (cruce multiple),media,INABIO
4831,1839904,taxonomia,inconsistencia (cruce) entre taxonID y scientificName,taxonID | scientificName | subtipo,35377 | Characidium | taxonID apunta a varios nombres,media,INABIO
4840,1839913,taxonomia,inconsistencia (cruce) entre taxonID y scientificName,taxonID | scientificName | subtipo,35856 | Pimelodus blochii | nombre con varios taxonID,media,INABIO
485,681130,taxonomia,inconsistencia (cruce) entre taxonID y scientificName,taxonID | scientificName | subtipo,35293 | Bryconamericus | taxonID apunta a varios nombres,media,INABIO
4859,1839932,taxonomia,inconsistencia (cruce) entre taxonID y scientificName,taxonID | scientificName | subtipo,35518 | Erythrinus erythrinus | taxonID apunta a varios nombres,media,INABIO
488,681156,taxonomia,inconsistencia (cruce) entre taxonID y scientificName,taxonID | scientificName | subtipo,35293 | Bryconamericus | taxonID apunta a varios nombres,media,INABIO
4882,1839955,taxonomia,inconsistencia (cruce) entre taxonID y scientificName,taxonID | scientificName | subtipo,35156 | Anablepsoides | ambos (cruce multiple),media,INABIO
4884,1839957,taxonomia,inconsistencia (cruce) entre taxonID y scientificName,taxonID | scientificName | subtipo,35377 | Characidium | taxonID apunta a varios nombres,media,INABIO
489,681157,taxonomia,inconsistencia (cruce) entre taxonID y scientificName,taxonID | scientificName | subtipo,35293 | Bryconamericus | taxonID apunta a varios nombres,media,INABIO
4901,1839974,taxonomia,inconsistencia (cruce) entre taxonID y scientificName,taxonID | scientificName | subtipo,35293 | Bryconamericus | taxonID apunta a varios nombres,media,INABIO
4912,1839985,taxonomia,inconsistencia (cruce) entre taxonID y scientificName,taxonID | scientificName | subtipo,35377 | Characidium | taxonID apunta a varios nombres,media,INABIO
494,681163,taxonomia,inconsistencia (cruce) entre taxonID y scientificName,taxonID | scientificName | subtipo,35293 | Bryconamericus | taxonID apunta a varios nombres,media,INABIO
495,681164,taxonomia,inconsistencia (cruce) entre taxonID y scientificName,taxonID | scientificName | subtipo,35293 | Bryconamericus | taxonID apunta a varios nombres,media,INABIO
4977,1840050,taxonomia,inconsistencia (cruce) entre taxonID y scientificName,taxonID | scientificName | subtipo,35119 | Acestrorhynchus | taxonID apunta a varios nombres,media,INABIO
4985,1840058,taxonomia,inconsistencia (cruce) entre taxonID y scientificName,taxonID | scientificName | subtipo,35518 | Erythrinus erythrinus | taxonID apunta a varios nombres,media,INABIO
4993,1840066,taxonomia,inconsistencia (cruce) entre taxonID y scientificName,taxonID | scientificName | subtipo,35663 | Knodus | nombre con varios taxonID,media,INABIO
4995,1840068,taxonomia,inconsistencia (cruce) entre taxonID y scientificName,taxonID | scientificName | subtipo,35293 | Bryconamericus | taxonID apunta a varios nombres,media,INABIO
4996,1840069,taxonomia,inconsistencia (cruce) entre taxonID y scientificName,taxonID | scientificName | subtipo,35401 | Chrysobrycon hesperus | nombre con varios taxonID,media,INABIO
4999,1840072,taxonomia,inconsistencia (cruce) entre taxonID y scientificName,taxonID | scientificName | subtipo,35235 | Astyanax | ambos (cruce multiple),media,INABIO
5000,1840073,taxonomia,inconsistencia (cruce) entre taxonID y scientificName,taxonID | scientificName | subtipo,35293 | Bryconamericus | taxonID apunta a varios nombres,media,INABIO
5005,1840078,taxonomia,inconsistencia (cruce) entre taxonID y scientificName,taxonID | scientificName | subtipo,35293 | Bryconamericus | taxonID apunta a varios nombres,media,INABIO
5016,1840089,taxonomia,inconsistencia (cruce) entre taxonID y scientificName,taxonID | scientificName | subtipo,35738 | Moenkhausia dichroura | nombre con varios taxonID,media,INABIO
5025,1840098,taxonomia,inconsistencia (cruce) entre taxonID y scientificName,taxonID | scientificName | subtipo,35293 | Bryconamericus | taxonID apunta a varios nombres,media,INABIO
5026,1840099,taxonomia,inconsistencia (cruce) entre taxonID y scientificName,taxonID | scientificName | subtipo,35236 | Astyanax abramis | taxonID apunta a varios nombres,media,INABIO
5034,1840107,taxonomia,inconsistencia (cruce) entre taxonID y scientificName,taxonID | scientificName | subtipo,35581 | Hemigrammus | taxonID apunta a varios nombres,media,INABIO
5037,1840110,taxonomia,inconsistencia (cruce) entre taxonID y scientificName,taxonID | scientificName | subtipo,35851 | Pimelodella lateristriga | nombre con varios taxonID,media,INABIO
5039,1840112,taxonomia,inconsistencia (cruce) entre taxonID y scientificName,taxonID | scientificName | subtipo,35293 | Bryconamericus | taxonID apunta a varios nombres,media,INABIO
5045,1840118,taxonomia,inconsistencia (cruce) entre taxonID y scientificName,taxonID | scientificName | subtipo,35663 | Knodus | nombre con varios taxonID,media,INABIO
5047,1840120,taxonomia,inconsistencia (cruce) entre taxonID y scientificName,taxonID | scientificName | subtipo,35400 | Chrysobrycon | taxonID apunta a varios nombres,media,INABIO
5048,1840121,taxonomia,inconsistencia (cruce) entre taxonID y scientificName,taxonID | scientificName | subtipo,35293 | Bryconamericus | taxonID apunta a varios nombres,media,INABIO
5049,1840122,taxonomia,inconsistencia (cruce) entre taxonID y scientificName,taxonID | scientificName | subtipo,35236 | Astyanax abramis | taxonID apunta a varios nombres,media,INABIO
505,681176,taxonomia,inconsistencia (cruce) entre taxonID y scientificName,taxonID | scientificName | subtipo,35293 | Bryconamericus | taxonID apunta a varios nombres,media,INABIO
5051,1840124,taxonomia,inconsistencia (cruce) entre taxonID y scientificName,taxonID | scientificName | subtipo,35455 | Crenicichla saxatilis | nombre con varios taxonID,media,INABIO
5052,1840125,taxonomia,inconsistencia (cruce) entre taxonID y scientificName,taxonID | scientificName | subtipo,35455 | Crenicichla saxatilis | nombre con varios taxonID,media,INABIO
5056,1840129,taxonomia,inconsistencia (cruce) entre taxonID y scientificName,taxonID | scientificName | subtipo,35235 | Astyanax | ambos (cruce multiple),media,INABIO
506,681177,taxonomia,inconsistencia (cruce) entre taxonID y scientificName,taxonID | scientificName | subtipo,35293 | Bryconamericus | taxonID apunta a varios nombres,media,INABIO
5070,1840143,taxonomia,inconsistencia (cruce) entre taxonID y scientificName,taxonID | scientificName | subtipo,35385 | Charax tectifer | nombre con varios taxonID,media,INABIO
5072,1840145,taxonomia,inconsistencia (cruce) entre taxonID y scientificName,taxonID | scientificName | subtipo,36061 | Tetragonopterus argenteus | taxonID apunta a varios nombres,media,INABIO
5089,1840162,taxonomia,inconsistencia (cruce) entre taxonID y scientificName,taxonID | scientificName | subtipo,35518 | Erythrinus erythrinus | taxonID apunta a varios nombres,media,INABIO
5091,1840164,taxonomia,inconsistencia (cruce) entre taxonID y scientificName,taxonID | scientificName | subtipo,35611 | Hoplerythrinus unitaeniatus | nombre con varios taxonID,media,INABIO
510,681182,taxonomia,inconsistencia (cruce) entre taxonID y scientificName,taxonID | scientificName | subtipo,35293 | Bryconamericus | taxonID apunta a varios nombres,media,INABIO
5111,1840184,taxonomia,inconsistencia (cruce) entre taxonID y scientificName,taxonID | scientificName | subtipo,35856 | Pimelodus blochii | nombre con varios taxonID,media,INABIO
5113,1840186,taxonomia,inconsistencia (cruce) entre taxonID y scientificName,taxonID | scientificName | subtipo,35851 | Pimelodella lateristriga | nombre con varios taxonID,media,INABIO
5156,1840229,taxonomia,inconsistencia (cruce) entre taxonID y scientificName,taxonID | scientificName | subtipo,35156 | Anablepsoides | ambos (cruce multiple),media,INABIO
5159,1840232,taxonomia,inconsistencia (cruce) entre taxonID y scientificName,taxonID | scientificName | subtipo,35293 | Bryconamericus | taxonID apunta a varios nombres,media,INABIO
5168,1840241,taxonomia,inconsistencia (cruce) entre taxonID y scientificName,taxonID | scientificName | subtipo,35455 | Crenicichla saxatilis | nombre con varios taxonID,media,INABIO
518,681190,taxonomia,inconsistencia (cruce) entre taxonID y scientificName,taxonID | scientificName | subtipo,10135 | Loricaria | nombre con varios taxonID,media,INABIO
5195,1840268,taxonomia,inconsistencia (cruce) entre taxonID y scientificName,taxonID | scientificName | subtipo,35738 | Moenkhausia dichroura | nombre con varios taxonID,media,INABIO
5198,1840271,taxonomia,inconsistencia (cruce) entre taxonID y scientificName,taxonID | scientificName | subtipo,NA | Astyanax villwocki | nombre con varios taxonID,media,INABIO
52,681192,taxonomia,inconsistencia (cruce) entre taxonID y scientificName,taxonID | scientificName | subtipo,35236 | Astyanax abramis | taxonID apunta a varios nombres,media,INABIO
5218,1840291,taxonomia,inconsistencia (cruce) entre taxonID y scientificName,taxonID | scientificName | subtipo,35738 | Moenkhausia dichroura | nombre con varios taxonID,media,INABIO
5219,1840292,taxonomia,inconsistencia (cruce) entre taxonID y scientificName,taxonID | scientificName | subtipo,35293 | Bryconamericus | taxonID apunta a varios nombres,media,INABIO
522,681195,taxonomia,inconsistencia (cruce) entre taxonID y scientificName,taxonID | scientificName | subtipo,35856 | Pimelodus blochii | nombre con varios taxonID,media,INABIO
5222,1840295,taxonomia,inconsistencia (cruce) entre taxonID y scientificName,taxonID | scientificName | subtipo,35734 | Moenkhausia collettii | nombre con varios taxonID,media,INABIO
5223,1840296,taxonomia,inconsistencia (cruce) entre taxonID y scientificName,taxonID | scientificName | subtipo,35734 | Moenkhausia collettii | nombre con varios taxonID,media,INABIO
5224,1840297,taxonomia,inconsistencia (cruce) entre taxonID y scientificName,taxonID | scientificName | subtipo,35738 | Moenkhausia dichroura | nombre con varios taxonID,media,INABIO
5225,1840298,taxonomia,inconsistencia (cruce) entre taxonID y scientificName,taxonID | scientificName | subtipo,35738 | Moenkhausia dichroura | nombre con varios taxonID,media,INABIO
5226,1840299,taxonomia,inconsistencia (cruce) entre taxonID y scientificName,taxonID | scientificName | subtipo,35738 | Moenkhausia dichroura | nombre con varios taxonID,media,INABIO
5228,1840301,taxonomia,inconsistencia (cruce) entre taxonID y scientificName,taxonID | scientificName | subtipo,35738 | Moenkhausia dichroura | nombre con varios taxonID,media,INABIO
5229,1840302,taxonomia,inconsistencia (cruce) entre taxonID y scientificName,taxonID | scientificName | subtipo,35738 | Moenkhausia dichroura | nombre con varios taxonID,media,INABIO
5230,1840303,taxonomia,inconsistencia (cruce) entre taxonID y scientificName,taxonID | scientificName | subtipo,35738 | Moenkhausia dichroura | nombre con varios taxonID,media,INABIO
5231,1840304,taxonomia,inconsistencia (cruce) entre taxonID y scientificName,taxonID | scientificName | subtipo,35738 | Moenkhausia dichroura | nombre con varios taxonID,media,INABIO
5232,1840305,taxonomia,inconsistencia (cruce) entre taxonID y scientificName,taxonID | scientificName | subtipo,35738 | Moenkhausia dichroura | nombre con varios taxonID,media,INABIO
5233,1840306,taxonomia,inconsistencia (cruce) entre taxonID y scientificName,taxonID | scientificName | subtipo,35734 | Moenkhausia collettii | nombre con varios taxonID,media,INABIO
5234,1840307,taxonomia,inconsistencia (cruce) entre taxonID y scientificName,taxonID | scientificName | subtipo,35738 | Moenkhausia dichroura | nombre con varios taxonID,media,INABIO
5236,1840309,taxonomia,inconsistencia (cruce) entre taxonID y scientificName,taxonID | scientificName | subtipo,35738 | Moenkhausia dichroura | nombre con varios taxonID,media,INABIO
5238,1840311,taxonomia,inconsistencia (cruce) entre taxonID y scientificName,taxonID | scientificName | subtipo,35385 | Charax tectifer | nombre con varios taxonID,media,INABIO
5239,1840312,taxonomia,inconsistencia (cruce) entre taxonID y scientificName,taxonID | scientificName | subtipo,35663 | Knodus | nombre con varios taxonID,media,INABIO
5241,1840314,taxonomia,inconsistencia (cruce) entre taxonID y scientificName,taxonID | scientificName | subtipo,35738 | Moenkhausia dichroura | nombre con varios taxonID,media,INABIO
5252,1840325,taxonomia,inconsistencia (cruce) entre taxonID y scientificName,taxonID | scientificName | subtipo,35734 | Moenkhausia collettii | nombre con varios taxonID,media,INABIO
527,681200,taxonomia,inconsistencia (cruce) entre taxonID y scientificName,taxonID | scientificName | subtipo,35293 | Bryconamericus | taxonID apunta a varios nombres,media,INABIO
5281,1840354,taxonomia,inconsistencia (cruce) entre taxonID y scientificName,taxonID | scientificName | subtipo,35741 | Moenkhausia lepidura | taxonID apunta a varios nombres,media,INABIO
5282,1840355,taxonomia,inconsistencia (cruce) entre taxonID y scientificName,taxonID | scientificName | subtipo,35741 | Moenkhausia lepidura | taxonID apunta a varios nombres,media,INABIO
5287,1840360,taxonomia,inconsistencia (cruce) entre taxonID y scientificName,taxonID | scientificName | subtipo,35741 | Moenkhausia lepidura | taxonID apunta a varios nombres,media,INABIO
5289,1840362,taxonomia,inconsistencia (cruce) entre taxonID y scientificName,taxonID | scientificName | subtipo,35385 | Charax tectifer | nombre con varios taxonID,media,INABIO
530,681204,taxonomia,inconsistencia (cruce) entre taxonID y scientificName,taxonID | scientificName | subtipo,35856 | Pimelodus blochii | nombre con varios taxonID,media,INABIO
5300,1840373,taxonomia,inconsistencia (cruce) entre taxonID y scientificName,taxonID | scientificName | subtipo,35734 | Moenkhausia collettii | nombre con varios taxonID,media,INABIO
5309,1840382,taxonomia,inconsistencia (cruce) entre taxonID y scientificName,taxonID | scientificName | subtipo,35235 | Astyanax | ambos (cruce multiple),media,INABIO
531,681205,taxonomia,inconsistencia (cruce) entre taxonID y scientificName,taxonID | scientificName | subtipo,35854 | Pimelodella lateristriga | ambos (cruce multiple),media,INABIO
5311,1840384,taxonomia,inconsistencia (cruce) entre taxonID y scientificName,taxonID | scientificName | subtipo,35401 | Chrysobrycon hesperus | nombre con varios taxonID,media,INABIO
5312,1840385,taxonomia,inconsistencia (cruce) entre taxonID y scientificName,taxonID | scientificName | subtipo,35851 | Pimelodella lateristriga | nombre con varios taxonID,media,INABIO
532,681206,taxonomia,inconsistencia (cruce) entre taxonID y scientificName,taxonID | scientificName | subtipo,35851 | Pimelodella lateristriga | nombre con varios taxonID,media,INABIO
5325,1840398,taxonomia,inconsistencia (cruce) entre taxonID y scientificName,taxonID | scientificName | subtipo,36061 | Tetragonopterus argenteus | taxonID apunta a varios nombres,media,INABIO
533,681207,taxonomia,inconsistencia (cruce) entre taxonID y scientificName,taxonID | scientificName | subtipo,35236 | Astyanax abramis | taxonID apunta a varios nombres,media,INABIO
5398,1840471,taxonomia,inconsistencia (cruce) entre taxonID y scientificName,taxonID | scientificName | subtipo,35236 | Astyanax abramis | taxonID apunta a varios nombres,media,INABIO
54,681214,taxonomia,inconsistencia (cruce) entre taxonID y scientificName,taxonID | scientificName | subtipo,35385 | Charax tectifer | nombre con varios taxonID,media,INABIO
5410,1840483,taxonomia,inconsistencia (cruce) entre taxonID y scientificName,taxonID | scientificName | subtipo,35235 | Astyanax | ambos (cruce multiple),media,INABIO
5415,1840488,taxonomia,inconsistencia (cruce) entre taxonID y scientificName,taxonID | scientificName | subtipo,35119 | Acestrorhynchus | taxonID apunta a varios nombres,media,INABIO
5425,1840498,taxonomia,inconsistencia (cruce) entre taxonID y scientificName,taxonID | scientificName | subtipo,35738 | Moenkhausia dichroura | nombre con varios taxonID,media,INABIO
5429,1840502,taxonomia,inconsistencia (cruce) entre taxonID y scientificName,taxonID | scientificName | subtipo,35734 | Moenkhausia collettii | nombre con varios taxonID,media,INABIO
5432,1840505,taxonomia,inconsistencia (cruce) entre taxonID y scientificName,taxonID | scientificName | subtipo,35734 | Moenkhausia collettii | nombre con varios taxonID,media,INABIO
5440,1840513,taxonomia,inconsistencia (cruce) entre taxonID y scientificName,taxonID | scientificName | subtipo,35581 | Hemigrammus | taxonID apunta a varios nombres,media,INABIO
5463,1840536,taxonomia,inconsistencia (cruce) entre taxonID y scientificName,taxonID | scientificName | subtipo,35741 | Moenkhausia lepidura | taxonID apunta a varios nombres,media,INABIO
5464,1840537,taxonomia,inconsistencia (cruce) entre taxonID y scientificName,taxonID | scientificName | subtipo,35741 | Moenkhausia lepidura | taxonID apunta a varios nombres,media,INABIO
5465,1840538,taxonomia,inconsistencia (cruce) entre taxonID y scientificName,taxonID | scientificName | subtipo,35741 | Moenkhausia lepidura | taxonID apunta a varios nombres,media,INABIO
5466,1840539,taxonomia,inconsistencia (cruce) entre taxonID y scientificName,taxonID | scientificName | subtipo,35741 | Moenkhausia lepidura | taxonID apunta a varios nombres,media,INABIO
5481,1840554,taxonomia,inconsistencia (cruce) entre taxonID y scientificName,taxonID | scientificName | subtipo,35741 | Moenkhausia lepidura | taxonID apunta a varios nombres,media,INABIO
5482,1840555,taxonomia,inconsistencia (cruce) entre taxonID y scientificName,taxonID | scientificName | subtipo,35741 | Moenkhausia lepidura | taxonID apunta a varios nombres,media,INABIO
5483,1840556,taxonomia,inconsistencia (cruce) entre taxonID y scientificName,taxonID | scientificName | subtipo,35741 | Moenkhausia lepidura | taxonID apunta a varios nombres,media,INABIO
549,681224,taxonomia,inconsistencia (cruce) entre taxonID y scientificName,taxonID | scientificName | subtipo,35581 | Hemigrammus | taxonID apunta a varios nombres,media,INABIO
5497,1840570,taxonomia,inconsistencia (cruce) entre taxonID y scientificName,taxonID | scientificName | subtipo,35663 | Knodus | nombre con varios taxonID,media,INABIO
550,681226,taxonomia,inconsistencia (cruce) entre taxonID y scientificName,taxonID | scientificName | subtipo,35401 | Chrysobrycon hesperus | nombre con varios taxonID,media,INABIO
5523,1840596,taxonomia,inconsistencia (cruce) entre taxonID y scientificName,taxonID | scientificName | subtipo,35581 | Hemigrammus | taxonID apunta a varios nombres,media,INABIO
5537,1840610,taxonomia,inconsistencia (cruce) entre taxonID y scientificName,taxonID | scientificName | subtipo,35701 | Loricaria | nombre con varios taxonID,media,INABIO
5546,1840619,taxonomia,inconsistencia (cruce) entre taxonID y scientificName,taxonID | scientificName | subtipo,35293 | Bryconamericus | taxonID apunta a varios nombres,media,INABIO
5553,1840626,taxonomia,inconsistencia (cruce) entre taxonID y scientificName,taxonID | scientificName | subtipo,35663 | Knodus | nombre con varios taxonID,media,INABIO
5569,1840665,taxonomia,inconsistencia (cruce) entre taxonID y scientificName,taxonID | scientificName | subtipo,35518 | Erythrinus erythrinus | taxonID apunta a varios nombres,media,INABIO
5603,1840699,taxonomia,inconsistencia (cruce) entre taxonID y scientificName,taxonID | scientificName | subtipo,35293 | Bryconamericus | taxonID apunta a varios nombres,media,INABIO
561,681238,taxonomia,inconsistencia (cruce) entre taxonID y scientificName,taxonID | scientificName | subtipo,35157 | Anablepsoides urophthalmus | nombre con varios taxonID,media,INABIO
5611,1840707,taxonomia,inconsistencia (cruce) entre taxonID y scientificName,taxonID | scientificName | subtipo,35663 | Knodus | nombre con varios taxonID,media,INABIO
5628,1840724,taxonomia,inconsistencia (cruce) entre taxonID y scientificName,taxonID | scientificName | subtipo,35293 | Bryconamericus | taxonID apunta a varios nombres,media,INABIO
563,681240,taxonomia,inconsistencia (cruce) entre taxonID y scientificName,taxonID | scientificName | subtipo,35455 | Crenicichla saxatilis | nombre con varios taxonID,media,INABIO
5650,1840746,taxonomia,inconsistencia (cruce) entre taxonID y scientificName,taxonID | scientificName | subtipo,35156 | Anablepsoides | ambos (cruce multiple),media,INABIO
5665,1840761,taxonomia,inconsistencia (cruce) entre taxonID y scientificName,taxonID | scientificName | subtipo,35293 | Bryconamericus | taxonID apunta a varios nombres,media,INABIO
5684,1840780,taxonomia,inconsistencia (cruce) entre taxonID y scientificName,taxonID | scientificName | subtipo,35401 | Chrysobrycon hesperus | nombre con varios taxonID,media,INABIO
5696,1840792,taxonomia,inconsistencia (cruce) entre taxonID y scientificName,taxonID | scientificName | subtipo,35851 | Pimelodella lateristriga | nombre con varios taxonID,media,INABIO
570,681248,taxonomia,inconsistencia (cruce) entre taxonID y scientificName,taxonID | scientificName | subtipo,35455 | Crenicichla saxatilis | nombre con varios taxonID,media,INABIO
5705,1840801,taxonomia,inconsistencia (cruce) entre taxonID y scientificName,taxonID | scientificName | subtipo,NA | Astyanax villwocki | nombre con varios taxonID,media,INABIO
5706,1840802,taxonomia,inconsistencia (cruce) entre taxonID y scientificName,taxonID | scientificName | subtipo,35455 | Crenicichla saxatilis | nombre con varios taxonID,media,INABIO
574,681252,taxonomia,inconsistencia (cruce) entre taxonID y scientificName,taxonID | scientificName | subtipo,35293 | Bryconamericus | taxonID apunta a varios nombres,media,INABIO
576,681254,taxonomia,inconsistencia (cruce) entre taxonID y scientificName,taxonID | scientificName | subtipo,35663 | Knodus | nombre con varios taxonID,media,INABIO
577,681255,taxonomia,inconsistencia (cruce) entre taxonID y scientificName,taxonID | scientificName | subtipo,35741 | Moenkhausia lepidura | taxonID apunta a varios nombres,media,INABIO
578,681256,taxonomia,inconsistencia (cruce) entre taxonID y scientificName,taxonID | scientificName | subtipo,35293 | Bryconamericus | taxonID apunta a varios nombres,media,INABIO
5790,1840886,taxonomia,inconsistencia (cruce) entre taxonID y scientificName,taxonID | scientificName | subtipo,35468 | Curimata vittata | nombre con varios taxonID,media,INABIO
5895,1840991,taxonomia,inconsistencia (cruce) entre taxonID y scientificName,taxonID | scientificName | subtipo,35738 | Moenkhausia dichroura | nombre con varios taxonID,media,INABIO
5896,1840992,taxonomia,inconsistencia (cruce) entre taxonID y scientificName,taxonID | scientificName | subtipo,35593 | Hemiodus unimaculatus | nombre con varios taxonID,media,INABIO
5909,1841005,taxonomia,inconsistencia (cruce) entre taxonID y scientificName,taxonID | scientificName | subtipo,35593 | Hemiodus unimaculatus | nombre con varios taxonID,media,INABIO
5923,1841019,taxonomia,inconsistencia (cruce) entre taxonID y scientificName,taxonID | scientificName | subtipo,35236 | Astyanax abramis | taxonID apunta a varios nombres,media,INABIO
5944,1841040,taxonomia,inconsistencia (cruce) entre taxonID y scientificName,taxonID | scientificName | subtipo,35851 | Pimelodella lateristriga | nombre con varios taxonID,media,INABIO
5948,1841044,taxonomia,inconsistencia (cruce) entre taxonID y scientificName,taxonID | scientificName | subtipo,35385 | Charax tectifer | nombre con varios taxonID,media,INABIO
5949,1841045,taxonomia,inconsistencia (cruce) entre taxonID y scientificName,taxonID | scientificName | subtipo,35236 | Astyanax abramis | taxonID apunta a varios nombres,media,INABIO
5950,1841046,taxonomia,inconsistencia (cruce) entre taxonID y scientificName,taxonID | scientificName | subtipo,35851 | Pimelodella lateristriga | nombre con varios taxonID,media,INABIO
5963,1841059,taxonomia,inconsistencia (cruce) entre taxonID y scientificName,taxonID | scientificName | subtipo,35663 | Knodus | nombre con varios taxonID,media,INABIO
5966,1841062,taxonomia,inconsistencia (cruce) entre taxonID y scientificName,taxonID | scientificName | subtipo,35581 | Hemigrammus | taxonID apunta a varios nombres,media,INABIO
5973,1841069,taxonomia,inconsistencia (cruce) entre taxonID y scientificName,taxonID | scientificName | subtipo,35385 | Charax tectifer | nombre con varios taxonID,media,INABIO
5976,1841072,taxonomia,inconsistencia (cruce) entre taxonID y scientificName,taxonID | scientificName | subtipo,35385 | Charax tectifer | nombre con varios taxonID,media,INABIO
5978,1841074,taxonomia,inconsistencia (cruce) entre taxonID y scientificName,taxonID | scientificName | subtipo,35377 | Characidium | taxonID apunta a varios nombres,media,INABIO
598,681278,taxonomia,inconsistencia (cruce) entre taxonID y scientificName,taxonID | scientificName | subtipo,35293 | Bryconamericus | taxonID apunta a varios nombres,media,INABIO
5981,1841077,taxonomia,inconsistencia (cruce) entre taxonID y scientificName,taxonID | scientificName | subtipo,35293 | Bryconamericus | taxonID apunta a varios nombres,media,INABIO
5984,1841080,taxonomia,inconsistencia (cruce) entre taxonID y scientificName,taxonID | scientificName | subtipo,35235 | Astyanax | ambos (cruce multiple),media,INABIO
5987,1841083,taxonomia,inconsistencia (cruce) entre taxonID y scientificName,taxonID | scientificName | subtipo,35293 | Bryconamericus | taxonID apunta a varios nombres,media,INABIO
5995,1841091,taxonomia,inconsistencia (cruce) entre taxonID y scientificName,taxonID | scientificName | subtipo,35738 | Moenkhausia dichroura | nombre con varios taxonID,media,INABIO
5996,1841092,taxonomia,inconsistencia (cruce) entre taxonID y scientificName,taxonID | scientificName | subtipo,35385 | Charax tectifer | nombre con varios taxonID,media,INABIO
5997,1841093,taxonomia,inconsistencia (cruce) entre taxonID y scientificName,taxonID | scientificName | subtipo,35738 | Moenkhausia dichroura | nombre con varios taxonID,media,INABIO
5999,1841095,taxonomia,inconsistencia (cruce) entre taxonID y scientificName,taxonID | scientificName | subtipo,35738 | Moenkhausia dichroura | nombre con varios taxonID,media,INABIO
6024,1841120,taxonomia,inconsistencia (cruce) entre taxonID y scientificName,taxonID | scientificName | subtipo,35738 | Moenkhausia dichroura | nombre con varios taxonID,media,INABIO
6025,1841121,taxonomia,inconsistencia (cruce) entre taxonID y scientificName,taxonID | scientificName | subtipo,35385 | Charax tectifer | nombre con varios taxonID,media,INABIO
603,681285,taxonomia,inconsistencia (cruce) entre taxonID y scientificName,taxonID | scientificName | subtipo,35293 | Bryconamericus | taxonID apunta a varios nombres,media,INABIO
6054,1841150,taxonomia,inconsistencia (cruce) entre taxonID y scientificName,taxonID | scientificName | subtipo,35385 | Charax tectifer | nombre con varios taxonID,media,INABIO
6056,1841152,taxonomia,inconsistencia (cruce) entre taxonID y scientificName,taxonID | scientificName | subtipo,35236 | Astyanax abramis | taxonID apunta a varios nombres,media,INABIO
606,681288,taxonomia,inconsistencia (cruce) entre taxonID y scientificName,taxonID | scientificName | subtipo,35293 | Bryconamericus | taxonID apunta a varios nombres,media,INABIO
6062,1841158,taxonomia,inconsistencia (cruce) entre taxonID y scientificName,taxonID | scientificName | subtipo,35293 | Bryconamericus | taxonID apunta a varios nombres,media,INABIO
6101,1841197,taxonomia,inconsistencia (cruce) entre taxonID y scientificName,taxonID | scientificName | subtipo,35856 | Pimelodus blochii | nombre con varios taxonID,media,INABIO
6105,1841201,taxonomia,inconsistencia (cruce) entre taxonID y scientificName,taxonID | scientificName | subtipo,35821 | Paratrygon aiereba | nombre con varios taxonID,media,INABIO
6168,1841264,taxonomia,inconsistencia (cruce) entre taxonID y scientificName,taxonID | scientificName | subtipo,NA | Astyanax villwocki | nombre con varios taxonID,media,INABIO
6176,1841272,taxonomia,inconsistencia (cruce) entre taxonID y scientificName,taxonID | scientificName | subtipo,35593 | Hemiodus unimaculatus | nombre con varios taxonID,media,INABIO
619,681302,taxonomia,inconsistencia (cruce) entre taxonID y scientificName,taxonID | scientificName | subtipo,35663 | Knodus | nombre con varios taxonID,media,INABIO
6202,1841298,taxonomia,inconsistencia (cruce) entre taxonID y scientificName,taxonID | scientificName | subtipo,35593 | Hemiodus unimaculatus | nombre con varios taxonID,media,INABIO
6205,1841301,taxonomia,inconsistencia (cruce) entre taxonID y scientificName,taxonID | scientificName | subtipo,35385 | Charax tectifer | nombre con varios taxonID,media,INABIO
621,681305,taxonomia,inconsistencia (cruce) entre taxonID y scientificName,taxonID | scientificName | subtipo,35455 | Crenicichla saxatilis | nombre con varios taxonID,media,INABIO
6217,1841313,taxonomia,inconsistencia (cruce) entre taxonID y scientificName,taxonID | scientificName | subtipo,35236 | Astyanax abramis | taxonID apunta a varios nombres,media,INABIO
6218,1841314,taxonomia,inconsistencia (cruce) entre taxonID y scientificName,taxonID | scientificName | subtipo,36029 | Steindachnerina bimaculata | taxonID apunta a varios nombres,media,INABIO
623,681307,taxonomia,inconsistencia (cruce) entre taxonID y scientificName,taxonID | scientificName | subtipo,35663 | Knodus | nombre con varios taxonID,media,INABIO
6235,1841331,taxonomia,inconsistencia (cruce) entre taxonID y scientificName,taxonID | scientificName | subtipo,35593 | Hemiodus unimaculatus | nombre con varios taxonID,media,INABIO
6237,1841333,taxonomia,inconsistencia (cruce) entre taxonID y scientificName,taxonID | scientificName | subtipo,35518 | Erythrinus erythrinus | taxonID apunta a varios nombres,media,INABIO
6241,1841337,taxonomia,inconsistencia (cruce) entre taxonID y scientificName,taxonID | scientificName | subtipo,35518 | Erythrinus erythrinus | taxonID apunta a varios nombres,media,INABIO
6252,1841348,taxonomia,inconsistencia (cruce) entre taxonID y scientificName,taxonID | scientificName | subtipo,35611 | Hoplerythrinus unitaeniatus | nombre con varios taxonID,media,INABIO
629,681313,taxonomia,inconsistencia (cruce) entre taxonID y scientificName,taxonID | scientificName | subtipo,35663 | Knodus | nombre con varios taxonID,media,INABIO
6315,1841411,taxonomia,inconsistencia (cruce) entre taxonID y scientificName,taxonID | scientificName | subtipo,35401 | Chrysobrycon hesperus | nombre con varios taxonID,media,INABIO
6317,1841413,taxonomia,inconsistencia (cruce) entre taxonID y scientificName,taxonID | scientificName | subtipo,35385 | Charax tectifer | nombre con varios taxonID,media,INABIO
6324,1841420,taxonomia,inconsistencia (cruce) entre taxonID y scientificName,taxonID | scientificName | subtipo,35738 | Moenkhausia dichroura | nombre con varios taxonID,media,INABIO
6326,1841422,taxonomia,inconsistencia (cruce) entre taxonID y scientificName,taxonID | scientificName | subtipo,35518 | Erythrinus erythrinus | taxonID apunta a varios nombres,media,INABIO
6329,1841425,taxonomia,inconsistencia (cruce) entre taxonID y scientificName,taxonID | scientificName | subtipo,35385 | Charax tectifer | nombre con varios taxonID,media,INABIO
6337,1841433,taxonomia,inconsistencia (cruce) entre taxonID y scientificName,taxonID | scientificName | subtipo,35235 | Astyanax | ambos (cruce multiple),media,INABIO
634,681319,taxonomia,inconsistencia (cruce) entre taxonID y scientificName,taxonID | scientificName | subtipo,35663 | Knodus | nombre con varios taxonID,media,INABIO
635,681320,taxonomia,inconsistencia (cruce) entre taxonID y scientificName,taxonID | scientificName | subtipo,35293 | Bryconamericus | taxonID apunta a varios nombres,media,INABIO
6354,1841450,taxonomia,inconsistencia (cruce) entre taxonID y scientificName,taxonID | scientificName | subtipo,36061 | Tetragonopterus argenteus | taxonID apunta a varios nombres,media,INABIO
6355,1841451,taxonomia,inconsistencia (cruce) entre taxonID y scientificName,taxonID | scientificName | subtipo,36061 | Tetragonopterus argenteus | taxonID apunta a varios nombres,media,INABIO
6420,1841516,taxonomia,inconsistencia (cruce) entre taxonID y scientificName,taxonID | scientificName | subtipo,35856 | Pimelodus blochii | nombre con varios taxonID,media,INABIO
643,681329,taxonomia,inconsistencia (cruce) entre taxonID y scientificName,taxonID | scientificName | subtipo,35663 | Knodus | nombre con varios taxonID,media,INABIO
651,681338,taxonomia,inconsistencia (cruce) entre taxonID y scientificName,taxonID | scientificName | subtipo,35663 | Knodus | nombre con varios taxonID,media,INABIO
678,681367,taxonomia,inconsistencia (cruce) entre taxonID y scientificName,taxonID | scientificName | subtipo,35293 | Bryconamericus | taxonID apunta a varios nombres,media,INABIO
680,681370,taxonomia,inconsistencia (cruce) entre taxonID y scientificName,taxonID | scientificName | subtipo,35293 | Bryconamericus | taxonID apunta a varios nombres,media,INABIO
681,681371,taxonomia,inconsistencia (cruce) entre taxonID y scientificName,taxonID | scientificName | subtipo,35293 | Bryconamericus | taxonID apunta a varios nombres,media,INABIO
712,681406,taxonomia,inconsistencia (cruce) entre taxonID y scientificName,taxonID | scientificName | subtipo,35293 | Bryconamericus | taxonID apunta a varios nombres,media,INABIO
725,681420,taxonomia,inconsistencia (cruce) entre taxonID y scientificName,taxonID | scientificName | subtipo,35293 | Bryconamericus | taxonID apunta a varios nombres,media,INABIO
745,681442,taxonomia,inconsistencia (cruce) entre taxonID y scientificName,taxonID | scientificName | subtipo,35293 | Bryconamericus | taxonID apunta a varios nombres,media,INABIO
746,681443,taxonomia,inconsistencia (cruce) entre taxonID y scientificName,taxonID | scientificName | subtipo,35293 | Bryconamericus | taxonID apunta a varios nombres,media,INABIO
747,681444,taxonomia,inconsistencia (cruce) entre taxonID y scientificName,taxonID | scientificName | subtipo,35581 | Hemigrammus | taxonID apunta a varios nombres,media,INABIO
750,681448,taxonomia,inconsistencia (cruce) entre taxonID y scientificName,taxonID | scientificName | subtipo,35663 | Knodus | nombre con varios taxonID,media,INABIO
755,681453,taxonomia,inconsistencia (cruce) entre taxonID y scientificName,taxonID | scientificName | subtipo,35663 | Knodus | nombre con varios taxonID,media,INABIO
759,681457,taxonomia,inconsistencia (cruce) entre taxonID y scientificName,taxonID | scientificName | subtipo,35663 | Knodus | nombre con varios taxonID,media,INABIO
763,681462,taxonomia,inconsistencia (cruce) entre taxonID y scientificName,taxonID | scientificName | subtipo,35663 | Knodus | nombre con varios taxonID,media,INABIO
769,681468,taxonomia,inconsistencia (cruce) entre taxonID y scientificName,taxonID | scientificName | subtipo,35663 | Knodus | nombre con varios taxonID,media,INABIO
772,681472,taxonomia,inconsistencia (cruce) entre taxonID y scientificName,taxonID | scientificName | subtipo,36061 | Tetragonopterus argenteus | taxonID apunta a varios nombres,media,INABIO
775,681475,taxonomia,inconsistencia (cruce) entre taxonID y scientificName,taxonID | scientificName | subtipo,35663 | Knodus | nombre con varios taxonID,media,INABIO
786,681487,taxonomia,inconsistencia (cruce) entre taxonID y scientificName,taxonID | scientificName | subtipo,35401 | Chrysobrycon hesperus | nombre con varios taxonID,media,INABIO
792,681494,taxonomia,inconsistencia (cruce) entre taxonID y scientificName,taxonID | scientificName | subtipo,35663 | Knodus | nombre con varios taxonID,media,INABIO
793,681495,taxonomia,inconsistencia (cruce) entre taxonID y scientificName,taxonID | scientificName | subtipo,35663 | Knodus | nombre con varios taxonID,media,INABIO
794,681496,taxonomia,inconsistencia (cruce) entre taxonID y scientificName,taxonID | scientificName | subtipo,35663 | Knodus | nombre con varios taxonID,media,INABIO
803,681507,taxonomia,inconsistencia (cruce) entre taxonID y scientificName,taxonID | scientificName | subtipo,35401 | Chrysobrycon hesperus | nombre con varios taxonID,media,INABIO
804,681508,taxonomia,inconsistencia (cruce) entre taxonID y scientificName,taxonID | scientificName | subtipo,35455 | Crenicichla saxatilis | nombre con varios taxonID,media,INABIO
806,681510,taxonomia,inconsistencia (cruce) entre taxonID y scientificName,taxonID | scientificName | subtipo,35401 | Chrysobrycon hesperus | nombre con varios taxonID,media,INABIO
808,681512,taxonomia,inconsistencia (cruce) entre taxonID y scientificName,taxonID | scientificName | subtipo,35385 | Charax tectifer | nombre con varios taxonID,media,INABIO
810,681515,taxonomia,inconsistencia (cruce) entre taxonID y scientificName,taxonID | scientificName | subtipo,35235 | Astyanax | ambos (cruce multiple),media,INABIO
812,681517,taxonomia,inconsistencia (cruce) entre taxonID y scientificName,taxonID | scientificName | subtipo,35401 | Chrysobrycon hesperus | nombre con varios taxonID,media,INABIO
819,681524,taxonomia,inconsistencia (cruce) entre taxonID y scientificName,taxonID | scientificName | subtipo,35293 | Bryconamericus | taxonID apunta a varios nombres,media,INABIO
824,681530,taxonomia,inconsistencia (cruce) entre taxonID y scientificName,taxonID | scientificName | subtipo,35157 | Anablepsoides urophthalmus | nombre con varios taxonID,media,INABIO
826,681532,taxonomia,inconsistencia (cruce) entre taxonID y scientificName,taxonID | scientificName | subtipo,35455 | Crenicichla saxatilis | nombre con varios taxonID,media,INABIO
83,681536,taxonomia,inconsistencia (cruce) entre taxonID y scientificName,taxonID | scientificName | subtipo,35455 | Crenicichla saxatilis | nombre con varios taxonID,media,INABIO
833,681540,taxonomia,inconsistencia (cruce) entre taxonID y scientificName,taxonID | scientificName | subtipo,35455 | Crenicichla saxatilis | nombre con varios taxonID,media,INABIO
841,681549,taxonomia,inconsistencia (cruce) entre taxonID y scientificName,taxonID | scientificName | subtipo,35581 | Hemigrammus | taxonID apunta a varios nombres,media,INABIO
842,681550,taxonomia,inconsistencia (cruce) entre taxonID y scientificName,taxonID | scientificName | subtipo,35663 | Knodus | nombre con varios taxonID,media,INABIO
843,681551,taxonomia,inconsistencia (cruce) entre taxonID y scientificName,taxonID | scientificName | subtipo,35401 | Chrysobrycon hesperus | nombre con varios taxonID,media,INABIO
85,681558,taxonomia,inconsistencia (cruce) entre taxonID y scientificName,taxonID | scientificName | subtipo,35385 | Charax tectifer | nombre con varios taxonID,media,INABIO
855,681564,taxonomia,inconsistencia (cruce) entre taxonID y scientificName,taxonID | scientificName | subtipo,35293 | Bryconamericus | taxonID apunta a varios nombres,media,INABIO
859,681568,taxonomia,inconsistencia (cruce) entre taxonID y scientificName,taxonID | scientificName | subtipo,35293 | Bryconamericus | taxonID apunta a varios nombres,media,INABIO
861,681571,taxonomia,inconsistencia (cruce) entre taxonID y scientificName,taxonID | scientificName | subtipo,35293 | Bryconamericus | taxonID apunta a varios nombres,media,INABIO
866,681576,taxonomia,inconsistencia (cruce) entre taxonID y scientificName,taxonID | scientificName | subtipo,35293 | Bryconamericus | taxonID apunta a varios nombres,media,INABIO
868,681578,taxonomia,inconsistencia (cruce) entre taxonID y scientificName,taxonID | scientificName | subtipo,35293 | Bryconamericus | taxonID apunta a varios nombres,media,INABIO
871,681582,taxonomia,inconsistencia (cruce) entre taxonID y scientificName,taxonID | scientificName | subtipo,35293 | Bryconamericus | taxonID apunta a varios nombres,media,INABIO
876,681587,taxonomia,inconsistencia (cruce) entre taxonID y scientificName,taxonID | scientificName | subtipo,35293 | Bryconamericus | taxonID apunta a varios nombres,media,INABIO
881,681593,taxonomia,inconsistencia (cruce) entre taxonID y scientificName,taxonID | scientificName | subtipo,35293 | Bryconamericus | taxonID apunta a varios nombres,media,INABIO
919,681635,taxonomia,inconsistencia (cruce) entre taxonID y scientificName,taxonID | scientificName | subtipo,35293 | Bryconamericus | taxonID apunta a varios nombres,media,INABIO
921,681638,taxonomia,inconsistencia (cruce) entre taxonID y scientificName,taxonID | scientificName | subtipo,35293 | Bryconamericus | taxonID apunta a varios nombres,media,INABIO
924,681641,taxonomia,inconsistencia (cruce) entre taxonID y scientificName,taxonID | scientificName | subtipo,35293 | Bryconamericus | taxonID apunta a varios nombres,media,INABIO
929,681646,taxonomia,inconsistencia (cruce) entre taxonID y scientificName,taxonID | scientificName | subtipo,35381 | Characidium purpuratum | nombre con varios taxonID,media,INABIO
93,681647,taxonomia,inconsistencia (cruce) entre taxonID y scientificName,taxonID | scientificName | subtipo,35738 | Moenkhausia dichroura | nombre con varios taxonID,media,INABIO
938,681656,taxonomia,inconsistencia (cruce) entre taxonID y scientificName,taxonID | scientificName | subtipo,35236 | Astyanax abramis | taxonID apunta a varios nombres,media,INABIO
94,681658,taxonomia,inconsistencia (cruce) entre taxonID y scientificName,taxonID | scientificName | subtipo,35401 | Chrysobrycon hesperus | nombre con varios taxonID,media,INABIO
946,681665,taxonomia,inconsistencia (cruce) entre taxonID y scientificName,taxonID | scientificName | subtipo,35293 | Bryconamericus | taxonID apunta a varios nombres,media,INABIO
957,681677,taxonomia,inconsistencia (cruce) entre taxonID y scientificName,taxonID | scientificName | subtipo,35236 | Astyanax abramis | taxonID apunta a varios nombres,media,INABIO
966,681687,taxonomia,inconsistencia (cruce) entre taxonID y scientificName,taxonID | scientificName | subtipo,35385 | Charax tectifer | nombre con varios taxonID,media,INABIO
983,681706,taxonomia,inconsistencia (cruce) entre taxonID y scientificName,taxonID | scientificName | subtipo,35385 | Charax tectifer | nombre con varios taxonID,media,INABIO
985,681708,taxonomia,inconsistencia (cruce) entre taxonID y scientificName,taxonID | scientificName | subtipo,35381 | Characidium purpuratum | nombre con varios taxonID,media,INABIO
986,681709,taxonomia,inconsistencia (cruce) entre taxonID y scientificName,taxonID | scientificName | subtipo,35381 | Characidium purpuratum | nombre con varios taxonID,media,INABIO
987,681710,taxonomia,inconsistencia (cruce) entre taxonID y scientificName,taxonID | scientificName | subtipo,35381 | Characidium purpuratum | nombre con varios taxonID,media,INABIO
993,681717,taxonomia,inconsistencia (cruce) entre taxonID y scientificName,taxonID | scientificName | subtipo,35385 | Charax tectifer | nombre con varios taxonID,media,INABIO
1157,677438,taxonomia,jerarquia superior minoritaria o discrepante,scientificName | subtipo,Peckoltia | familia minoritaria de otro orden,media,ya_marcado
1265,677558,taxonomia,jerarquia superior minoritaria o discrepante,scientificName | subtipo,Bryconops caudomaculatus | familia minoritaria del mismo orden,media,ya_marcado
1268,677561,taxonomia,jerarquia superior minoritaria o discrepante,scientificName | subtipo,Bryconops caudomaculatus | familia minoritaria del mismo orden,media,ya_marcado
1296,677592,taxonomia,jerarquia superior minoritaria o discrepante,scientificName | subtipo,Bryconops caudomaculatus | familia minoritaria del mismo orden,media,ya_marcado
1324,677624,taxonomia,jerarquia superior minoritaria o discrepante,scientificName | subtipo,Iguanodectes spilurus | familia minoritaria del mismo orden,media,ya_marcado
1353,677656,taxonomia,jerarquia superior minoritaria o discrepante,scientificName | subtipo,Bryconops caudomaculatus | familia minoritaria del mismo orden,media,ya_marcado
1361,677665,taxonomia,jerarquia superior minoritaria o discrepante,scientificName | subtipo,Bryconops | familia minoritaria del mismo orden,media,ya_marcado
1363,677667,taxonomia,jerarquia superior minoritaria o discrepante,scientificName | subtipo,Bryconops caudomaculatus | familia minoritaria del mismo orden,media,ya_marcado
1374,677679,taxonomia,jerarquia superior minoritaria o discrepante,scientificName | subtipo,Bryconops caudomaculatus | familia minoritaria del mismo orden,media,ya_marcado
1389,677695,taxonomia,jerarquia superior minoritaria o discrepante,scientificName | subtipo,Iguanodectes spilurus | familia minoritaria del mismo orden,media,ya_marcado
1409,677718,taxonomia,jerarquia superior minoritaria o discrepante,scientificName | subtipo,Bryconops caudomaculatus | familia minoritaria del mismo orden,media,ya_marcado
1578,677905,taxonomia,jerarquia superior minoritaria o discrepante,scientificName | subtipo,Bryconops | familia minoritaria del mismo orden,media,ya_marcado
1586,677914,taxonomia,jerarquia superior minoritaria o discrepante,scientificName | subtipo,Bryconops alburnoides | familia minoritaria en el nombre,media,ya_marcado
1752,678122,taxonomia,jerarquia superior minoritaria o discrepante,scientificName | subtipo,Bryconops giacopinii | familia minoritaria en el nombre,media,ya_marcado
1771,678143,taxonomia,jerarquia superior minoritaria o discrepante,scientificName | subtipo,Triportheus angulatus | familia minoritaria en el nombre,media,ya_marcado
1839,678218,taxonomia,jerarquia superior minoritaria o discrepante,scientificName | subtipo,Salminus affinis | familia minoritaria del mismo orden,media,ya_marcado
1854,678235,taxonomia,jerarquia superior minoritaria o discrepante,scientificName | subtipo,Salminus affinis | familia minoritaria del mismo orden,media,ya_marcado
1855,678236,taxonomia,jerarquia superior minoritaria o discrepante,scientificName | subtipo,Salminus hilarii | familia minoritaria del mismo orden,media,ya_marcado
2025,678426,taxonomia,jerarquia superior minoritaria o discrepante,scientificName | subtipo,Triportheus angulatus | familia minoritaria en el nombre,media,ya_marcado
2341,678777,taxonomia,jerarquia superior minoritaria o discrepante,scientificName | subtipo,Triportheus angulatus | familia minoritaria en el nombre,media,ya_marcado
2375,678814,taxonomia,jerarquia superior minoritaria o discrepante,scientificName | subtipo,Triportheus angulatus | familia minoritaria en el nombre,media,ya_marcado
2439,678885,taxonomia,jerarquia superior minoritaria o discrepante,scientificName | subtipo,Opisthonema libertate | familia minoritaria del mismo orden,media,ya_marcado
2460,678909,taxonomia,jerarquia superior minoritaria o discrepante,scientificName | subtipo,Opisthonema libertate | familia minoritaria del mismo orden,media,ya_marcado
2702,679201,taxonomia,jerarquia superior minoritaria o discrepante,scientificName | subtipo,Bryconops alburnoides | familia minoritaria del mismo orden,media,ya_marcado
2744,679247,taxonomia,jerarquia superior minoritaria o discrepante,scientificName | subtipo,Bryconops caudomaculatus | familia minoritaria del mismo orden,media,ya_marcado
2745,679248,taxonomia,jerarquia superior minoritaria o discrepante,scientificName | subtipo,Bryconops caudomaculatus | familia minoritaria del mismo orden,media,ya_marcado
3518,680107,taxonomia,jerarquia superior minoritaria o discrepante,scientificName | subtipo,Curimata vittata | familia minoritaria del mismo orden,media,ya_marcado
3520,680133,taxonomia,jerarquia superior minoritaria o discrepante,scientificName | subtipo,Brycon coxeyi | familia minoritaria del mismo orden,media,ya_marcado
3521,680134,taxonomia,jerarquia superior minoritaria o discrepante,scientificName | subtipo,Potamorhina altamazonica | familia minoritaria del mismo orden,media,ya_marcado
3522,680135,taxonomia,jerarquia superior minoritaria o discrepante,scientificName | subtipo,Hoplias malabaricus | familia minoritaria del mismo orden,media,ya_marcado
3523,680136,taxonomia,jerarquia superior minoritaria o discrepante,scientificName | subtipo,Psectrogaster rutiloides | familia minoritaria del mismo orden,media,ya_marcado
3543,680158,taxonomia,jerarquia superior minoritaria o discrepante,scientificName | subtipo,Prochilodus nigricans | familia minoritaria del mismo orden,media,ya_marcado
3561,680178,taxonomia,jerarquia superior minoritaria o discrepante,scientificName | subtipo,Acestrorhynchus lacustris | familia minoritaria del mismo orden,media,ya_marcado
3566,680183,taxonomia,jerarquia superior minoritaria o discrepante,scientificName | subtipo,Crenuchus spilurus | familia minoritaria del mismo orden,media,ya_marcado
3573,680191,taxonomia,jerarquia superior minoritaria o discrepante,scientificName | subtipo,Pimelodella geryi | familia minoritaria del mismo orden,media,ya_marcado
3582,680201,taxonomia,jerarquia superior minoritaria o discrepante,scientificName | subtipo,Sternopygus macrurus | familia minoritaria de otro orden,media,ya_marcado
3586,680205,taxonomia,jerarquia superior minoritaria o discrepante,scientificName | subtipo,Moenkhausia oligolepis | familia minoritaria del mismo orden,media,ya_marcado
3587,680206,taxonomia,jerarquia superior minoritaria o discrepante,scientificName | subtipo,Salminus iquitensis | familia minoritaria del mismo orden,media,ya_marcado
3590,680210,taxonomia,jerarquia superior minoritaria o discrepante,scientificName | subtipo,Apteronotus bonapartii | familia minoritaria del mismo orden,media,ya_marcado
3614,680237,taxonomia,jerarquia superior minoritaria o discrepante,scientificName | subtipo,Prochilodus nigricans | familia minoritaria del mismo orden,media,ya_marcado
3650,680277,taxonomia,jerarquia superior minoritaria o discrepante,scientificName | subtipo,Sternopygus macrurus | familia minoritaria de otro orden,media,ya_marcado
3660,680288,taxonomia,jerarquia superior minoritaria o discrepante,scientificName | subtipo,Acestrorhynchus lacustris | familia minoritaria del mismo orden,media,ya_marcado
3674,680303,taxonomia,jerarquia superior minoritaria o discrepante,scientificName | subtipo,Chilodus punctatus | familia minoritaria del mismo orden,media,ya_marcado
3676,680305,taxonomia,jerarquia superior minoritaria o discrepante,scientificName | subtipo,Pimelodella | familia minoritaria del mismo orden,media,ya_marcado
3681,680311,taxonomia,jerarquia superior minoritaria o discrepante,scientificName | subtipo,Chilodus punctatus | familia minoritaria del mismo orden,media,ya_marcado
3718,680352,taxonomia,jerarquia superior minoritaria o discrepante,scientificName | subtipo,Rhamdia wagneri | familia minoritaria del mismo orden,media,ya_marcado
3721,680356,taxonomia,jerarquia superior minoritaria o discrepante,scientificName | subtipo,Pimelodella cristata | familia minoritaria del mismo orden,media,ya_marcado
3776,680416,taxonomia,jerarquia superior minoritaria o discrepante,scientificName | subtipo,Triportheus angulatus | familia minoritaria del mismo orden,media,ya_marcado
3833,680480,taxonomia,jerarquia superior minoritaria o discrepante,scientificName | subtipo,Triportheus angulatus | familia minoritaria en el nombre,media,ya_marcado
3848,680496,taxonomia,jerarquia superior minoritaria o discrepante,scientificName | subtipo,Prochilodus nigricans | familia minoritaria del mismo orden,media,ya_marcado
3953,680613,taxonomia,jerarquia superior minoritaria o discrepante,scientificName | subtipo,Brycon stolzmanni | familia minoritaria del mismo orden,media,ya_marcado
3969,680630,taxonomia,jerarquia superior minoritaria o discrepante,scientificName | subtipo,Brycon dentex | familia minoritaria del mismo orden,media,ya_marcado
3983,680646,taxonomia,jerarquia superior minoritaria o discrepante,scientificName | subtipo,Brycon dentex | familia minoritaria del mismo orden,media,ya_marcado
3986,680649,taxonomia,jerarquia superior minoritaria o discrepante,scientificName | subtipo,Brycon dentex | familia minoritaria del mismo orden,media,ya_marcado
3996,680660,taxonomia,jerarquia superior minoritaria o discrepante,scientificName | subtipo,Brycon dentex | familia minoritaria del mismo orden,media,ya_marcado
4007,680674,taxonomia,jerarquia superior minoritaria o discrepante,scientificName | subtipo,Brycon dentex | familia minoritaria del mismo orden,media,ya_marcado
4140,680822,taxonomia,jerarquia superior minoritaria o discrepante,scientificName | subtipo,Curimatopsis | familia minoritaria del mismo orden,media,ya_marcado
4185,680871,taxonomia,jerarquia superior minoritaria o discrepante,scientificName | subtipo,Paranthias colonus | orden minoritario en la familia,media,ya_marcado
4186,680872,taxonomia,jerarquia superior minoritaria o discrepante,scientificName | subtipo,Serranus psittacinus | orden minoritario en la familia,media,ya_marcado
4201,680890,taxonomia,jerarquia superior minoritaria o discrepante,scientificName | subtipo,Holacanthus passer | orden minoritario en la familia,media,ya_marcado
4284,680981,taxonomia,jerarquia superior minoritaria o discrepante,scientificName | subtipo,Bryconops | familia minoritaria en el nombre,media,ya_marcado
4299,680997,taxonomia,jerarquia superior minoritaria o discrepante,scientificName | subtipo,Malacoctenus sudensis | familia minoritaria del mismo orden,media,ya_marcado
4337,681040,taxonomia,jerarquia superior minoritaria o discrepante,scientificName | subtipo,Anisotremus | familia minoritaria de otro orden,media,ya_marcado
4411,677104,taxonomia,jerarquia superior minoritaria o discrepante,scientificName | subtipo,Bryconops giacopinii | familia minoritaria del mismo orden,media,ya_marcado
4429,677122,taxonomia,jerarquia superior minoritaria o discrepante,scientificName | subtipo,Triportheus elongatus | familia minoritaria del mismo orden,media,ya_marcado
4619,1839692,taxonomia,jerarquia superior minoritaria o discrepante,scientificName | subtipo,Triportheus angulatus | familia minoritaria del mismo orden,media,ya_marcado
4640,1839713,taxonomia,jerarquia superior minoritaria o discrepante,scientificName | subtipo,Chalceus erythrurus | familia minoritaria del mismo orden,media,ya_marcado
4642,1839715,taxonomia,jerarquia superior minoritaria o discrepante,scientificName | subtipo,Triportheus angulatus | familia minoritaria del mismo orden,media,ya_marcado
4667,1839740,taxonomia,jerarquia superior minoritaria o discrepante,scientificName | subtipo,Triportheus albus | familia minoritaria del mismo orden,media,ya_marcado
4807,1839880,taxonomia,jerarquia superior minoritaria o discrepante,scientificName | subtipo,Triportheus angulatus | familia minoritaria del mismo orden,media,ya_marcado
5069,1840142,taxonomia,jerarquia superior minoritaria o discrepante,scientificName | subtipo,Triportheus angulatus | familia minoritaria del mismo orden,media,ya_marcado
5123,1840196,taxonomia,jerarquia superior minoritaria o discrepante,scientificName | subtipo,Urobatis tumbesensis | familia minoritaria del mismo orden,media,ya_marcado
5128,1840201,taxonomia,jerarquia superior minoritaria o discrepante,scientificName | subtipo,Urotrygon rogersi | familia minoritaria en el nombre,media,ya_marcado
5137,1840210,taxonomia,jerarquia superior minoritaria o discrepante,scientificName | subtipo,Triportheus angulatus | familia minoritaria del mismo orden,media,ya_marcado
5165,1840238,taxonomia,jerarquia superior minoritaria o discrepante,scientificName | subtipo,Opisthonema libertate | familia minoritaria en el nombre,media,ya_marcado
531,681205,taxonomia,jerarquia superior minoritaria o discrepante,scientificName | subtipo,Pimelodella lateristriga | familia minoritaria en el nombre,media,ya_marcado
5312,1840385,taxonomia,jerarquia superior minoritaria o discrepante,scientificName | subtipo,Pimelodella lateristriga | familia minoritaria del mismo orden,media,ya_marcado
5313,1840386,taxonomia,jerarquia superior minoritaria o discrepante,scientificName | subtipo,Epinephelus analogus | familia minoritaria del mismo orden,media,ya_marcado
5314,1840387,taxonomia,jerarquia superior minoritaria o discrepante,scientificName | subtipo,Epinephelus analogus | familia minoritaria en el nombre,media,ya_marcado
5322,1840395,taxonomia,jerarquia superior minoritaria o discrepante,scientificName | subtipo,Ilisha | familia minoritaria de otro orden,media,ya_marcado
5347,1840420,taxonomia,jerarquia superior minoritaria o discrepante,scientificName | subtipo,Epinephelus analogus | familia minoritaria del mismo orden,media,ya_marcado
5361,1840434,taxonomia,jerarquia superior minoritaria o discrepante,scientificName | subtipo,Triportheus angulatus | familia minoritaria del mismo orden,media,ya_marcado
5457,1840530,taxonomia,jerarquia superior minoritaria o discrepante,scientificName | subtipo,Steatogenys elegans | familia minoritaria del mismo orden,media,ya_marcado
5662,1840758,taxonomia,jerarquia superior minoritaria o discrepante,scientificName | subtipo,Urotrygon | familia minoritaria del mismo orden,media,ya_marcado
5664,1840760,taxonomia,jerarquia superior minoritaria o discrepante,scientificName | subtipo,Urotrygon rogersi | familia minoritaria del mismo orden,media,ya_marcado
5704,1840800,taxonomia,jerarquia superior minoritaria o discrepante,scientificName | subtipo,Urotrygon rogersi | familia minoritaria del mismo orden,media,ya_marcado
5901,1840997,taxonomia,jerarquia superior minoritaria o discrepante,scientificName | subtipo,Triportheus angulatus | familia minoritaria del mismo orden,media,ya_marcado
5908,1841004,taxonomia,jerarquia superior minoritaria o discrepante,scientificName | subtipo,Triportheus angulatus | familia minoritaria del mismo orden,media,ya_marcado
5932,1841028,taxonomia,jerarquia superior minoritaria o discrepante,scientificName | subtipo,Triportheus angulatus | familia minoritaria del mismo orden,media,ya_marcado
6060,1841156,taxonomia,jerarquia superior minoritaria o discrepante,scientificName | subtipo,Rhamdia quelen | familia minoritaria del mismo orden,media,ya_marcado
6068,1841164,taxonomia,jerarquia superior minoritaria o discrepante,scientificName | subtipo,Psectrogaster rutiloides | familia minoritaria en el nombre,media,ya_marcado
6131,1841227,taxonomia,jerarquia superior minoritaria o discrepante,scientificName | subtipo,Bryconops alburnoides | familia minoritaria del mismo orden,media,ya_marcado
6132,1841228,taxonomia,jerarquia superior minoritaria o discrepante,scientificName | subtipo,Characidium etheostoma | familia minoritaria del mismo orden,media,ya_marcado
6155,1841251,taxonomia,jerarquia superior minoritaria o discrepante,scientificName | subtipo,Salminus iquitensis | familia minoritaria del mismo orden,media,ya_marcado
6161,1841257,taxonomia,jerarquia superior minoritaria o discrepante,scientificName | subtipo,Arapaima gigas | familia minoritaria del mismo orden,media,ya_marcado
6176,1841272,taxonomia,jerarquia superior minoritaria o discrepante,scientificName | subtipo,Hemiodus unimaculatus | familia minoritaria del mismo orden,media,ya_marcado
6186,1841282,taxonomia,jerarquia superior minoritaria o discrepante,scientificName | subtipo,Distocyclus conirostris | familia minoritaria del mismo orden,media,ya_marcado
6192,1841288,taxonomia,jerarquia superior minoritaria o discrepante,scientificName | subtipo,Triportheus angulatus | familia minoritaria del mismo orden,media,ya_marcado
6202,1841298,taxonomia,jerarquia superior minoritaria o discrepante,scientificName | subtipo,Hemiodus unimaculatus | familia minoritaria del mismo orden,media,ya_marcado
6234,1841330,taxonomia,jerarquia superior minoritaria o discrepante,scientificName | subtipo,Triportheus angulatus | familia minoritaria del mismo orden,media,ya_marcado
6245,1841341,taxonomia,jerarquia superior minoritaria o discrepante,scientificName | subtipo,Loricaria simillima | familia minoritaria del mismo orden,media,ya_marcado
6282,1841378,taxonomia,jerarquia superior minoritaria o discrepante,scientificName | subtipo,Galeocharax gulo | familia minoritaria del mismo orden,media,ya_marcado
6294,1841390,taxonomia,jerarquia superior minoritaria o discrepante,scientificName | subtipo,Parodon pongoensis | familia minoritaria del mismo orden,media,ya_marcado
6378,1841474,taxonomia,jerarquia superior minoritaria o discrepante,scientificName | subtipo,Triportheus angulatus | familia minoritaria del mismo orden,media,ya_marcado
6385,1841481,taxonomia,jerarquia superior minoritaria o discrepante,scientificName | subtipo,Curimata aspera | familia minoritaria del mismo orden,media,ya_marcado
6401,1841497,taxonomia,jerarquia superior minoritaria o discrepante,scientificName | subtipo,Triportheus angulatus | familia minoritaria del mismo orden,media,ya_marcado
6420,1841516,taxonomia,jerarquia superior minoritaria o discrepante,scientificName | subtipo,Pimelodus blochii | familia minoritaria del mismo orden,media,ya_marcado
777,681477,taxonomia,jerarquia superior minoritaria o discrepante,scientificName | subtipo,Sternarchorhynchus curvirostris | familia minoritaria de otro orden,media,ya_marcado
828,681534,taxonomia,jerarquia superior minoritaria o discrepante,scientificName | subtipo,Bryconops giacopinii | familia minoritaria del mismo orden,media,ya_marcado
4371,677064,taxonomia,registro sin metadatos de colecta,registro_incompleto,Aspredinidae,media,ya_marcado
4372,677065,taxonomia,registro sin metadatos de colecta,registro_incompleto,Characidae,media,ya_marcado
4373,677066,taxonomia,registro sin metadatos de colecta,registro_incompleto,Characidae,media,ya_marcado
4374,677067,taxonomia,registro sin metadatos de colecta,registro_incompleto,Characidae,media,ya_marcado
1309,677607,taxonomia,registro sin ningun dato taxonomico,flag_sin_taxonomia,,media,ya_marcado
1343,677645,taxonomia,registro sin ningun dato taxonomico,flag_sin_taxonomia,,media,ya_marcado
1455,677769,taxonomia,registro sin ningun dato taxonomico,flag_sin_taxonomia,,media,ya_marcado
1733,678101,taxonomia,registro sin ningun dato taxonomico,flag_sin_taxonomia,,media,ya_marcado
1743,678112,taxonomia,registro sin ningun dato taxonomico,flag_sin_taxonomia,,media,ya_marcado
3794,680436,taxonomia,registro sin ningun dato taxonomico,flag_sin_taxonomia,,media,ya_marcado
1759,678129,temporal,dia fabricado por el portal (01 sobre verbatim ano-mes),eventDate | verbatimEventDate | day,2010-04-01 | 2010-4,media,propio
2341,678777,temporal,dia fabricado por el portal (01 sobre verbatim ano-mes),eventDate | verbatimEventDate | day,2011-09-01 | 2011-9,media,propio
2342,678778,temporal,dia fabricado por el portal (01 sobre verbatim ano-mes),eventDate | verbatimEventDate | day,2011-09-01 | 2011-9,media,propio
2343,678779,temporal,dia fabricado por el portal (01 sobre verbatim ano-mes),eventDate | verbatimEventDate | day,2011-09-01 | 2011-9,media,propio
2344,678780,temporal,dia fabricado por el portal (01 sobre verbatim ano-mes),eventDate | verbatimEventDate | day,2011-09-01 | 2011-9,media,propio
2345,678781,temporal,dia fabricado por el portal (01 sobre verbatim ano-mes),eventDate | verbatimEventDate | day,2011-09-01 | 2011-9,media,propio
2346,678782,temporal,dia fabricado por el portal (01 sobre verbatim ano-mes),eventDate | verbatimEventDate | day,2011-09-01 | 2011-9,media,propio
2347,678783,temporal,dia fabricado por el portal (01 sobre verbatim ano-mes),eventDate | verbatimEventDate | day,2011-09-01 | 2011-9,media,propio
2348,678784,temporal,dia fabricado por el portal (01 sobre verbatim ano-mes),eventDate | verbatimEventDate | day,2011-09-01 | 2011-9,media,propio
2349,678785,temporal,dia fabricado por el portal (01 sobre verbatim ano-mes),eventDate | verbatimEventDate | day,2011-09-01 | 2011-9,media,propio
2350,678787,temporal,dia fabricado por el portal (01 sobre verbatim ano-mes),eventDate | verbatimEventDate | day,2011-09-01 | 2011-9,media,propio
2351,678788,temporal,dia fabricado por el portal (01 sobre verbatim ano-mes),eventDate | verbatimEventDate | day,2011-09-01 | 2011-9,media,propio
2352,678789,temporal,dia fabricado por el portal (01 sobre verbatim ano-mes),eventDate | verbatimEventDate | day,2011-09-01 | 2011-9,media,propio
2353,678790,temporal,dia fabricado por el portal (01 sobre verbatim ano-mes),eventDate | verbatimEventDate | day,2011-09-01 | 2011-9,media,propio
2354,678791,temporal,dia fabricado por el portal (01 sobre verbatim ano-mes),eventDate | verbatimEventDate | day,2011-09-01 | 2011-9,media,propio
2355,678792,temporal,dia fabricado por el portal (01 sobre verbatim ano-mes),eventDate | verbatimEventDate | day,2011-09-01 | 2011-9,media,propio
2356,678793,temporal,dia fabricado por el portal (01 sobre verbatim ano-mes),eventDate | verbatimEventDate | day,2011-09-01 | 2011-9,media,propio
2357,678794,temporal,dia fabricado por el portal (01 sobre verbatim ano-mes),eventDate | verbatimEventDate | day,2011-09-01 | 2011-9,media,propio
2358,678795,temporal,dia fabricado por el portal (01 sobre verbatim ano-mes),eventDate | verbatimEventDate | day,2011-09-01 | 2011-9,media,propio
2359,678796,temporal,dia fabricado por el portal (01 sobre verbatim ano-mes),eventDate | verbatimEventDate | day,2011-09-01 | 2011-9,media,propio
2360,678798,temporal,dia fabricado por el portal (01 sobre verbatim ano-mes),eventDate | verbatimEventDate | day,2011-09-01 | 2011-9,media,propio
2361,678799,temporal,dia fabricado por el portal (01 sobre verbatim ano-mes),eventDate | verbatimEventDate | day,2011-09-01 | 2011-9,media,propio
2362,678800,temporal,dia fabricado por el portal (01 sobre verbatim ano-mes),eventDate | verbatimEventDate | day,2011-09-01 | 2011-9,media,propio
2363,678801,temporal,dia fabricado por el portal (01 sobre verbatim ano-mes),eventDate | verbatimEventDate | day,2011-09-01 | 2011-9,media,propio
2364,678802,temporal,dia fabricado por el portal (01 sobre verbatim ano-mes),eventDate | verbatimEventDate | day,2011-09-01 | 2011-9,media,propio
2365,678803,temporal,dia fabricado por el portal (01 sobre verbatim ano-mes),eventDate | verbatimEventDate | day,2011-09-01 | 2011-9,media,propio
2366,678804,temporal,dia fabricado por el portal (01 sobre verbatim ano-mes),eventDate | verbatimEventDate | day,2011-09-01 | 2011-9,media,propio
2367,678805,temporal,dia fabricado por el portal (01 sobre verbatim ano-mes),eventDate | verbatimEventDate | day,2011-09-01 | 2011-9,media,propio
2368,678806,temporal,dia fabricado por el portal (01 sobre verbatim ano-mes),eventDate | verbatimEventDate | day,2011-09-01 | 2011-9,media,propio
2369,678807,temporal,dia fabricado por el portal (01 sobre verbatim ano-mes),eventDate | verbatimEventDate | day,2011-09-01 | 2011-9,media,propio
2370,678809,temporal,dia fabricado por el portal (01 sobre verbatim ano-mes),eventDate | verbatimEventDate | day,2011-09-01 | 2011-9,media,propio
2371,678810,temporal,dia fabricado por el portal (01 sobre verbatim ano-mes),eventDate | verbatimEventDate | day,2011-09-01 | 2011-9,media,propio
2372,678811,temporal,dia fabricado por el portal (01 sobre verbatim ano-mes),eventDate | verbatimEventDate | day,2011-09-01 | 2011-9,media,propio
2373,678812,temporal,dia fabricado por el portal (01 sobre verbatim ano-mes),eventDate | verbatimEventDate | day,2011-09-01 | 2011-9,media,propio
2374,678813,temporal,dia fabricado por el portal (01 sobre verbatim ano-mes),eventDate | verbatimEventDate | day,2011-09-01 | 2011-9,media,propio
2375,678814,temporal,dia fabricado por el portal (01 sobre verbatim ano-mes),eventDate | verbatimEventDate | day,2011-09-01 | 2011-9,media,propio
2376,678815,temporal,dia fabricado por el portal (01 sobre verbatim ano-mes),eventDate | verbatimEventDate | day,2011-09-01 | 2011-9,media,propio
2377,678816,temporal,dia fabricado por el portal (01 sobre verbatim ano-mes),eventDate | verbatimEventDate | day,2011-09-01 | 2011-9,media,propio
2378,678817,temporal,dia fabricado por el portal (01 sobre verbatim ano-mes),eventDate | verbatimEventDate | day,2011-09-01 | 2011-9,media,propio
2379,678818,temporal,dia fabricado por el portal (01 sobre verbatim ano-mes),eventDate | verbatimEventDate | day,2011-09-01 | 2011-9,media,propio
2380,678820,temporal,dia fabricado por el portal (01 sobre verbatim ano-mes),eventDate | verbatimEventDate | day,2011-09-01 | 2011-9,media,propio
2381,678821,temporal,dia fabricado por el portal (01 sobre verbatim ano-mes),eventDate | verbatimEventDate | day,2011-09-01 | 2011-9,media,propio
2382,678822,temporal,dia fabricado por el portal (01 sobre verbatim ano-mes),eventDate | verbatimEventDate | day,2011-09-01 | 2011-9,media,propio
2383,678823,temporal,dia fabricado por el portal (01 sobre verbatim ano-mes),eventDate | verbatimEventDate | day,2011-09-01 | 2011-9,media,propio
2384,678824,temporal,dia fabricado por el portal (01 sobre verbatim ano-mes),eventDate | verbatimEventDate | day,2011-09-01 | 2011-9,media,propio
2385,678825,temporal,dia fabricado por el portal (01 sobre verbatim ano-mes),eventDate | verbatimEventDate | day,2011-09-01 | 2011-9,media,propio
2386,678826,temporal,dia fabricado por el portal (01 sobre verbatim ano-mes),eventDate | verbatimEventDate | day,2011-09-01 | 2011-9,media,propio
2387,678827,temporal,dia fabricado por el portal (01 sobre verbatim ano-mes),eventDate | verbatimEventDate | day,2011-09-01 | 2011-9,media,propio
2388,678828,temporal,dia fabricado por el portal (01 sobre verbatim ano-mes),eventDate | verbatimEventDate | day,2011-09-01 | 2011-9,media,propio
2389,678829,temporal,dia fabricado por el portal (01 sobre verbatim ano-mes),eventDate | verbatimEventDate | day,2011-09-01 | 2011-9,media,propio
2390,678831,temporal,dia fabricado por el portal (01 sobre verbatim ano-mes),eventDate | verbatimEventDate | day,2011-09-01 | 2011-9,media,propio
2391,678832,temporal,dia fabricado por el portal (01 sobre verbatim ano-mes),eventDate | verbatimEventDate | day,2011-09-01 | 2011-9,media,propio
2392,678833,temporal,dia fabricado por el portal (01 sobre verbatim ano-mes),eventDate | verbatimEventDate | day,2011-09-01 | 2011-9,media,propio
2393,678834,temporal,dia fabricado por el portal (01 sobre verbatim ano-mes),eventDate | verbatimEventDate | day,2011-09-01 | 2011-9,media,propio
2394,678835,temporal,dia fabricado por el portal (01 sobre verbatim ano-mes),eventDate | verbatimEventDate | day,2011-09-01 | 2011-9,media,propio
2395,678836,temporal,dia fabricado por el portal (01 sobre verbatim ano-mes),eventDate | verbatimEventDate | day,2011-09-01 | 2011-9,media,propio
2396,678837,temporal,dia fabricado por el portal (01 sobre verbatim ano-mes),eventDate | verbatimEventDate | day,2011-09-01 | 2011-9,media,propio
2397,678838,temporal,dia fabricado por el portal (01 sobre verbatim ano-mes),eventDate | verbatimEventDate | day,2011-09-01 | 2011-9,media,propio
2398,678839,temporal,dia fabricado por el portal (01 sobre verbatim ano-mes),eventDate | verbatimEventDate | day,2011-09-01 | 2011-9,media,propio
2399,678840,temporal,dia fabricado por el portal (01 sobre verbatim ano-mes),eventDate | verbatimEventDate | day,2011-09-01 | 2011-9,media,propio
2400,678843,temporal,dia fabricado por el portal (01 sobre verbatim ano-mes),eventDate | verbatimEventDate | day,2011-09-01 | 2011-9,media,propio
2486,678937,temporal,dia fabricado por el portal (01 sobre verbatim ano-mes),eventDate | verbatimEventDate | day,2010-05-01 | 2010-5,media,propio
2487,678938,temporal,dia fabricado por el portal (01 sobre verbatim ano-mes),eventDate | verbatimEventDate | day,2010-04-01 | 2010-4,media,propio
3751,680389,temporal,dia fabricado por el portal (01 sobre verbatim ano-mes),eventDate | verbatimEventDate | day,2005-09-01 | 2005-9,media,propio
3752,680390,temporal,dia fabricado por el portal (01 sobre verbatim ano-mes),eventDate | verbatimEventDate | day,2005-09-01 | 2005-9,media,propio
3753,680391,temporal,dia fabricado por el portal (01 sobre verbatim ano-mes),eventDate | verbatimEventDate | day,2005-09-01 | 2005-9,media,propio
3754,680392,temporal,dia fabricado por el portal (01 sobre verbatim ano-mes),eventDate | verbatimEventDate | day,2005-09-01 | 2005-9,media,propio
3755,680393,temporal,dia fabricado por el portal (01 sobre verbatim ano-mes),eventDate | verbatimEventDate | day,2005-09-01 | 2005-9,media,propio
3756,680394,temporal,dia fabricado por el portal (01 sobre verbatim ano-mes),eventDate | verbatimEventDate | day,2005-09-01 | 2005-9,media,propio
3757,680395,temporal,dia fabricado por el portal (01 sobre verbatim ano-mes),eventDate | verbatimEventDate | day,2005-09-01 | 2005-9,media,propio
3758,680396,temporal,dia fabricado por el portal (01 sobre verbatim ano-mes),eventDate | verbatimEventDate | day,2005-09-01 | 2005-9,media,propio
3759,680397,temporal,dia fabricado por el portal (01 sobre verbatim ano-mes),eventDate | verbatimEventDate | day,2005-09-01 | 2005-9,media,propio
3760,680399,temporal,dia fabricado por el portal (01 sobre verbatim ano-mes),eventDate | verbatimEventDate | day,2005-09-01 | 2005-9,media,propio
3761,680400,temporal,dia fabricado por el portal (01 sobre verbatim ano-mes),eventDate | verbatimEventDate | day,2005-09-01 | 2005-9,media,propio
3768,680407,temporal,dia fabricado por el portal (01 sobre verbatim ano-mes),eventDate | verbatimEventDate | day,2005-09-01 | 2005-9,media,propio
3769,680408,temporal,dia fabricado por el portal (01 sobre verbatim ano-mes),eventDate | verbatimEventDate | day,2005-09-01 | 2005-9,media,propio
3770,680410,temporal,dia fabricado por el portal (01 sobre verbatim ano-mes),eventDate | verbatimEventDate | day,2005-09-01 | 2005-9,media,propio
3771,680411,temporal,dia fabricado por el portal (01 sobre verbatim ano-mes),eventDate | verbatimEventDate | day,2005-09-01 | 2005-9,media,propio
3772,680412,temporal,dia fabricado por el portal (01 sobre verbatim ano-mes),eventDate | verbatimEventDate | day,2005-09-01 | 2005-9,media,propio
3773,680413,temporal,dia fabricado por el portal (01 sobre verbatim ano-mes),eventDate | verbatimEventDate | day,2005-09-01 | 2005-9,media,propio
3774,680414,temporal,dia fabricado por el portal (01 sobre verbatim ano-mes),eventDate | verbatimEventDate | day,2005-09-01 | 2005-9,media,propio
3775,680415,temporal,dia fabricado por el portal (01 sobre verbatim ano-mes),eventDate | verbatimEventDate | day,2005-09-01 | 2005-9,media,propio
3776,680416,temporal,dia fabricado por el portal (01 sobre verbatim ano-mes),eventDate | verbatimEventDate | day,2005-09-01 | 2005-9,media,propio
3777,680417,temporal,dia fabricado por el portal (01 sobre verbatim ano-mes),eventDate | verbatimEventDate | day,2005-09-01 | 2005-9,media,propio
3778,680418,temporal,dia fabricado por el portal (01 sobre verbatim ano-mes),eventDate | verbatimEventDate | day,2005-09-01 | 2005-9,media,propio
3779,680419,temporal,dia fabricado por el portal (01 sobre verbatim ano-mes),eventDate | verbatimEventDate | day,2005-09-01 | 2005-9,media,propio
3780,680421,temporal,dia fabricado por el portal (01 sobre verbatim ano-mes),eventDate | verbatimEventDate | day,2005-09-01 | 2005-9,media,propio
3781,680422,temporal,dia fabricado por el portal (01 sobre verbatim ano-mes),eventDate | verbatimEventDate | day,2005-09-01 | 2005-9,media,propio
3782,680423,temporal,dia fabricado por el portal (01 sobre verbatim ano-mes),eventDate | verbatimEventDate | day,2005-09-01 | 2005-9,media,propio
3783,680424,temporal,dia fabricado por el portal (01 sobre verbatim ano-mes),eventDate | verbatimEventDate | day,2005-09-01 | 2005-9,media,propio
3784,680425,temporal,dia fabricado por el portal (01 sobre verbatim ano-mes),eventDate | verbatimEventDate | day,2005-09-01 | 2005-9,media,propio
3785,680426,temporal,dia fabricado por el portal (01 sobre verbatim ano-mes),eventDate | verbatimEventDate | day,2005-09-01 | 2005-9,media,propio
3786,680427,temporal,dia fabricado por el portal (01 sobre verbatim ano-mes),eventDate | verbatimEventDate | day,2005-09-01 | 2005-9,media,propio
3787,680428,temporal,dia fabricado por el portal (01 sobre verbatim ano-mes),eventDate | verbatimEventDate | day,2005-09-01 | 2005-9,media,propio
3788,680429,temporal,dia fabricado por el portal (01 sobre verbatim ano-mes),eventDate | verbatimEventDate | day,2005-09-01 | 2005-9,media,propio
3789,680430,temporal,dia fabricado por el portal (01 sobre verbatim ano-mes),eventDate | verbatimEventDate | day,2005-09-01 | 2005-9,media,propio
3790,680432,temporal,dia fabricado por el portal (01 sobre verbatim ano-mes),eventDate | verbatimEventDate | day,2005-09-01 | 2005-9,media,propio
3791,680433,temporal,dia fabricado por el portal (01 sobre verbatim ano-mes),eventDate | verbatimEventDate | day,2005-09-01 | 2005-9,media,propio
3792,680434,temporal,dia fabricado por el portal (01 sobre verbatim ano-mes),eventDate | verbatimEventDate | day,2005-09-01 | 2005-9,media,propio
3793,680435,temporal,dia fabricado por el portal (01 sobre verbatim ano-mes),eventDate | verbatimEventDate | day,2005-09-01 | 2005-9,media,propio
3794,680436,temporal,dia fabricado por el portal (01 sobre verbatim ano-mes),eventDate | verbatimEventDate | day,2005-09-01 | 2005-9,media,propio
3795,680437,temporal,dia fabricado por el portal (01 sobre verbatim ano-mes),eventDate | verbatimEventDate | day,2005-09-01 | 2005-9,media,propio
3796,680438,temporal,dia fabricado por el portal (01 sobre verbatim ano-mes),eventDate | verbatimEventDate | day,2005-09-01 | 2005-9,media,propio
3797,680439,temporal,dia fabricado por el portal (01 sobre verbatim ano-mes),eventDate | verbatimEventDate | day,2005-09-01 | 2005-9,media,propio
3798,680440,temporal,dia fabricado por el portal (01 sobre verbatim ano-mes),eventDate | verbatimEventDate | day,2005-09-01 | 2005-9,media,propio
3799,680441,temporal,dia fabricado por el portal (01 sobre verbatim ano-mes),eventDate | verbatimEventDate | day,2005-09-01 | 2005-9,media,propio
3800,680444,temporal,dia fabricado por el portal (01 sobre verbatim ano-mes),eventDate | verbatimEventDate | day,2005-09-01 | 2005-9,media,propio
3801,680445,temporal,dia fabricado por el portal (01 sobre verbatim ano-mes),eventDate | verbatimEventDate | day,2005-09-01 | 2005-9,media,propio
3802,680446,temporal,dia fabricado por el portal (01 sobre verbatim ano-mes),eventDate | verbatimEventDate | day,2005-09-01 | 2005-9,media,propio
3803,680447,temporal,dia fabricado por el portal (01 sobre verbatim ano-mes),eventDate | verbatimEventDate | day,2005-09-01 | 2005-9,media,propio
3804,680448,temporal,dia fabricado por el portal (01 sobre verbatim ano-mes),eventDate | verbatimEventDate | day,2011-09-01 | 2011-9,media,propio
3805,680449,temporal,dia fabricado por el portal (01 sobre verbatim ano-mes),eventDate | verbatimEventDate | day,2011-09-01 | 2011-9,media,propio
3806,680450,temporal,dia fabricado por el portal (01 sobre verbatim ano-mes),eventDate | verbatimEventDate | day,2011-09-01 | 2011-9,media,propio
3807,680451,temporal,dia fabricado por el portal (01 sobre verbatim ano-mes),eventDate | verbatimEventDate | day,2011-09-01 | 2011-9,media,propio
3808,680452,temporal,dia fabricado por el portal (01 sobre verbatim ano-mes),eventDate | verbatimEventDate | day,2011-09-01 | 2011-9,media,propio
3809,680453,temporal,dia fabricado por el portal (01 sobre verbatim ano-mes),eventDate | verbatimEventDate | day,2011-09-01 | 2011-9,media,propio
3810,680455,temporal,dia fabricado por el portal (01 sobre verbatim ano-mes),eventDate | verbatimEventDate | day,2011-09-01 | 2011-9,media,propio
3811,680456,temporal,dia fabricado por el portal (01 sobre verbatim ano-mes),eventDate | verbatimEventDate | day,2011-09-01 | 2011-9,media,propio
3812,680457,temporal,dia fabricado por el portal (01 sobre verbatim ano-mes),eventDate | verbatimEventDate | day,2011-09-01 | 2011-9,media,propio
3813,680458,temporal,dia fabricado por el portal (01 sobre verbatim ano-mes),eventDate | verbatimEventDate | day,2011-09-01 | 2011-9,media,propio
3814,680459,temporal,dia fabricado por el portal (01 sobre verbatim ano-mes),eventDate | verbatimEventDate | day,2011-09-01 | 2011-9,media,propio
3815,680460,temporal,dia fabricado por el portal (01 sobre verbatim ano-mes),eventDate | verbatimEventDate | day,2011-09-01 | 2011-9,media,propio
3816,680461,temporal,dia fabricado por el portal (01 sobre verbatim ano-mes),eventDate | verbatimEventDate | day,2011-09-01 | 2011-9,media,propio
3817,680462,temporal,dia fabricado por el portal (01 sobre verbatim ano-mes),eventDate | verbatimEventDate | day,2011-09-01 | 2011-9,media,propio
3818,680463,temporal,dia fabricado por el portal (01 sobre verbatim ano-mes),eventDate | verbatimEventDate | day,2011-09-01 | 2011-9,media,propio
3819,680464,temporal,dia fabricado por el portal (01 sobre verbatim ano-mes),eventDate | verbatimEventDate | day,2011-09-01 | 2011-11,media,propio
3820,680466,temporal,dia fabricado por el portal (01 sobre verbatim ano-mes),eventDate | verbatimEventDate | day,2011-09-01 | 2011-11,media,propio
3821,680467,temporal,dia fabricado por el portal (01 sobre verbatim ano-mes),eventDate | verbatimEventDate | day,2005-09-01 | 2005-9,media,propio
3822,680468,temporal,dia fabricado por el portal (01 sobre verbatim ano-mes),eventDate | verbatimEventDate | day,2005-09-01 | 2005-9,media,propio
3823,680469,temporal,dia fabricado por el portal (01 sobre verbatim ano-mes),eventDate | verbatimEventDate | day,2005-09-01 | 2005-9,media,propio
3824,680470,temporal,dia fabricado por el portal (01 sobre verbatim ano-mes),eventDate | verbatimEventDate | day,2005-09-01 | 2005-9,media,propio
3825,680471,temporal,dia fabricado por el portal (01 sobre verbatim ano-mes),eventDate | verbatimEventDate | day,2005-09-01 | 2005-9,media,propio
3826,680472,temporal,dia fabricado por el portal (01 sobre verbatim ano-mes),eventDate | verbatimEventDate | day,2005-09-01 | 2005-9,media,propio
3827,680473,temporal,dia fabricado por el portal (01 sobre verbatim ano-mes),eventDate | verbatimEventDate | day,2005-09-01 | 2005-9,media,propio
3828,680474,temporal,dia fabricado por el portal (01 sobre verbatim ano-mes),eventDate | verbatimEventDate | day,2005-09-01 | 2005-9,media,propio
3829,680475,temporal,dia fabricado por el portal (01 sobre verbatim ano-mes),eventDate | verbatimEventDate | day,2005-09-01 | 2005-9,media,propio
3830,680477,temporal,dia fabricado por el portal (01 sobre verbatim ano-mes),eventDate | verbatimEventDate | day,2005-09-01 | 2005-9,media,propio
3831,680478,temporal,dia fabricado por el portal (01 sobre verbatim ano-mes),eventDate | verbatimEventDate | day,2005-09-01 | 2005-9,media,propio
3832,680479,temporal,dia fabricado por el portal (01 sobre verbatim ano-mes),eventDate | verbatimEventDate | day,2005-09-01 | 2005-9,media,propio
3833,680480,temporal,dia fabricado por el portal (01 sobre verbatim ano-mes),eventDate | verbatimEventDate | day,2005-09-01 | 2005-9,media,propio
3834,680481,temporal,dia fabricado por el portal (01 sobre verbatim ano-mes),eventDate | verbatimEventDate | day,2005-09-01 | 2005-9,media,propio
3835,680482,temporal,dia fabricado por el portal (01 sobre verbatim ano-mes),eventDate | verbatimEventDate | day,2005-09-01 | 2005-9,media,propio
3836,680483,temporal,dia fabricado por el portal (01 sobre verbatim ano-mes),eventDate | verbatimEventDate | day,2005-09-01 | 2005-9,media,propio
3837,680484,temporal,dia fabricado por el portal (01 sobre verbatim ano-mes),eventDate | verbatimEventDate | day,2005-09-01 | 2005-9,media,propio
3838,680485,temporal,dia fabricado por el portal (01 sobre verbatim ano-mes),eventDate | verbatimEventDate | day,2005-09-01 | 2005-9,media,propio
3839,680486,temporal,dia fabricado por el portal (01 sobre verbatim ano-mes),eventDate | verbatimEventDate | day,2005-09-01 | 2005-9,media,propio
3840,680488,temporal,dia fabricado por el portal (01 sobre verbatim ano-mes),eventDate | verbatimEventDate | day,2005-09-01 | 2005-9,media,propio
3841,680489,temporal,dia fabricado por el portal (01 sobre verbatim ano-mes),eventDate | verbatimEventDate | day,2005-09-01 | 2005-9,media,propio
3842,680490,temporal,dia fabricado por el portal (01 sobre verbatim ano-mes),eventDate | verbatimEventDate | day,2005-09-01 | 2005-9,media,propio
3843,680491,temporal,dia fabricado por el portal (01 sobre verbatim ano-mes),eventDate | verbatimEventDate | day,2005-09-01 | 2005-9,media,propio
3844,680492,temporal,dia fabricado por el portal (01 sobre verbatim ano-mes),eventDate | verbatimEventDate | day,2005-09-01 | 2005-9,media,propio
3845,680493,temporal,dia fabricado por el portal (01 sobre verbatim ano-mes),eventDate | verbatimEventDate | day,2005-09-01 | 2005-9,media,propio
468,681111,temporal,dia fabricado por el portal (01 sobre verbatim ano-mes),eventDate | verbatimEventDate | day,2003-08-01 | 2003-8,media,propio
469,681112,temporal,dia fabricado por el portal (01 sobre verbatim ano-mes),eventDate | verbatimEventDate | day,2003-08-01 | 2003-8,media,propio
470,681114,temporal,dia fabricado por el portal (01 sobre verbatim ano-mes),eventDate | verbatimEventDate | day,2003-08-01 | 2003-8,media,propio
471,681115,temporal,dia fabricado por el portal (01 sobre verbatim ano-mes),eventDate | verbatimEventDate | day,2003-08-01 | 2003-8,media,propio
472,681116,temporal,dia fabricado por el portal (01 sobre verbatim ano-mes),eventDate | verbatimEventDate | day,2003-08-01 | 2003-8,media,propio
473,681117,temporal,dia fabricado por el portal (01 sobre verbatim ano-mes),eventDate | verbatimEventDate | day,2003-08-01 | 2003-8,media,propio
474,681118,temporal,dia fabricado por el portal (01 sobre verbatim ano-mes),eventDate | verbatimEventDate | day,2003-08-01 | 2003-8,media,propio
475,681119,temporal,dia fabricado por el portal (01 sobre verbatim ano-mes),eventDate | verbatimEventDate | day,2003-08-01 | 2003-8,media,propio
476,681120,temporal,dia fabricado por el portal (01 sobre verbatim ano-mes),eventDate | verbatimEventDate | day,2003-08-01 | 2003-8,media,propio
477,681121,temporal,dia fabricado por el portal (01 sobre verbatim ano-mes),eventDate | verbatimEventDate | day,2003-08-01 | 2003-8,media,propio
478,681122,temporal,dia fabricado por el portal (01 sobre verbatim ano-mes),eventDate | verbatimEventDate | day,2003-08-01 | 2003-8,media,propio
479,681123,temporal,dia fabricado por el portal (01 sobre verbatim ano-mes),eventDate | verbatimEventDate | day,2003-08-01 | 2003-8,media,propio
480,681125,temporal,dia fabricado por el portal (01 sobre verbatim ano-mes),eventDate | verbatimEventDate | day,2003-08-01 | 2003-8,media,propio
481,681126,temporal,dia fabricado por el portal (01 sobre verbatim ano-mes),eventDate | verbatimEventDate | day,2003-08-01 | 2003-8,media,propio
482,681127,temporal,dia fabricado por el portal (01 sobre verbatim ano-mes),eventDate | verbatimEventDate | day,2003-08-01 | 2003-8,media,propio
483,681128,temporal,dia fabricado por el portal (01 sobre verbatim ano-mes),eventDate | verbatimEventDate | day,2003-08-01 | 2003-8,media,propio
484,681129,temporal,dia fabricado por el portal (01 sobre verbatim ano-mes),eventDate | verbatimEventDate | day,2003-08-01 | 2003-8,media,propio
1125,677403,geografia,locality y locationRemarks identicos,locality | locationRemarks,Río Puyo,informativa,propio
1577,677904,geografia,locality y locationRemarks identicos,locality | locationRemarks,Río Ñampaz,informativa,propio
1579,677906,geografia,locality y locationRemarks identicos,locality | locationRemarks,Río Aguas Negras,informativa,propio
1580,677908,geografia,locality y locationRemarks identicos,locality | locationRemarks,Río Aguas Negras,informativa,propio
1586,677914,geografia,locality y locationRemarks identicos,locality | locationRemarks,Río Ñampaz,informativa,propio
1587,677915,geografia,locality y locationRemarks identicos,locality | locationRemarks,Río Ñampaz,informativa,propio
1589,677917,geografia,locality y locationRemarks identicos,locality | locationRemarks,Río Tanipuy,informativa,propio
1591,677920,geografia,locality y locationRemarks identicos,locality | locationRemarks,Río Aguas Negras,informativa,propio
1592,677921,geografia,locality y locationRemarks identicos,locality | locationRemarks,Río Cuyabeno,informativa,propio
1606,677937,geografia,locality y locationRemarks identicos,locality | locationRemarks,Río Cuyabeno,informativa,propio
1608,677939,geografia,locality y locationRemarks identicos,locality | locationRemarks,Río Cuyabeno,informativa,propio
1614,677946,geografia,locality y locationRemarks identicos,locality | locationRemarks,Río Kuzutka,informativa,propio
1615,677947,geografia,locality y locationRemarks identicos,locality | locationRemarks,Río Kuzutka,informativa,propio
1616,677948,geografia,locality y locationRemarks identicos,locality | locationRemarks,Río Kuzutka,informativa,propio
1617,677949,geografia,locality y locationRemarks identicos,locality | locationRemarks,Río Kuzutka,informativa,propio
1618,677950,geografia,locality y locationRemarks identicos,locality | locationRemarks,Río Kuzutka,informativa,propio
1619,677951,geografia,locality y locationRemarks identicos,locality | locationRemarks,Río Kuzutka,informativa,propio
1620,677953,geografia,locality y locationRemarks identicos,locality | locationRemarks,Río Kuzutka,informativa,propio
1621,677954,geografia,locality y locationRemarks identicos,locality | locationRemarks,Río Kuzutka,informativa,propio
1622,677955,geografia,locality y locationRemarks identicos,locality | locationRemarks,Río Kuzutka,informativa,propio
1624,677957,geografia,locality y locationRemarks identicos,locality | locationRemarks,Río Napimias,informativa,propio
1625,677958,geografia,locality y locationRemarks identicos,locality | locationRemarks,Río Napimias,informativa,propio
1626,677959,geografia,locality y locationRemarks identicos,locality | locationRemarks,Río Napimias,informativa,propio
1627,677960,geografia,locality y locationRemarks identicos,locality | locationRemarks,Río Napimias,informativa,propio
1639,677973,geografia,locality y locationRemarks identicos,locality | locationRemarks,Laguna Kumpak,informativa,propio
1640,677975,geografia,locality y locationRemarks identicos,locality | locationRemarks,Laguna Kumpak,informativa,propio
1641,677976,geografia,locality y locationRemarks identicos,locality | locationRemarks,Laguna Kumpak,informativa,propio
1642,677977,geografia,locality y locationRemarks identicos,locality | locationRemarks,Laguna Kumpak,informativa,propio
1643,677978,geografia,locality y locationRemarks identicos,locality | locationRemarks,Laguna Kumpak,informativa,propio
1644,677979,geografia,locality y locationRemarks identicos,locality | locationRemarks,Laguna Kumpak,informativa,propio
1653,677989,geografia,locality y locationRemarks identicos,locality | locationRemarks,Río Columbo,informativa,propio
1654,677990,geografia,locality y locationRemarks identicos,locality | locationRemarks,Río Columbo,informativa,propio
1655,677991,geografia,locality y locationRemarks identicos,locality | locationRemarks,Río Columbo,informativa,propio
1656,677992,geografia,locality y locationRemarks identicos,locality | locationRemarks,Río Lupique,informativa,propio
1657,677993,geografia,locality y locationRemarks identicos,locality | locationRemarks,Río Lupique,informativa,propio
1658,677994,geografia,locality y locationRemarks identicos,locality | locationRemarks,Río Lupique,informativa,propio
1659,677995,geografia,locality y locationRemarks identicos,locality | locationRemarks,Río Lupique,informativa,propio
1660,677997,geografia,locality y locationRemarks identicos,locality | locationRemarks,Río Lupique,informativa,propio
1669,678006,geografia,locality y locationRemarks identicos,locality | locationRemarks,Río Tundayme,informativa,propio
1670,678008,geografia,locality y locationRemarks identicos,locality | locationRemarks,Río Blanco,informativa,propio
1671,678009,geografia,locality y locationRemarks identicos,locality | locationRemarks,Río Blanco,informativa,propio
1672,678010,geografia,locality y locationRemarks identicos,locality | locationRemarks,Río Tundayme,informativa,propio
1673,678011,geografia,locality y locationRemarks identicos,locality | locationRemarks,Río Tundayme,informativa,propio
1678,678016,geografia,locality y locationRemarks identicos,locality | locationRemarks,Río Lupique,informativa,propio
1679,678017,geografia,locality y locationRemarks identicos,locality | locationRemarks,Río Chanangue,informativa,propio
1814,678191,geografia,locality y locationRemarks identicos,locality | locationRemarks,Malimpia Chico,informativa,propio
1815,678192,geografia,locality y locationRemarks identicos,locality | locationRemarks,Malimpia Chico,informativa,propio
1832,678211,geografia,locality y locationRemarks identicos,locality | locationRemarks,Río San Miguel,informativa,propio
1833,678212,geografia,locality y locationRemarks identicos,locality | locationRemarks,Río San Miguel,informativa,propio
1834,678213,geografia,locality y locationRemarks identicos,locality | locationRemarks,Río San Miguel,informativa,propio
1835,678214,geografia,locality y locationRemarks identicos,locality | locationRemarks,Río San Miguel,informativa,propio
1836,678215,geografia,locality y locationRemarks identicos,locality | locationRemarks,Río San Miguel,informativa,propio
1837,678216,geografia,locality y locationRemarks identicos,locality | locationRemarks,Río San Miguel,informativa,propio
1838,678217,geografia,locality y locationRemarks identicos,locality | locationRemarks,Río San Miguel,informativa,propio
1839,678218,geografia,locality y locationRemarks identicos,locality | locationRemarks,Río San Miguel,informativa,propio
1861,678243,geografia,locality y locationRemarks identicos,locality | locationRemarks,Río Charguayacu,informativa,propio
1862,678244,geografia,locality y locationRemarks identicos,locality | locationRemarks,Río Pachijal,informativa,propio
1863,678245,geografia,locality y locationRemarks identicos,locality | locationRemarks,Río Pachijal,informativa,propio
1864,678246,geografia,locality y locationRemarks identicos,locality | locationRemarks,Río Pachijal,informativa,propio
1865,678247,geografia,locality y locationRemarks identicos,locality | locationRemarks,Río Pachijal,informativa,propio
1866,678248,geografia,locality y locationRemarks identicos,locality | locationRemarks,Río Pachijal,informativa,propio
1867,678249,geografia,locality y locationRemarks identicos,locality | locationRemarks,Río Charguayacu,informativa,propio
1868,678250,geografia,locality y locationRemarks identicos,locality | locationRemarks,Río Charguayacu,informativa,propio
1869,678251,geografia,locality y locationRemarks identicos,locality | locationRemarks,Río Charguayacu,informativa,propio
1870,678253,geografia,locality y locationRemarks identicos,locality | locationRemarks,Río Charguayacu,informativa,propio
1871,678254,geografia,locality y locationRemarks identicos,locality | locationRemarks,Río Pita,informativa,propio
1872,678255,geografia,locality y locationRemarks identicos,locality | locationRemarks,Río Pita,informativa,propio
1874,678257,geografia,locality y locationRemarks identicos,locality | locationRemarks,Río Pita,informativa,propio
1913,678301,geografia,locality y locationRemarks identicos,locality | locationRemarks,Río Simanwe,informativa,propio
1914,678302,geografia,locality y locationRemarks identicos,locality | locationRemarks,Río Simanwe,informativa,propio
1915,678303,geografia,locality y locationRemarks identicos,locality | locationRemarks,Río Simanwe,informativa,propio
1916,678304,geografia,locality y locationRemarks identicos,locality | locationRemarks,Río Simanwe,informativa,propio
1917,678305,geografia,locality y locationRemarks identicos,locality | locationRemarks,Río Simanwe,informativa,propio
1918,678306,geografia,locality y locationRemarks identicos,locality | locationRemarks,Río Simanwe,informativa,propio
1931,678321,geografia,locality y locationRemarks identicos,locality | locationRemarks,Río Simanwe,informativa,propio
1932,678322,geografia,locality y locationRemarks identicos,locality | locationRemarks,Río Simanwe,informativa,propio
1933,678323,geografia,locality y locationRemarks identicos,locality | locationRemarks,Río Simanwe,informativa,propio
1934,678324,geografia,locality y locationRemarks identicos,locality | locationRemarks,Río Simanwe,informativa,propio
1935,678325,geografia,locality y locationRemarks identicos,locality | locationRemarks,Río Simanwe,informativa,propio
1936,678326,geografia,locality y locationRemarks identicos,locality | locationRemarks,Río Dormido,informativa,propio
1937,678327,geografia,locality y locationRemarks identicos,locality | locationRemarks,Río Dormido,informativa,propio
1938,678328,geografia,locality y locationRemarks identicos,locality | locationRemarks,Río Dormido,informativa,propio
1939,678329,geografia,locality y locationRemarks identicos,locality | locationRemarks,Río Dormido,informativa,propio
1940,678331,geografia,locality y locationRemarks identicos,locality | locationRemarks,Río Dormido,informativa,propio
1941,678332,geografia,locality y locationRemarks identicos,locality | locationRemarks,Río Dormido,informativa,propio
1942,678333,geografia,locality y locationRemarks identicos,locality | locationRemarks,Río Sansahuari,informativa,propio
1943,678334,geografia,locality y locationRemarks identicos,locality | locationRemarks,Río Sansahuari,informativa,propio
1944,678335,geografia,locality y locationRemarks identicos,locality | locationRemarks,Río Sansahuari,informativa,propio
1945,678336,geografia,locality y locationRemarks identicos,locality | locationRemarks,Río Sansahuari,informativa,propio
1946,678337,geografia,locality y locationRemarks identicos,locality | locationRemarks,Río Sansahuari,informativa,propio
1947,678338,geografia,locality y locationRemarks identicos,locality | locationRemarks,Río Sansahuari,informativa,propio
1948,678339,geografia,locality y locationRemarks identicos,locality | locationRemarks,Río Sansahuari,informativa,propio
1949,678340,geografia,locality y locationRemarks identicos,locality | locationRemarks,Río Sansahuari,informativa,propio
1950,678342,geografia,locality y locationRemarks identicos,locality | locationRemarks,Río Sansahuari,informativa,propio
1951,678343,geografia,locality y locationRemarks identicos,locality | locationRemarks,Río Sansahuari,informativa,propio
1952,678344,geografia,locality y locationRemarks identicos,locality | locationRemarks,Río Sansahuari,informativa,propio
1953,678345,geografia,locality y locationRemarks identicos,locality | locationRemarks,Río Sansahuari,informativa,propio
1954,678346,geografia,locality y locationRemarks identicos,locality | locationRemarks,Río Sansahuari,informativa,propio
1955,678347,geografia,locality y locationRemarks identicos,locality | locationRemarks,Río Sansahuari,informativa,propio
1969,678362,geografia,locality y locationRemarks identicos,locality | locationRemarks,Río Simanwe,informativa,propio
1970,678364,geografia,locality y locationRemarks identicos,locality | locationRemarks,Río Simanwe,informativa,propio
1971,678365,geografia,locality y locationRemarks identicos,locality | locationRemarks,Río Simanwe,informativa,propio
1972,678366,geografia,locality y locationRemarks identicos,locality | locationRemarks,Río Simanwe,informativa,propio
1973,678367,geografia,locality y locationRemarks identicos,locality | locationRemarks,Río Simanwe,informativa,propio
1974,678368,geografia,locality y locationRemarks identicos,locality | locationRemarks,Río Simanwe,informativa,propio
1975,678369,geografia,locality y locationRemarks identicos,locality | locationRemarks,Río Simanwe,informativa,propio
1976,678370,geografia,locality y locationRemarks identicos,locality | locationRemarks,Río Simanwe,informativa,propio
1977,678371,geografia,locality y locationRemarks identicos,locality | locationRemarks,Río Simanwe,informativa,propio
1978,678372,geografia,locality y locationRemarks identicos,locality | locationRemarks,Río Simanwe,informativa,propio
1984,678379,geografia,locality y locationRemarks identicos,locality | locationRemarks,Río Yocoya,informativa,propio
1985,678380,geografia,locality y locationRemarks identicos,locality | locationRemarks,Río Yocoya,informativa,propio
1986,678381,geografia,locality y locationRemarks identicos,locality | locationRemarks,Río Yocoya,informativa,propio
1987,678382,geografia,locality y locationRemarks identicos,locality | locationRemarks,Río Yocoya,informativa,propio
1988,678383,geografia,locality y locationRemarks identicos,locality | locationRemarks,Río Yocoya,informativa,propio
2025,678426,geografia,locality y locationRemarks identicos,locality | locationRemarks,Río Putumayo,informativa,propio
2026,678427,geografia,locality y locationRemarks identicos,locality | locationRemarks,Río Putumayo,informativa,propio
2027,678428,geografia,locality y locationRemarks identicos,locality | locationRemarks,Río Putumayo,informativa,propio
2028,678429,geografia,locality y locationRemarks identicos,locality | locationRemarks,Río Putumayo,informativa,propio
2029,678430,geografia,locality y locationRemarks identicos,locality | locationRemarks,Río Putumayo,informativa,propio
2050,678454,geografia,locality y locationRemarks identicos,locality | locationRemarks,Río Salado,informativa,propio
2051,678455,geografia,locality y locationRemarks identicos,locality | locationRemarks,Río Salado,informativa,propio
2052,678456,geografia,locality y locationRemarks identicos,locality | locationRemarks,Río Salado,informativa,propio
2053,678457,geografia,locality y locationRemarks identicos,locality | locationRemarks,Río Salado,informativa,propio
2054,678458,geografia,locality y locationRemarks identicos,locality | locationRemarks,Río Gueppi,informativa,propio
2055,678459,geografia,locality y locationRemarks identicos,locality | locationRemarks,Río Gueppi,informativa,propio
2064,678469,geografia,locality y locationRemarks identicos,locality | locationRemarks,Laguna de Mainas,informativa,propio
2066,678471,geografia,locality y locationRemarks identicos,locality | locationRemarks,Río El Carmen,informativa,propio
2626,679116,geografia,locality y locationRemarks identicos,locality | locationRemarks,Río Santa Rosa,informativa,propio
2627,679117,geografia,locality y locationRemarks identicos,locality | locationRemarks,Río Santa Rosa,informativa,propio
2628,679118,geografia,locality y locationRemarks identicos,locality | locationRemarks,Río Santa Rosa,informativa,propio
2629,679119,geografia,locality y locationRemarks identicos,locality | locationRemarks,Río Santa Rosa,informativa,propio
2630,679121,geografia,locality y locationRemarks identicos,locality | locationRemarks,Río Santa Rosa,informativa,propio
2631,679122,geografia,locality y locationRemarks identicos,locality | locationRemarks,Río Santa Rosa,informativa,propio
2632,679123,geografia,locality y locationRemarks identicos,locality | locationRemarks,Río Santa Rosa,informativa,propio
2633,679124,geografia,locality y locationRemarks identicos,locality | locationRemarks,Río Santa Rosa,informativa,propio
2634,679125,geografia,locality y locationRemarks identicos,locality | locationRemarks,Río Santa Rosa,informativa,propio
2635,679126,geografia,locality y locationRemarks identicos,locality | locationRemarks,Río Santa Rosa,informativa,propio
2636,679127,geografia,locality y locationRemarks identicos,locality | locationRemarks,Río Santa Rosa,informativa,propio
2637,679128,geografia,locality y locationRemarks identicos,locality | locationRemarks,Río Santa Rosa,informativa,propio
2638,679129,geografia,locality y locationRemarks identicos,locality | locationRemarks,Río Santa Rosa,informativa,propio
2639,679130,geografia,locality y locationRemarks identicos,locality | locationRemarks,Río Santa Rosa,informativa,propio
2640,679132,geografia,locality y locationRemarks identicos,locality | locationRemarks,Río Santa Rosa,informativa,propio
2641,679133,geografia,locality y locationRemarks identicos,locality | locationRemarks,Río Santa Rosa,informativa,propio
2642,679134,geografia,locality y locationRemarks identicos,locality | locationRemarks,Río Santa Rosa,informativa,propio
2643,679135,geografia,locality y locationRemarks identicos,locality | locationRemarks,Río Santa Rosa,informativa,propio
2644,679136,geografia,locality y locationRemarks identicos,locality | locationRemarks,Río Santa Rosa,informativa,propio
2645,679137,geografia,locality y locationRemarks identicos,locality | locationRemarks,Río Santa Rosa,informativa,propio
2651,679144,geografia,locality y locationRemarks identicos,locality | locationRemarks,Río Santa Rosa,informativa,propio
2652,679145,geografia,locality y locationRemarks identicos,locality | locationRemarks,Río Santa Rosa,informativa,propio
2653,679146,geografia,locality y locationRemarks identicos,locality | locationRemarks,Río Santa Rosa,informativa,propio
2654,679147,geografia,locality y locationRemarks identicos,locality | locationRemarks,Río Santa Rosa,informativa,propio
2657,679150,geografia,locality y locationRemarks identicos,locality | locationRemarks,Río Santa Rosa,informativa,propio
2658,679151,geografia,locality y locationRemarks identicos,locality | locationRemarks,Río Santa Rosa,informativa,propio
2931,679455,geografia,locality y locationRemarks identicos,locality | locationRemarks,Río Esmeraldas,informativa,propio
2932,679456,geografia,locality y locationRemarks identicos,locality | locationRemarks,Río Esmeraldas,informativa,propio
2933,679457,geografia,locality y locationRemarks identicos,locality | locationRemarks,Río Esmeraldas,informativa,propio
3069,679608,geografia,locality y locationRemarks identicos,locality | locationRemarks,Río Cuyabeno,informativa,propio
3070,679610,geografia,locality y locationRemarks identicos,locality | locationRemarks,Río Cuyabeno,informativa,propio
3071,679611,geografia,locality y locationRemarks identicos,locality | locationRemarks,Río Cuyabeno,informativa,propio
3072,679612,geografia,locality y locationRemarks identicos,locality | locationRemarks,Río Cuyabeno,informativa,propio
3097,679639,geografia,locality y locationRemarks identicos,locality | locationRemarks,Río Pastaza,informativa,propio
3098,679640,geografia,locality y locationRemarks identicos,locality | locationRemarks,Río Pastaza,informativa,propio
3099,679641,geografia,locality y locationRemarks identicos,locality | locationRemarks,Río Pastaza,informativa,propio
3411,679989,geografia,locality y locationRemarks identicos,locality | locationRemarks,Río Placer,informativa,propio
3413,679991,geografia,locality y locationRemarks identicos,locality | locationRemarks,Río Huizho,informativa,propio
3415,679993,geografia,locality y locationRemarks identicos,locality | locationRemarks,Río Chico,informativa,propio
3416,679994,geografia,locality y locationRemarks identicos,locality | locationRemarks,Río Chico,informativa,propio
3417,679995,geografia,locality y locationRemarks identicos,locality | locationRemarks,Río Chico,informativa,propio
3418,679996,geografia,locality y locationRemarks identicos,locality | locationRemarks,Río Chico,informativa,propio
3419,679997,geografia,locality y locationRemarks identicos,locality | locationRemarks,Río Chico,informativa,propio
3421,680000,geografia,locality y locationRemarks identicos,locality | locationRemarks,Río Casacay,informativa,propio
3422,680001,geografia,locality y locationRemarks identicos,locality | locationRemarks,Río Casacay,informativa,propio
3424,680003,geografia,locality y locationRemarks identicos,locality | locationRemarks,Río Cune,informativa,propio
3425,680004,geografia,locality y locationRemarks identicos,locality | locationRemarks,Río Cune,informativa,propio
3426,680005,geografia,locality y locationRemarks identicos,locality | locationRemarks,Río Cune,informativa,propio
3427,680006,geografia,locality y locationRemarks identicos,locality | locationRemarks,Río Cune,informativa,propio
3428,680007,geografia,locality y locationRemarks identicos,locality | locationRemarks,Río Cune,informativa,propio
3429,680008,geografia,locality y locationRemarks identicos,locality | locationRemarks,Río Cune,informativa,propio
3431,680011,geografia,locality y locationRemarks identicos,locality | locationRemarks,Río Cochurco,informativa,propio
3432,680012,geografia,locality y locationRemarks identicos,locality | locationRemarks,Quebrada San Luis,informativa,propio
3433,680013,geografia,locality y locationRemarks identicos,locality | locationRemarks,Quebrada San Luis,informativa,propio
3434,680014,geografia,locality y locationRemarks identicos,locality | locationRemarks,Quebrada San Luis,informativa,propio
3435,680015,geografia,locality y locationRemarks identicos,locality | locationRemarks,Quebrada San Luis,informativa,propio
3436,680016,geografia,locality y locationRemarks identicos,locality | locationRemarks,Quebrada San Luis,informativa,propio
3438,680018,geografia,locality y locationRemarks identicos,locality | locationRemarks,Río Cochurco,informativa,propio
3439,680019,geografia,locality y locationRemarks identicos,locality | locationRemarks,Río Cochurco,informativa,propio
3440,680021,geografia,locality y locationRemarks identicos,locality | locationRemarks,Río Cochurco,informativa,propio
3441,680022,geografia,locality y locationRemarks identicos,locality | locationRemarks,Río Cochurco,informativa,propio
3442,680023,geografia,locality y locationRemarks identicos,locality | locationRemarks,Río Cochurco,informativa,propio
3443,680024,geografia,locality y locationRemarks identicos,locality | locationRemarks,Río Cochurco,informativa,propio
3444,680025,geografia,locality y locationRemarks identicos,locality | locationRemarks,Río Cochurco,informativa,propio
3446,680027,geografia,locality y locationRemarks identicos,locality | locationRemarks,Río Sabalos,informativa,propio
3447,680028,geografia,locality y locationRemarks identicos,locality | locationRemarks,Río Sabalos,informativa,propio
3448,680029,geografia,locality y locationRemarks identicos,locality | locationRemarks,Río Sabalos,informativa,propio
3449,680030,geografia,locality y locationRemarks identicos,locality | locationRemarks,Río Sabalos,informativa,propio
3450,680032,geografia,locality y locationRemarks identicos,locality | locationRemarks,Río Sabalos,informativa,propio
3451,680033,geografia,locality y locationRemarks identicos,locality | locationRemarks,Río Sabalos,informativa,propio
3452,680034,geografia,locality y locationRemarks identicos,locality | locationRemarks,Río Sabalos,informativa,propio
3453,680035,geografia,locality y locationRemarks identicos,locality | locationRemarks,Río Sabalos,informativa,propio
3454,680036,geografia,locality y locationRemarks identicos,locality | locationRemarks,Río Sabalos,informativa,propio
3457,680039,geografia,locality y locationRemarks identicos,locality | locationRemarks,Río Placer,informativa,propio
3460,680043,geografia,locality y locationRemarks identicos,locality | locationRemarks,Río Buenaventura,informativa,propio
3461,680044,geografia,locality y locationRemarks identicos,locality | locationRemarks,Río Buenaventura,informativa,propio
3465,680048,geografia,locality y locationRemarks identicos,locality | locationRemarks,Río Placer,informativa,propio
3466,680049,geografia,locality y locationRemarks identicos,locality | locationRemarks,Río Placer,informativa,propio
3469,680052,geografia,locality y locationRemarks identicos,locality | locationRemarks,Río Placer,informativa,propio
3470,680054,geografia,locality y locationRemarks identicos,locality | locationRemarks,Río Placer,informativa,propio
3473,680057,geografia,locality y locationRemarks identicos,locality | locationRemarks,Río Placer,informativa,propio
3474,680058,geografia,locality y locationRemarks identicos,locality | locationRemarks,Río Placer,informativa,propio
3477,680061,geografia,locality y locationRemarks identicos,locality | locationRemarks,Río Placer,informativa,propio
3479,680063,geografia,locality y locationRemarks identicos,locality | locationRemarks,Río Placer,informativa,propio
3484,680069,geografia,locality y locationRemarks identicos,locality | locationRemarks,Río Chico,informativa,propio
3485,680070,geografia,locality y locationRemarks identicos,locality | locationRemarks,Río Chico,informativa,propio
3486,680071,geografia,locality y locationRemarks identicos,locality | locationRemarks,Río Chico,informativa,propio
3487,680072,geografia,locality y locationRemarks identicos,locality | locationRemarks,Río Chico,informativa,propio
3490,680076,geografia,locality y locationRemarks identicos,locality | locationRemarks,Río Huizho,informativa,propio
3491,680077,geografia,locality y locationRemarks identicos,locality | locationRemarks,Río Huizho,informativa,propio
3492,680078,geografia,locality y locationRemarks identicos,locality | locationRemarks,Río Huizho,informativa,propio
3493,680079,geografia,locality y locationRemarks identicos,locality | locationRemarks,Río Huizho,informativa,propio
3495,680081,geografia,locality y locationRemarks identicos,locality | locationRemarks,Río Pindo,informativa,propio
3496,680082,geografia,locality y locationRemarks identicos,locality | locationRemarks,Río Pindo,informativa,propio
3504,680092,geografia,locality y locationRemarks identicos,locality | locationRemarks,Río Pindo,informativa,propio
3505,680093,geografia,locality y locationRemarks identicos,locality | locationRemarks,Río Pindo,informativa,propio
3506,680094,geografia,locality y locationRemarks identicos,locality | locationRemarks,Río Pindo,informativa,propio
3508,680096,geografia,locality y locationRemarks identicos,locality | locationRemarks,Río Pindo,informativa,propio
3509,680097,geografia,locality y locationRemarks identicos,locality | locationRemarks,Río Pindo,informativa,propio
3514,680103,geografia,locality y locationRemarks identicos,locality | locationRemarks,Río Napo,informativa,propio
3620,680244,geografia,locality y locationRemarks identicos,locality | locationRemarks,Río Curaray,informativa,propio
3621,680245,geografia,locality y locationRemarks identicos,locality | locationRemarks,Río Curaray,informativa,propio
3622,680246,geografia,locality y locationRemarks identicos,locality | locationRemarks,Río Curaray,informativa,propio
3623,680247,geografia,locality y locationRemarks identicos,locality | locationRemarks,Río Curaray,informativa,propio
3750,680388,geografia,locality y locationRemarks identicos,locality | locationRemarks,Río Pindo Chico,informativa,propio
3760,680399,geografia,locality y locationRemarks identicos,locality | locationRemarks,Río Chunda Muyuna,informativa,propio
3761,680400,geografia,locality y locationRemarks identicos,locality | locationRemarks,Río Chunda Muyuna,informativa,propio
3762,680401,geografia,locality y locationRemarks identicos,locality | locationRemarks,Quebrada Sune,informativa,propio
3763,680402,geografia,locality y locationRemarks identicos,locality | locationRemarks,Quebrada Sune,informativa,propio
3764,680403,geografia,locality y locationRemarks identicos,locality | locationRemarks,Quebrada Sune,informativa,propio
3765,680404,geografia,locality y locationRemarks identicos,locality | locationRemarks,Quebrada Sune,informativa,propio
3846,680494,geografia,locality y locationRemarks identicos,locality | locationRemarks,Río Curaray,informativa,propio
3847,680495,geografia,locality y locationRemarks identicos,locality | locationRemarks,Río Curaray,informativa,propio
3848,680496,geografia,locality y locationRemarks identicos,locality | locationRemarks,Río Curaray,informativa,propio
3849,680497,geografia,locality y locationRemarks identicos,locality | locationRemarks,Río Curaray,informativa,propio
3850,680499,geografia,locality y locationRemarks identicos,locality | locationRemarks,Río Curaray,informativa,propio
3851,680500,geografia,locality y locationRemarks identicos,locality | locationRemarks,Río Curaray,informativa,propio
3852,680501,geografia,locality y locationRemarks identicos,locality | locationRemarks,Río Curaray,informativa,propio
3853,680502,geografia,locality y locationRemarks identicos,locality | locationRemarks,Río Curaray,informativa,propio
3854,680503,geografia,locality y locationRemarks identicos,locality | locationRemarks,Río Curaray,informativa,propio
3855,680504,geografia,locality y locationRemarks identicos,locality | locationRemarks,Río Curaray,informativa,propio
3856,680505,geografia,locality y locationRemarks identicos,locality | locationRemarks,Río Curaray,informativa,propio
3868,680518,geografia,locality y locationRemarks identicos,locality | locationRemarks,Río San Jacinto,informativa,propio
3869,680519,geografia,locality y locationRemarks identicos,locality | locationRemarks,Río San Jacinto,informativa,propio
3870,680521,geografia,locality y locationRemarks identicos,locality | locationRemarks,Río San Jacinto,informativa,propio
3871,680522,geografia,locality y locationRemarks identicos,locality | locationRemarks,Río Siete,informativa,propio
3872,680523,geografia,locality y locationRemarks identicos,locality | locationRemarks,Río Siete,informativa,propio
3873,680524,geografia,locality y locationRemarks identicos,locality | locationRemarks,Río Siete,informativa,propio
3874,680525,geografia,locality y locationRemarks identicos,locality | locationRemarks,Río Siete,informativa,propio
3875,680526,geografia,locality y locationRemarks identicos,locality | locationRemarks,Río Bonito,informativa,propio
3876,680527,geografia,locality y locationRemarks identicos,locality | locationRemarks,Río Bonito,informativa,propio
3877,680528,geografia,locality y locationRemarks identicos,locality | locationRemarks,Río Bonito,informativa,propio
3878,680529,geografia,locality y locationRemarks identicos,locality | locationRemarks,Río Bonito,informativa,propio
3879,680530,geografia,locality y locationRemarks identicos,locality | locationRemarks,Río Bonito,informativa,propio
3880,680532,geografia,locality y locationRemarks identicos,locality | locationRemarks,Río Pagua,informativa,propio
3881,680533,geografia,locality y locationRemarks identicos,locality | locationRemarks,Río Pagua,informativa,propio
3882,680534,geografia,locality y locationRemarks identicos,locality | locationRemarks,Río Pagua,informativa,propio
3883,680535,geografia,locality y locationRemarks identicos,locality | locationRemarks,Río Pagua,informativa,propio
3884,680536,geografia,locality y locationRemarks identicos,locality | locationRemarks,Río Chaguana,informativa,propio
3885,680537,geografia,locality y locationRemarks identicos,locality | locationRemarks,Río Chaguana,informativa,propio
3886,680538,geografia,locality y locationRemarks identicos,locality | locationRemarks,Río Chaguana,informativa,propio
3887,680539,geografia,locality y locationRemarks identicos,locality | locationRemarks,Río Chaguana,informativa,propio
3888,680540,geografia,locality y locationRemarks identicos,locality | locationRemarks,Río Chaguana,informativa,propio
3889,680541,geografia,locality y locationRemarks identicos,locality | locationRemarks,Río Chaguana,informativa,propio
3890,680543,geografia,locality y locationRemarks identicos,locality | locationRemarks,Río Chaguana,informativa,propio
3892,680545,geografia,locality y locationRemarks identicos,locality | locationRemarks,Río Quera,informativa,propio
3893,680546,geografia,locality y locationRemarks identicos,locality | locationRemarks,Río Quera,informativa,propio
3894,680547,geografia,locality y locationRemarks identicos,locality | locationRemarks,Río Quera,informativa,propio
3895,680548,geografia,locality y locationRemarks identicos,locality | locationRemarks,Río Quera,informativa,propio
3896,680549,geografia,locality y locationRemarks identicos,locality | locationRemarks,Río Quera,informativa,propio
3897,680550,geografia,locality y locationRemarks identicos,locality | locationRemarks,Río Arenillas,informativa,propio
3898,680551,geografia,locality y locationRemarks identicos,locality | locationRemarks,Río Arenillas,informativa,propio
3899,680552,geografia,locality y locationRemarks identicos,locality | locationRemarks,Río Arenillas,informativa,propio
3900,680555,geografia,locality y locationRemarks identicos,locality | locationRemarks,Río Arenillas,informativa,propio
3910,680566,geografia,locality y locationRemarks identicos,locality | locationRemarks,Río Amarillo,informativa,propio
3911,680567,geografia,locality y locationRemarks identicos,locality | locationRemarks,Río Amarillo,informativa,propio
3912,680568,geografia,locality y locationRemarks identicos,locality | locationRemarks,Río Amarillo,informativa,propio
3913,680569,geografia,locality y locationRemarks identicos,locality | locationRemarks,Río Amarillo,informativa,propio
3914,680570,geografia,locality y locationRemarks identicos,locality | locationRemarks,Río Negro,informativa,propio
3915,680571,geografia,locality y locationRemarks identicos,locality | locationRemarks,Río Ortega,informativa,propio
3916,680572,geografia,locality y locationRemarks identicos,locality | locationRemarks,Río Ortega,informativa,propio
3917,680573,geografia,locality y locationRemarks identicos,locality | locationRemarks,Río Ortega,informativa,propio
3918,680574,geografia,locality y locationRemarks identicos,locality | locationRemarks,Río Atacames,informativa,propio
3919,680575,geografia,locality y locationRemarks identicos,locality | locationRemarks,Río Atacames,informativa,propio
3920,680577,geografia,locality y locationRemarks identicos,locality | locationRemarks,Río Teaone,informativa,propio
3921,680578,geografia,locality y locationRemarks identicos,locality | locationRemarks,Río Teaone,informativa,propio
3922,680579,geografia,locality y locationRemarks identicos,locality | locationRemarks,Río Teaone,informativa,propio
3925,680582,geografia,locality y locationRemarks identicos,locality | locationRemarks,Río Verde,informativa,propio
3936,680594,geografia,locality y locationRemarks identicos,locality | locationRemarks,Río Chimbo,informativa,propio
3937,680595,geografia,locality y locationRemarks identicos,locality | locationRemarks,Río Chimbo,informativa,propio
3938,680596,geografia,locality y locationRemarks identicos,locality | locationRemarks,Río Chimbo,informativa,propio
3939,680597,geografia,locality y locationRemarks identicos,locality | locationRemarks,Río Chimbo,informativa,propio
3940,680599,geografia,locality y locationRemarks identicos,locality | locationRemarks,Río Chimbo,informativa,propio
3941,680600,geografia,locality y locationRemarks identicos,locality | locationRemarks,Río Chimbo,informativa,propio
3942,680601,geografia,locality y locationRemarks identicos,locality | locationRemarks,Río Chimbo,informativa,propio
3943,680602,geografia,locality y locationRemarks identicos,locality | locationRemarks,Río Chimbo,informativa,propio
3945,680604,geografia,locality y locationRemarks identicos,locality | locationRemarks,Río Upano,informativa,propio
3946,680605,geografia,locality y locationRemarks identicos,locality | locationRemarks,Río Upano,informativa,propio
3947,680606,geografia,locality y locationRemarks identicos,locality | locationRemarks,Río Upano,informativa,propio
3948,680607,geografia,locality y locationRemarks identicos,locality | locationRemarks,Río Upano,informativa,propio
3949,680608,geografia,locality y locationRemarks identicos,locality | locationRemarks,Río Upano,informativa,propio
3950,680610,geografia,locality y locationRemarks identicos,locality | locationRemarks,Río Negro,informativa,propio
3951,680611,geografia,locality y locationRemarks identicos,locality | locationRemarks,Río Negro,informativa,propio
3952,680612,geografia,locality y locationRemarks identicos,locality | locationRemarks,Río Negro,informativa,propio
3953,680613,geografia,locality y locationRemarks identicos,locality | locationRemarks,Río Negro,informativa,propio
3954,680614,geografia,locality y locationRemarks identicos,locality | locationRemarks,Río Upano,informativa,propio
3955,680615,geografia,locality y locationRemarks identicos,locality | locationRemarks,Río Negro,informativa,propio
3956,680616,geografia,locality y locationRemarks identicos,locality | locationRemarks,Río Negro,informativa,propio
3957,680617,geografia,locality y locationRemarks identicos,locality | locationRemarks,Río Negro,informativa,propio
3958,680618,geografia,locality y locationRemarks identicos,locality | locationRemarks,Río Negro,informativa,propio
3959,680619,geografia,locality y locationRemarks identicos,locality | locationRemarks,Río Negro,informativa,propio
3960,680621,geografia,locality y locationRemarks identicos,locality | locationRemarks,Río Negro,informativa,propio
3961,680622,geografia,locality y locationRemarks identicos,locality | locationRemarks,Río Negro,informativa,propio
3962,680623,geografia,locality y locationRemarks identicos,locality | locationRemarks,Río Negro,informativa,propio
3963,680624,geografia,locality y locationRemarks identicos,locality | locationRemarks,Estero Anteras,informativa,propio
3964,680625,geografia,locality y locationRemarks identicos,locality | locationRemarks,Río Colope,informativa,propio
3965,680626,geografia,locality y locationRemarks identicos,locality | locationRemarks,Río Colope,informativa,propio
3966,680627,geografia,locality y locationRemarks identicos,locality | locationRemarks,Río Colope,informativa,propio
3967,680628,geografia,locality y locationRemarks identicos,locality | locationRemarks,Río Colope,informativa,propio
3968,680629,geografia,locality y locationRemarks identicos,locality | locationRemarks,Río Colope,informativa,propio
3969,680630,geografia,locality y locationRemarks identicos,locality | locationRemarks,Río Colope,informativa,propio
3970,680632,geografia,locality y locationRemarks identicos,locality | locationRemarks,Río Colope,informativa,propio
3971,680633,geografia,locality y locationRemarks identicos,locality | locationRemarks,Río Colope,informativa,propio
3972,680634,geografia,locality y locationRemarks identicos,locality | locationRemarks,Río Camarones,informativa,propio
3973,680635,geografia,locality y locationRemarks identicos,locality | locationRemarks,Río Camarones,informativa,propio
3974,680636,geografia,locality y locationRemarks identicos,locality | locationRemarks,Río Camarones,informativa,propio
3975,680637,geografia,locality y locationRemarks identicos,locality | locationRemarks,Río Camarones,informativa,propio
3976,680638,geografia,locality y locationRemarks identicos,locality | locationRemarks,Río Camarones,informativa,propio
3977,680639,geografia,locality y locationRemarks identicos,locality | locationRemarks,Río Camarones,informativa,propio
3978,680640,geografia,locality y locationRemarks identicos,locality | locationRemarks,Río Camarones,informativa,propio
3979,680641,geografia,locality y locationRemarks identicos,locality | locationRemarks,Río Camarones,informativa,propio
3980,680643,geografia,locality y locationRemarks identicos,locality | locationRemarks,Río Camarones,informativa,propio
3981,680644,geografia,locality y locationRemarks identicos,locality | locationRemarks,Río Camarones,informativa,propio
3982,680645,geografia,locality y locationRemarks identicos,locality | locationRemarks,Río Camarones,informativa,propio
3983,680646,geografia,locality y locationRemarks identicos,locality | locationRemarks,Río Camarones,informativa,propio
3984,680647,geografia,locality y locationRemarks identicos,locality | locationRemarks,Río Camarones,informativa,propio
3985,680648,geografia,locality y locationRemarks identicos,locality | locationRemarks,Río Camarones,informativa,propio
3986,680649,geografia,locality y locationRemarks identicos,locality | locationRemarks,Estero Tigre,informativa,propio
3987,680650,geografia,locality y locationRemarks identicos,locality | locationRemarks,Estero Tigre,informativa,propio
3988,680651,geografia,locality y locationRemarks identicos,locality | locationRemarks,Río Marahuille,informativa,propio
3989,680652,geografia,locality y locationRemarks identicos,locality | locationRemarks,Río Marahuille,informativa,propio
3990,680654,geografia,locality y locationRemarks identicos,locality | locationRemarks,Río Marahuille,informativa,propio
3991,680655,geografia,locality y locationRemarks identicos,locality | locationRemarks,Río Marahuille,informativa,propio
3992,680656,geografia,locality y locationRemarks identicos,locality | locationRemarks,3 Chorros,informativa,propio
3993,680657,geografia,locality y locationRemarks identicos,locality | locationRemarks,3 Chorros,informativa,propio
3994,680658,geografia,locality y locationRemarks identicos,locality | locationRemarks,3 Chorros,informativa,propio
3995,680659,geografia,locality y locationRemarks identicos,locality | locationRemarks,3 Chorros,informativa,propio
3996,680660,geografia,locality y locationRemarks identicos,locality | locationRemarks,3 Chorros,informativa,propio
3997,680661,geografia,locality y locationRemarks identicos,locality | locationRemarks,3 Chorros,informativa,propio
3998,680662,geografia,locality y locationRemarks identicos,locality | locationRemarks,3 Chorros,informativa,propio
3999,680663,geografia,locality y locationRemarks identicos,locality | locationRemarks,3 Chorros,informativa,propio
4000,680667,geografia,locality y locationRemarks identicos,locality | locationRemarks,3 Chorros,informativa,propio
4001,680668,geografia,locality y locationRemarks identicos,locality | locationRemarks,3 Chorros,informativa,propio
4002,680669,geografia,locality y locationRemarks identicos,locality | locationRemarks,Río Canchalagua,informativa,propio
4003,680670,geografia,locality y locationRemarks identicos,locality | locationRemarks,Río Canchalagua,informativa,propio
4004,680671,geografia,locality y locationRemarks identicos,locality | locationRemarks,Río Canchalagua,informativa,propio
4005,680672,geografia,locality y locationRemarks identicos,locality | locationRemarks,Río Canchalagua,informativa,propio
4006,680673,geografia,locality y locationRemarks identicos,locality | locationRemarks,Estero S/N,informativa,propio
4007,680674,geografia,locality y locationRemarks identicos,locality | locationRemarks,Estero S/N,informativa,propio
4008,680675,geografia,locality y locationRemarks identicos,locality | locationRemarks,Estero S/N,informativa,propio
4009,680676,geografia,locality y locationRemarks identicos,locality | locationRemarks,Río Minas,informativa,propio
4010,680678,geografia,locality y locationRemarks identicos,locality | locationRemarks,Río Minas,informativa,propio
4011,680679,geografia,locality y locationRemarks identicos,locality | locationRemarks,Río Minas,informativa,propio
4012,680680,geografia,locality y locationRemarks identicos,locality | locationRemarks,Río Indillana,informativa,propio
4013,680681,geografia,locality y locationRemarks identicos,locality | locationRemarks,Río Indillana,informativa,propio
4014,680682,geografia,locality y locationRemarks identicos,locality | locationRemarks,Río Indillana,informativa,propio
4015,680683,geografia,locality y locationRemarks identicos,locality | locationRemarks,Palanda 5,informativa,propio
4016,680684,geografia,locality y locationRemarks identicos,locality | locationRemarks,Palanda 5,informativa,propio
4017,680685,geografia,locality y locationRemarks identicos,locality | locationRemarks,Palanda 5,informativa,propio
4018,680686,geografia,locality y locationRemarks identicos,locality | locationRemarks,Palanda 5,informativa,propio
4019,680687,geografia,locality y locationRemarks identicos,locality | locationRemarks,Palanda 3,informativa,propio
4020,680689,geografia,locality y locationRemarks identicos,locality | locationRemarks,Yuca Sur 4,informativa,propio
4021,680690,geografia,locality y locationRemarks identicos,locality | locationRemarks,Yuca Sur 4,informativa,propio
4022,680691,geografia,locality y locationRemarks identicos,locality | locationRemarks,Yuca Sur 19,informativa,propio
4023,680692,geografia,locality y locationRemarks identicos,locality | locationRemarks,Yuca Sur 19,informativa,propio
4024,680693,geografia,locality y locationRemarks identicos,locality | locationRemarks,Yuca Sur 19,informativa,propio
4025,680694,geografia,locality y locationRemarks identicos,locality | locationRemarks,Yuca Sur 19,informativa,propio
4026,680695,geografia,locality y locationRemarks identicos,locality | locationRemarks,Yuca Sur 1,informativa,propio
4027,680696,geografia,locality y locationRemarks identicos,locality | locationRemarks,Yuca Sur 1,informativa,propio
4028,680697,geografia,locality y locationRemarks identicos,locality | locationRemarks,Yuca Sur 15,informativa,propio
4029,680698,geografia,locality y locationRemarks identicos,locality | locationRemarks,Yuca Sur 15,informativa,propio
4030,680700,geografia,locality y locationRemarks identicos,locality | locationRemarks,Yuca Sur 15,informativa,propio
4031,680701,geografia,locality y locationRemarks identicos,locality | locationRemarks,Yuca Sur 12,informativa,propio
4032,680702,geografia,locality y locationRemarks identicos,locality | locationRemarks,Yuca Sur 12,informativa,propio
4033,680703,geografia,locality y locationRemarks identicos,locality | locationRemarks,Río Amondalo,informativa,propio
4034,680704,geografia,locality y locationRemarks identicos,locality | locationRemarks,Río Umbuni,informativa,propio
4035,680705,geografia,locality y locationRemarks identicos,locality | locationRemarks,Río Bobonaza,informativa,propio
4036,680706,geografia,locality y locationRemarks identicos,locality | locationRemarks,Río Recodo,informativa,propio
4037,680707,geografia,locality y locationRemarks identicos,locality | locationRemarks,Quebrada S/N,informativa,propio
4038,680708,geografia,locality y locationRemarks identicos,locality | locationRemarks,Yuca Sur,informativa,propio
4039,680709,geografia,locality y locationRemarks identicos,locality | locationRemarks,Yuca Sur,informativa,propio
4040,680711,geografia,locality y locationRemarks identicos,locality | locationRemarks,Yuca Sur,informativa,propio
4041,680712,geografia,locality y locationRemarks identicos,locality | locationRemarks,Yuca Sur,informativa,propio
4042,680713,geografia,locality y locationRemarks identicos,locality | locationRemarks,Yuca Sur,informativa,propio
4043,680714,geografia,locality y locationRemarks identicos,locality | locationRemarks,Yuca Sur,informativa,propio
4044,680715,geografia,locality y locationRemarks identicos,locality | locationRemarks,Yuca Sur,informativa,propio
4045,680716,geografia,locality y locationRemarks identicos,locality | locationRemarks,Yuca Sur,informativa,propio
4046,680717,geografia,locality y locationRemarks identicos,locality | locationRemarks,Yuca Sur,informativa,propio
4047,680718,geografia,locality y locationRemarks identicos,locality | locationRemarks,Yuca Sur,informativa,propio
4048,680719,geografia,locality y locationRemarks identicos,locality | locationRemarks,Sami,informativa,propio
4049,680720,geografia,locality y locationRemarks identicos,locality | locationRemarks,Sami,informativa,propio
4050,680722,geografia,locality y locationRemarks identicos,locality | locationRemarks,Sami,informativa,propio
4051,680723,geografia,locality y locationRemarks identicos,locality | locationRemarks,Sami,informativa,propio
4052,680724,geografia,locality y locationRemarks identicos,locality | locationRemarks,Yuca Sur 2,informativa,propio
4053,680725,geografia,locality y locationRemarks identicos,locality | locationRemarks,Yuca Sur 2,informativa,propio
4054,680726,geografia,locality y locationRemarks identicos,locality | locationRemarks,Yuca Sur 2,informativa,propio
4055,680727,geografia,locality y locationRemarks identicos,locality | locationRemarks,Yuca Sur 2,informativa,propio
4056,680728,geografia,locality y locationRemarks identicos,locality | locationRemarks,Yuca Sur 2,informativa,propio
4057,680729,geografia,locality y locationRemarks identicos,locality | locationRemarks,Yuca Sur 2,informativa,propio
4058,680730,geografia,locality y locationRemarks identicos,locality | locationRemarks,Yuca Sur 2,informativa,propio
4059,680731,geografia,locality y locationRemarks identicos,locality | locationRemarks,Pindo 9,informativa,propio
4060,680733,geografia,locality y locationRemarks identicos,locality | locationRemarks,Pindo 9,informativa,propio
4061,680734,geografia,locality y locationRemarks identicos,locality | locationRemarks,Pindo 9,informativa,propio
4062,680735,geografia,locality y locationRemarks identicos,locality | locationRemarks,Pindo 2,informativa,propio
4063,680736,geografia,locality y locationRemarks identicos,locality | locationRemarks,Pindo 8,informativa,propio
4064,680737,geografia,locality y locationRemarks identicos,locality | locationRemarks,Pindo 8,informativa,propio
4065,680738,geografia,locality y locationRemarks identicos,locality | locationRemarks,Pindo 13,informativa,propio
4066,680739,geografia,locality y locationRemarks identicos,locality | locationRemarks,Pindo 4,informativa,propio
4067,680740,geografia,locality y locationRemarks identicos,locality | locationRemarks,Pindo 8,informativa,propio
4068,680741,geografia,locality y locationRemarks identicos,locality | locationRemarks,Pindo 2,informativa,propio
4069,680742,geografia,locality y locationRemarks identicos,locality | locationRemarks,Pindo 4,informativa,propio
4070,680744,geografia,locality y locationRemarks identicos,locality | locationRemarks,Pindo 13,informativa,propio
4071,680745,geografia,locality y locationRemarks identicos,locality | locationRemarks,Pindo 13,informativa,propio
4072,680746,geografia,locality y locationRemarks identicos,locality | locationRemarks,Pindo 14,informativa,propio
4073,680747,geografia,locality y locationRemarks identicos,locality | locationRemarks,Pindo 14,informativa,propio
4074,680748,geografia,locality y locationRemarks identicos,locality | locationRemarks,Sabayán,informativa,propio
4075,680749,geografia,locality y locationRemarks identicos,locality | locationRemarks,Sabayán,informativa,propio
4076,680750,geografia,locality y locationRemarks identicos,locality | locationRemarks,Sabayán,informativa,propio
4077,680751,geografia,locality y locationRemarks identicos,locality | locationRemarks,Sabayán,informativa,propio
4078,680752,geografia,locality y locationRemarks identicos,locality | locationRemarks,Sabayán,informativa,propio
4079,680753,geografia,locality y locationRemarks identicos,locality | locationRemarks,Sabayán,informativa,propio
4080,680755,geografia,locality y locationRemarks identicos,locality | locationRemarks,Sabayán,informativa,propio
4081,680756,geografia,locality y locationRemarks identicos,locality | locationRemarks,Las Chontas,informativa,propio
4082,680757,geografia,locality y locationRemarks identicos,locality | locationRemarks,Las Chontas,informativa,propio
4083,680758,geografia,locality y locationRemarks identicos,locality | locationRemarks,Río Santa Rosa (El Guayabo),informativa,propio
4084,680759,geografia,locality y locationRemarks identicos,locality | locationRemarks,Río Santa Rosa (El Guayabo),informativa,propio
4085,680760,geografia,locality y locationRemarks identicos,locality | locationRemarks,Río Santa Rosa (El Guayabo),informativa,propio
4086,680761,geografia,locality y locationRemarks identicos,locality | locationRemarks,Río Santa Rosa (El Guayabo),informativa,propio
4087,680762,geografia,locality y locationRemarks identicos,locality | locationRemarks,Río Santa Rosa (El Guayabo),informativa,propio
4088,680763,geografia,locality y locationRemarks identicos,locality | locationRemarks,El Guayabo,informativa,propio
4089,680764,geografia,locality y locationRemarks identicos,locality | locationRemarks,El Guayabo,informativa,propio
4090,680766,geografia,locality y locationRemarks identicos,locality | locationRemarks,El Guayabo,informativa,propio
4091,680767,geografia,locality y locationRemarks identicos,locality | locationRemarks,El Guayabo,informativa,propio
4092,680768,geografia,locality y locationRemarks identicos,locality | locationRemarks,El Guayabo,informativa,propio
4093,680769,geografia,locality y locationRemarks identicos,locality | locationRemarks,Río Santa Rosa (El Guayabo),informativa,propio
4094,680770,geografia,locality y locationRemarks identicos,locality | locationRemarks,Río Santa Rosa (El Guayabo),informativa,propio
4095,680771,geografia,locality y locationRemarks identicos,locality | locationRemarks,Río Santa Rosa (El Guayabo),informativa,propio
4096,680772,geografia,locality y locationRemarks identicos,locality | locationRemarks,Río Santa Rosa (El Guayabo),informativa,propio
4097,680773,geografia,locality y locationRemarks identicos,locality | locationRemarks,Río Santa Rosa (Sabayán),informativa,propio
4098,680774,geografia,locality y locationRemarks identicos,locality | locationRemarks,Río Santa Rosa (Sabayán),informativa,propio
4099,680775,geografia,locality y locationRemarks identicos,locality | locationRemarks,Río Santa Rosa (Sabayán),informativa,propio
4100,680778,geografia,locality y locationRemarks identicos,locality | locationRemarks,Río Santa Rosa (Sabayán),informativa,propio
4101,680779,geografia,locality y locationRemarks identicos,locality | locationRemarks,Río Santa Rosa (El Playón),informativa,propio
4102,680780,geografia,locality y locationRemarks identicos,locality | locationRemarks,Río Santa Rosa (El Playón),informativa,propio
4103,680781,geografia,locality y locationRemarks identicos,locality | locationRemarks,Río Santa Rosa (El Playón),informativa,propio
4104,680782,geografia,locality y locationRemarks identicos,locality | locationRemarks,Río Santa Rosa (El Playón),informativa,propio
4105,680783,geografia,locality y locationRemarks identicos,locality | locationRemarks,Río Santa Rosa (El Playón),informativa,propio
4106,680784,geografia,locality y locationRemarks identicos,locality | locationRemarks,Río Santa Rosa (El Playón),informativa,propio
4107,680785,geografia,locality y locationRemarks identicos,locality | locationRemarks,Río Santa Rosa (El Playón),informativa,propio
4108,680786,geografia,locality y locationRemarks identicos,locality | locationRemarks,Río Santa Rosa (Quebrada Sabayán),informativa,propio
4109,680787,geografia,locality y locationRemarks identicos,locality | locationRemarks,Río Santa Rosa (Quebrada Sabayán),informativa,propio
4110,680789,geografia,locality y locationRemarks identicos,locality | locationRemarks,Río Santa Rosa (Quebrada Sabayán),informativa,propio
4111,680790,geografia,locality y locationRemarks identicos,locality | locationRemarks,Río Santa Rosa (Quebrada Sabayán),informativa,propio
4112,680791,geografia,locality y locationRemarks identicos,locality | locationRemarks,Río Santa Rosa (Quebrada Sabayán),informativa,propio
4113,680792,geografia,locality y locationRemarks identicos,locality | locationRemarks,Río Santa Rosa (Quebrada Sabayán),informativa,propio
4114,680793,geografia,locality y locationRemarks identicos,locality | locationRemarks,Río Santa Rosa (Quebrada Sabayán),informativa,propio
4115,680794,geografia,locality y locationRemarks identicos,locality | locationRemarks,Río Santa Rosa (Sabayán),informativa,propio
4116,680795,geografia,locality y locationRemarks identicos,locality | locationRemarks,Río Santa Rosa (Sabayán),informativa,propio
4117,680796,geografia,locality y locationRemarks identicos,locality | locationRemarks,Río Santa Rosa (Sabayán),informativa,propio
4118,680797,geografia,locality y locationRemarks identicos,locality | locationRemarks,Río Santa Rosa (Sabayán),informativa,propio
4119,680798,geografia,locality y locationRemarks identicos,locality | locationRemarks,Río Santa Rosa (Sabayán),informativa,propio
4120,680800,geografia,locality y locationRemarks identicos,locality | locationRemarks,Río Santa Rosa (Quebrada La Chilca),informativa,propio
4121,680801,geografia,locality y locationRemarks identicos,locality | locationRemarks,Río Santa Rosa (Quebrada La Chilca),informativa,propio
4122,680802,geografia,locality y locationRemarks identicos,locality | locationRemarks,Río Santa Rosa (Quebrada La Chilca),informativa,propio
4123,680803,geografia,locality y locationRemarks identicos,locality | locationRemarks,Río Santa Rosa (Quebrada La Chilca),informativa,propio
4124,680804,geografia,locality y locationRemarks identicos,locality | locationRemarks,Río Santa Rosa (Quebrada La Chilca),informativa,propio
4125,680805,geografia,locality y locationRemarks identicos,locality | locationRemarks,Río Santa Rosa (Quebrada La Chilca),informativa,propio
4126,680806,geografia,locality y locationRemarks identicos,locality | locationRemarks,Río Santa Rosa (Quebrada La Chilca),informativa,propio
4127,680807,geografia,locality y locationRemarks identicos,locality | locationRemarks,Río Santa Rosa (Quebrada La Chilca),informativa,propio
4128,680808,geografia,locality y locationRemarks identicos,locality | locationRemarks,Río Santa Rosa (Quebrada La Chilca),informativa,propio
4129,680809,geografia,locality y locationRemarks identicos,locality | locationRemarks,Quebrada junto al Río Lagarto Cocha,informativa,propio
4130,680811,geografia,locality y locationRemarks identicos,locality | locationRemarks,Quebrada junto al Río Lagarto Cocha,informativa,propio
4131,680812,geografia,locality y locationRemarks identicos,locality | locationRemarks,Quebrada junto al Río Lagarto Cocha,informativa,propio
4132,680813,geografia,locality y locationRemarks identicos,locality | locationRemarks,Quebrada junto al Río Lagarto Cocha,informativa,propio
4133,680814,geografia,locality y locationRemarks identicos,locality | locationRemarks,Quebrada junto al Río Lagarto Cocha,informativa,propio
4134,680815,geografia,locality y locationRemarks identicos,locality | locationRemarks,Quebrada junto al Río Lagarto Cocha,informativa,propio
4135,680816,geografia,locality y locationRemarks identicos,locality | locationRemarks,Quebrada junto al Río Lagarto Cocha,informativa,propio
4136,680817,geografia,locality y locationRemarks identicos,locality | locationRemarks,Quebrada junto al Río Lagarto Cocha,informativa,propio
4137,680818,geografia,locality y locationRemarks identicos,locality | locationRemarks,Quebrada junto al Río Lagarto Cocha,informativa,propio
4138,680819,geografia,locality y locationRemarks identicos,locality | locationRemarks,Quebrada junto al Río Lagarto Cocha,informativa,propio
4141,680823,geografia,locality y locationRemarks identicos,locality | locationRemarks,Estero Guandi,informativa,propio
4142,680824,geografia,locality y locationRemarks identicos,locality | locationRemarks,Estero Guandi,informativa,propio
5375,1840448,geografia,locality y locationRemarks identicos,locality | locationRemarks,Río Ostiones,informativa,propio
1034,677302,geografia,mismo valor en canton y parroquia,county | municipality,Palora,informativa,INABIO
1035,677303,geografia,mismo valor en canton y parroquia,county | municipality,Palora,informativa,INABIO
1036,677304,geografia,mismo valor en canton y parroquia,county | municipality,Palora,informativa,INABIO
1037,677305,geografia,mismo valor en canton y parroquia,county | municipality,Palora,informativa,INABIO
1038,677306,geografia,mismo valor en canton y parroquia,county | municipality,Palora,informativa,INABIO
1039,677307,geografia,mismo valor en canton y parroquia,county | municipality,Palora,informativa,INABIO
1040,677309,geografia,mismo valor en canton y parroquia,county | municipality,Palora,informativa,INABIO
1041,677310,geografia,mismo valor en canton y parroquia,county | municipality,Palora,informativa,INABIO
116,677441,geografia,mismo valor en canton y parroquia,county | municipality,Shushufindi,informativa,INABIO
117,677452,geografia,mismo valor en canton y parroquia,county | municipality,Shushufindi,informativa,INABIO
118,677463,geografia,mismo valor en canton y parroquia,county | municipality,Shushufindi,informativa,INABIO
119,677474,geografia,mismo valor en canton y parroquia,county | municipality,Shushufindi,informativa,INABIO
120,677486,geografia,mismo valor en canton y parroquia,county | municipality,Shushufindi,informativa,INABIO
121,677497,geografia,mismo valor en canton y parroquia,county | municipality,Shushufindi,informativa,INABIO
122,677508,geografia,mismo valor en canton y parroquia,county | municipality,Shushufindi,informativa,INABIO
144,677752,geografia,mismo valor en canton y parroquia,county | municipality,Shushufindi,informativa,INABIO
1483,677800,geografia,mismo valor en canton y parroquia,county | municipality,Vinces,informativa,INABIO
1484,677801,geografia,mismo valor en canton y parroquia,county | municipality,Vinces,informativa,INABIO
1487,677804,geografia,mismo valor en canton y parroquia,county | municipality,Vinces,informativa,INABIO
1491,677809,geografia,mismo valor en canton y parroquia,county | municipality,Vinces,informativa,INABIO
1492,677810,geografia,mismo valor en canton y parroquia,county | municipality,Vinces,informativa,INABIO
1493,677811,geografia,mismo valor en canton y parroquia,county | municipality,Vinces,informativa,INABIO
1498,677816,geografia,mismo valor en canton y parroquia,county | municipality,Vinces,informativa,INABIO
154,677863,geografia,mismo valor en canton y parroquia,county | municipality,Shushufindi,informativa,INABIO
1560,677886,geografia,mismo valor en canton y parroquia,county | municipality,Vinces,informativa,INABIO
1561,677887,geografia,mismo valor en canton y parroquia,county | municipality,Vinces,informativa,INABIO
1562,677888,geografia,mismo valor en canton y parroquia,county | municipality,Vinces,informativa,INABIO
1563,677889,geografia,mismo valor en canton y parroquia,county | municipality,Vinces,informativa,INABIO
1564,677890,geografia,mismo valor en canton y parroquia,county | municipality,Samborondón,informativa,INABIO
1565,677891,geografia,mismo valor en canton y parroquia,county | municipality,Samborondón,informativa,INABIO
1566,677892,geografia,mismo valor en canton y parroquia,county | municipality,Samborondón,informativa,INABIO
1567,677893,geografia,mismo valor en canton y parroquia,county | municipality,Samborondón,informativa,INABIO
1568,677894,geografia,mismo valor en canton y parroquia,county | municipality,Samborondón,informativa,INABIO
1569,677895,geografia,mismo valor en canton y parroquia,county | municipality,Samborondón,informativa,INABIO
1570,677897,geografia,mismo valor en canton y parroquia,county | municipality,Samborondón,informativa,INABIO
1571,677898,geografia,mismo valor en canton y parroquia,county | municipality,Samborondón,informativa,INABIO
1572,677899,geografia,mismo valor en canton y parroquia,county | municipality,Samborondón,informativa,INABIO
16,677929,geografia,mismo valor en canton y parroquia,county | municipality,Puerto López,informativa,INABIO
21,678508,geografia,mismo valor en canton y parroquia,county | municipality,Rocafuerte,informativa,INABIO
2157,678572,geografia,mismo valor en canton y parroquia,county | municipality,Esmeraldas,informativa,INABIO
2158,678573,geografia,mismo valor en canton y parroquia,county | municipality,Esmeraldas,informativa,INABIO
2159,678574,geografia,mismo valor en canton y parroquia,county | municipality,Esmeraldas,informativa,INABIO
2160,678576,geografia,mismo valor en canton y parroquia,county | municipality,Esmeraldas,informativa,INABIO
2161,678577,geografia,mismo valor en canton y parroquia,county | municipality,Esmeraldas,informativa,INABIO
2162,678578,geografia,mismo valor en canton y parroquia,county | municipality,Esmeraldas,informativa,INABIO
2163,678579,geografia,mismo valor en canton y parroquia,county | municipality,Esmeraldas,informativa,INABIO
2164,678580,geografia,mismo valor en canton y parroquia,county | municipality,Esmeraldas,informativa,INABIO
2165,678581,geografia,mismo valor en canton y parroquia,county | municipality,Esmeraldas,informativa,INABIO
2166,678582,geografia,mismo valor en canton y parroquia,county | municipality,Esmeraldas,informativa,INABIO
2167,678583,geografia,mismo valor en canton y parroquia,county | municipality,Esmeraldas,informativa,INABIO
2168,678584,geografia,mismo valor en canton y parroquia,county | municipality,Esmeraldas,informativa,INABIO
2169,678585,geografia,mismo valor en canton y parroquia,county | municipality,Esmeraldas,informativa,INABIO
2170,678587,geografia,mismo valor en canton y parroquia,county | municipality,Esmeraldas,informativa,INABIO
2171,678588,geografia,mismo valor en canton y parroquia,county | municipality,Esmeraldas,informativa,INABIO
2172,678589,geografia,mismo valor en canton y parroquia,county | municipality,Esmeraldas,informativa,INABIO
2173,678590,geografia,mismo valor en canton y parroquia,county | municipality,Esmeraldas,informativa,INABIO
2174,678591,geografia,mismo valor en canton y parroquia,county | municipality,Esmeraldas,informativa,INABIO
2175,678592,geografia,mismo valor en canton y parroquia,county | municipality,Esmeraldas,informativa,INABIO
2176,678593,geografia,mismo valor en canton y parroquia,county | municipality,Esmeraldas,informativa,INABIO
2177,678594,geografia,mismo valor en canton y parroquia,county | municipality,Esmeraldas,informativa,INABIO
2178,678595,geografia,mismo valor en canton y parroquia,county | municipality,Esmeraldas,informativa,INABIO
2179,678596,geografia,mismo valor en canton y parroquia,county | municipality,Esmeraldas,informativa,INABIO
24,678841,geografia,mismo valor en canton y parroquia,county | municipality,El Carmen,informativa,INABIO
2488,678939,geografia,mismo valor en canton y parroquia,county | municipality,Cuyabeno,informativa,INABIO
2490,678942,geografia,mismo valor en canton y parroquia,county | municipality,Cuyabeno,informativa,INABIO
2491,678943,geografia,mismo valor en canton y parroquia,county | municipality,Cuyabeno,informativa,INABIO
2492,678944,geografia,mismo valor en canton y parroquia,county | municipality,Cuyabeno,informativa,INABIO
2494,678946,geografia,mismo valor en canton y parroquia,county | municipality,Cuyabeno,informativa,INABIO
2495,678947,geografia,mismo valor en canton y parroquia,county | municipality,Cuyabeno,informativa,INABIO
2496,678948,geografia,mismo valor en canton y parroquia,county | municipality,Cuyabeno,informativa,INABIO
2497,678949,geografia,mismo valor en canton y parroquia,county | municipality,Cuyabeno,informativa,INABIO
2498,678950,geografia,mismo valor en canton y parroquia,county | municipality,Cuyabeno,informativa,INABIO
25,678952,geografia,mismo valor en canton y parroquia,county | municipality,Palenque,informativa,INABIO
26,679063,geografia,mismo valor en canton y parroquia,county | municipality,Guayaquil,informativa,INABIO
27,679197,geografia,mismo valor en canton y parroquia,county | municipality,Cuyabeno,informativa,INABIO
2890,679409,geografia,mismo valor en canton y parroquia,county | municipality,Puerto Quito,informativa,INABIO
2891,679410,geografia,mismo valor en canton y parroquia,county | municipality,Puerto Quito,informativa,INABIO
2892,679411,geografia,mismo valor en canton y parroquia,county | municipality,Puerto Quito,informativa,INABIO
2893,679412,geografia,mismo valor en canton y parroquia,county | municipality,Puerto Quito,informativa,INABIO
2894,679413,geografia,mismo valor en canton y parroquia,county | municipality,Puerto Quito,informativa,INABIO
2895,679414,geografia,mismo valor en canton y parroquia,county | municipality,Puerto Quito,informativa,INABIO
2896,679415,geografia,mismo valor en canton y parroquia,county | municipality,Puerto Quito,informativa,INABIO
2897,679416,geografia,mismo valor en canton y parroquia,county | municipality,Puerto Quito,informativa,INABIO
2898,679417,geografia,mismo valor en canton y parroquia,county | municipality,Puerto Quito,informativa,INABIO
2899,679418,geografia,mismo valor en canton y parroquia,county | municipality,Puerto Quito,informativa,INABIO
2900,679421,geografia,mismo valor en canton y parroquia,county | municipality,Santa Isabel,informativa,INABIO
3,679530,geografia,mismo valor en canton y parroquia,county | municipality,Pedro Vicente Maldonado,informativa,INABIO
3432,680012,geografia,mismo valor en canton y parroquia,county | municipality,Arenillas,informativa,INABIO
3433,680013,geografia,mismo valor en canton y parroquia,county | municipality,Arenillas,informativa,INABIO
3434,680014,geografia,mismo valor en canton y parroquia,county | municipality,Arenillas,informativa,INABIO
3435,680015,geografia,mismo valor en canton y parroquia,county | municipality,Arenillas,informativa,INABIO
3436,680016,geografia,mismo valor en canton y parroquia,county | municipality,Arenillas,informativa,INABIO
3437,680017,geografia,mismo valor en canton y parroquia,county | municipality,Arenillas,informativa,INABIO
350,680087,geografia,mismo valor en canton y parroquia,county | municipality,Cuyabeno,informativa,INABIO
351,680098,geografia,mismo valor en canton y parroquia,county | municipality,Cuyabeno,informativa,INABIO
352,680109,geografia,mismo valor en canton y parroquia,county | municipality,Cuyabeno,informativa,INABIO
353,680143,geografia,mismo valor en canton y parroquia,county | municipality,Cuyabeno,informativa,INABIO
4264,680959,geografia,mismo valor en canton y parroquia,county | municipality,Tena,informativa,INABIO
4265,680960,geografia,mismo valor en canton y parroquia,county | municipality,Tena,informativa,INABIO
4266,680961,geografia,mismo valor en canton y parroquia,county | municipality,Tena,informativa,INABIO
4267,680962,geografia,mismo valor en canton y parroquia,county | municipality,Tena,informativa,INABIO
4268,680963,geografia,mismo valor en canton y parroquia,county | municipality,Tena,informativa,INABIO
4269,680964,geografia,mismo valor en canton y parroquia,county | municipality,Tena,informativa,INABIO
4270,680966,geografia,mismo valor en canton y parroquia,county | municipality,Tena,informativa,INABIO
4271,680967,geografia,mismo valor en canton y parroquia,county | municipality,Tena,informativa,INABIO
4272,680968,geografia,mismo valor en canton y parroquia,county | municipality,Tena,informativa,INABIO
4273,680969,geografia,mismo valor en canton y parroquia,county | municipality,Tena,informativa,INABIO
4534,677227,geografia,mismo valor en canton y parroquia,county | municipality,Pimampiro,informativa,INABIO
4535,677228,geografia,mismo valor en canton y parroquia,county | municipality,Pimampiro,informativa,INABIO
461,681104,geografia,mismo valor en canton y parroquia,county | municipality,Archidona,informativa,INABIO
463,681106,geografia,mismo valor en canton y parroquia,county | municipality,Cuyabeno,informativa,INABIO
464,681107,geografia,mismo valor en canton y parroquia,county | municipality,Cuyabeno,informativa,INABIO
4916,1839989,geografia,mismo valor en canton y parroquia,county | municipality,Echeandía,informativa,INABIO
4917,1839990,geografia,mismo valor en canton y parroquia,county | municipality,Echeandía,informativa,INABIO
4918,1839991,geografia,mismo valor en canton y parroquia,county | municipality,Echeandía,informativa,INABIO
4919,1839992,geografia,mismo valor en canton y parroquia,county | municipality,Echeandía,informativa,INABIO
4920,1839993,geografia,mismo valor en canton y parroquia,county | municipality,Echeandía,informativa,INABIO
4921,1839994,geografia,mismo valor en canton y parroquia,county | municipality,Echeandía,informativa,INABIO
5020,1840093,geografia,mismo valor en canton y parroquia,county | municipality,Cuyabeno,informativa,INABIO
51,681181,geografia,mismo valor en canton y parroquia,county | municipality,Puerto López,informativa,INABIO
5126,1840199,geografia,mismo valor en canton y parroquia,county | municipality,Atacames,informativa,INABIO
5128,1840201,geografia,mismo valor en canton y parroquia,county | municipality,Atacames,informativa,INABIO
52,681192,geografia,mismo valor en canton y parroquia,county | municipality,Cuyabeno,informativa,INABIO
60,681281,geografia,mismo valor en canton y parroquia,county | municipality,Salinas,informativa,INABIO
72,681414,geografia,mismo valor en canton y parroquia,county | municipality,Piñas,informativa,INABIO
1082,677355,geografia,parroquia repetida como localidad,municipality | locality,Nono,informativa,propio
1233,677523,geografia,parroquia repetida como localidad,municipality | locality,Puerto Bolívar,informativa,propio
1234,677524,geografia,parroquia repetida como localidad,municipality | locality,Puerto Bolívar,informativa,propio
1235,677525,geografia,parroquia repetida como localidad,municipality | locality,Puerto Bolívar,informativa,propio
1243,677534,geografia,parroquia repetida como localidad,municipality | locality,Puerto Bolívar,informativa,propio
1244,677535,geografia,parroquia repetida como localidad,municipality | locality,Puerto Bolívar,informativa,propio
1245,677536,geografia,parroquia repetida como localidad,municipality | locality,Puerto Bolívar,informativa,propio
1246,677537,geografia,parroquia repetida como localidad,municipality | locality,Puerto Bolívar,informativa,propio
1247,677538,geografia,parroquia repetida como localidad,municipality | locality,Puerto Bolívar,informativa,propio
1248,677539,geografia,parroquia repetida como localidad,municipality | locality,Puerto Bolívar,informativa,propio
1249,677540,geografia,parroquia repetida como localidad,municipality | locality,Puerto Bolívar,informativa,propio
1250,677542,geografia,parroquia repetida como localidad,municipality | locality,Puerto Bolívar,informativa,propio
1251,677543,geografia,parroquia repetida como localidad,municipality | locality,Puerto Bolívar,informativa,propio
1252,677544,geografia,parroquia repetida como localidad,municipality | locality,Puerto Bolívar,informativa,propio
1505,677825,geografia,parroquia repetida como localidad,municipality | locality,Tobar Donoso,informativa,propio
1536,677859,geografia,parroquia repetida como localidad,municipality | locality,Tobar Donoso,informativa,propio
1537,677860,geografia,parroquia repetida como localidad,municipality | locality,Tobar Donoso,informativa,propio
1538,677861,geografia,parroquia repetida como localidad,municipality | locality,Tobar Donoso,informativa,propio
1539,677862,geografia,parroquia repetida como localidad,municipality | locality,Tobar Donoso,informativa,propio
1544,677868,geografia,parroquia repetida como localidad,municipality | locality,Tobar Donoso,informativa,propio
1547,677871,geografia,parroquia repetida como localidad,municipality | locality,Tobar Donoso,informativa,propio
1554,677879,geografia,parroquia repetida como localidad,municipality | locality,Tobar Donoso,informativa,propio
1557,677882,geografia,parroquia repetida como localidad,municipality | locality,Tobar Donoso,informativa,propio
1558,677883,geografia,parroquia repetida como localidad,municipality | locality,Tobar Donoso,informativa,propio
17,678040,geografia,parroquia repetida como localidad,municipality | locality,San Jacinto de Buena Fé,informativa,propio
18,678174,geografia,parroquia repetida como localidad,municipality | locality,Súa,informativa,propio
1883,678267,geografia,parroquia repetida como localidad,municipality | locality,Tobar Donoso,informativa,propio
1884,678268,geografia,parroquia repetida como localidad,municipality | locality,Tobar Donoso,informativa,propio
1885,678269,geografia,parroquia repetida como localidad,municipality | locality,Tobar Donoso,informativa,propio
1886,678270,geografia,parroquia repetida como localidad,municipality | locality,Tobar Donoso,informativa,propio
1887,678271,geografia,parroquia repetida como localidad,municipality | locality,Tobar Donoso,informativa,propio
1904,678291,geografia,parroquia repetida como localidad,municipality | locality,Tobar Donoso,informativa,propio
1905,678292,geografia,parroquia repetida como localidad,municipality | locality,Tobar Donoso,informativa,propio
1906,678293,geografia,parroquia repetida como localidad,municipality | locality,Tobar Donoso,informativa,propio
1907,678294,geografia,parroquia repetida como localidad,municipality | locality,Tobar Donoso,informativa,propio
1908,678295,geografia,parroquia repetida como localidad,municipality | locality,Tobar Donoso,informativa,propio
1909,678296,geografia,parroquia repetida como localidad,municipality | locality,Tobar Donoso,informativa,propio
1910,678298,geografia,parroquia repetida como localidad,municipality | locality,Tobar Donoso,informativa,propio
2298,678728,geografia,parroquia repetida como localidad,municipality | locality,Tonchigüe,informativa,propio
2299,678729,geografia,parroquia repetida como localidad,municipality | locality,Tonchigüe,informativa,propio
23,678730,geografia,parroquia repetida como localidad,municipality | locality,San Jacinto de Yaguachi,informativa,propio
2300,678732,geografia,parroquia repetida como localidad,municipality | locality,Tonchigüe,informativa,propio
2301,678733,geografia,parroquia repetida como localidad,municipality | locality,Tonchigüe,informativa,propio
2302,678734,geografia,parroquia repetida como localidad,municipality | locality,Tonchigüe,informativa,propio
2303,678735,geografia,parroquia repetida como localidad,municipality | locality,Tonchigüe,informativa,propio
2304,678736,geografia,parroquia repetida como localidad,municipality | locality,Tonchigüe,informativa,propio
2305,678737,geografia,parroquia repetida como localidad,municipality | locality,Tonchigüe,informativa,propio
2306,678738,geografia,parroquia repetida como localidad,municipality | locality,Tonchigüe,informativa,propio
2307,678739,geografia,parroquia repetida como localidad,municipality | locality,Tonchigüe,informativa,propio
2316,678749,geografia,parroquia repetida como localidad,municipality | locality,Tonchigüe,informativa,propio
2405,678848,geografia,parroquia repetida como localidad,municipality | locality,Tonchigüe,informativa,propio
2406,678849,geografia,parroquia repetida como localidad,municipality | locality,Tonchigüe,informativa,propio
2414,678858,geografia,parroquia repetida como localidad,municipality | locality,Tonchigüe,informativa,propio
2415,678859,geografia,parroquia repetida como localidad,municipality | locality,Tonchigüe,informativa,propio
2416,678860,geografia,parroquia repetida como localidad,municipality | locality,Tonchigüe,informativa,propio
2417,678861,geografia,parroquia repetida como localidad,municipality | locality,Tonchigüe,informativa,propio
2418,678862,geografia,parroquia repetida como localidad,municipality | locality,Tonchigüe,informativa,propio
2419,678863,geografia,parroquia repetida como localidad,municipality | locality,Tonchigüe,informativa,propio
2420,678865,geografia,parroquia repetida como localidad,municipality | locality,Tonchigüe,informativa,propio
2421,678866,geografia,parroquia repetida como localidad,municipality | locality,Tonchigüe,informativa,propio
2422,678867,geografia,parroquia repetida como localidad,municipality | locality,Tonchigüe,informativa,propio
2423,678868,geografia,parroquia repetida como localidad,municipality | locality,Tonchigüe,informativa,propio
2424,678869,geografia,parroquia repetida como localidad,municipality | locality,Tonchigüe,informativa,propio
2425,678870,geografia,parroquia repetida como localidad,municipality | locality,Tonchigüe,informativa,propio
2426,678871,geografia,parroquia repetida como localidad,municipality | locality,Tonchigüe,informativa,propio
2427,678872,geografia,parroquia repetida como localidad,municipality | locality,Tonchigüe,informativa,propio
2428,678873,geografia,parroquia repetida como localidad,municipality | locality,Tonchigüe,informativa,propio
2429,678874,geografia,parroquia repetida como localidad,municipality | locality,Tonchigüe,informativa,propio
2430,678876,geografia,parroquia repetida como localidad,municipality | locality,Tonchigüe,informativa,propio
2431,678877,geografia,parroquia repetida como localidad,municipality | locality,Tonchigüe,informativa,propio
2432,678878,geografia,parroquia repetida como localidad,municipality | locality,Tonchigüe,informativa,propio
2433,678879,geografia,parroquia repetida como localidad,municipality | locality,Tonchigüe,informativa,propio
2434,678880,geografia,parroquia repetida como localidad,municipality | locality,Tonchigüe,informativa,propio
2435,678881,geografia,parroquia repetida como localidad,municipality | locality,Tonchigüe,informativa,propio
2436,678882,geografia,parroquia repetida como localidad,municipality | locality,Tonchigüe,informativa,propio
2437,678883,geografia,parroquia repetida como localidad,municipality | locality,Tonchigüe,informativa,propio
2438,678884,geografia,parroquia repetida como localidad,municipality | locality,Tonchigüe,informativa,propio
2439,678885,geografia,parroquia repetida como localidad,municipality | locality,Tonchigüe,informativa,propio
2440,678887,geografia,parroquia repetida como localidad,municipality | locality,Tonchigüe,informativa,propio
2441,678888,geografia,parroquia repetida como localidad,municipality | locality,Tonchigüe,informativa,propio
2442,678889,geografia,parroquia repetida como localidad,municipality | locality,Tonchigüe,informativa,propio
2443,678890,geografia,parroquia repetida como localidad,municipality | locality,Tonchigüe,informativa,propio
2444,678891,geografia,parroquia repetida como localidad,municipality | locality,Tonchigüe,informativa,propio
2445,678892,geografia,parroquia repetida como localidad,municipality | locality,Tonchigüe,informativa,propio
2446,678893,geografia,parroquia repetida como localidad,municipality | locality,Tonchigüe,informativa,propio
2447,678894,geografia,parroquia repetida como localidad,municipality | locality,Tonchigüe,informativa,propio
2448,678895,geografia,parroquia repetida como localidad,municipality | locality,Tonchigüe,informativa,propio
2449,678896,geografia,parroquia repetida como localidad,municipality | locality,Tonchigüe,informativa,propio
2450,678898,geografia,parroquia repetida como localidad,municipality | locality,Tonchigüe,informativa,propio
2451,678899,geografia,parroquia repetida como localidad,municipality | locality,Tonchigüe,informativa,propio
2452,678900,geografia,parroquia repetida como localidad,municipality | locality,Tonchigüe,informativa,propio
2453,678901,geografia,parroquia repetida como localidad,municipality | locality,Tonchigüe,informativa,propio
2454,678902,geografia,parroquia repetida como localidad,municipality | locality,Tonchigüe,informativa,propio
2455,678903,geografia,parroquia repetida como localidad,municipality | locality,Tonchigüe,informativa,propio
2456,678904,geografia,parroquia repetida como localidad,municipality | locality,Tonchigüe,informativa,propio
2457,678905,geografia,parroquia repetida como localidad,municipality | locality,Tonchigüe,informativa,propio
2458,678906,geografia,parroquia repetida como localidad,municipality | locality,Tonchigüe,informativa,propio
2459,678907,geografia,parroquia repetida como localidad,municipality | locality,Tonchigüe,informativa,propio
2460,678909,geografia,parroquia repetida como localidad,municipality | locality,Tonchigüe,informativa,propio
2461,678910,geografia,parroquia repetida como localidad,municipality | locality,Tonchigüe,informativa,propio
26,679063,geografia,parroquia repetida como localidad,municipality | locality,Guayaquil,informativa,propio
27,679197,geografia,parroquia repetida como localidad,municipality | locality,Cuyabeno,informativa,propio
2941,679466,geografia,parroquia repetida como localidad,municipality | locality,Tonchigüe,informativa,propio
3078,679618,geografia,parroquia repetida como localidad,municipality | locality,Sansahuari,informativa,propio
3079,679619,geografia,parroquia repetida como localidad,municipality | locality,Sansahuari,informativa,propio
3080,679621,geografia,parroquia repetida como localidad,municipality | locality,Sansahuari,informativa,propio
3081,679622,geografia,parroquia repetida como localidad,municipality | locality,Sansahuari,informativa,propio
3082,679623,geografia,parroquia repetida como localidad,municipality | locality,Sansahuari,informativa,propio
3083,679624,geografia,parroquia repetida como localidad,municipality | locality,Sansahuari,informativa,propio
3084,679625,geografia,parroquia repetida como localidad,municipality | locality,Sansahuari,informativa,propio
3085,679626,geografia,parroquia repetida como localidad,municipality | locality,Sansahuari,informativa,propio
3086,679627,geografia,parroquia repetida como localidad,municipality | locality,Sansahuari,informativa,propio
3087,679628,geografia,parroquia repetida como localidad,municipality | locality,Sansahuari,informativa,propio
3088,679629,geografia,parroquia repetida como localidad,municipality | locality,Sansahuari,informativa,propio
3089,679630,geografia,parroquia repetida como localidad,municipality | locality,Sansahuari,informativa,propio
3090,679632,geografia,parroquia repetida como localidad,municipality | locality,Sansahuari,informativa,propio
3091,679633,geografia,parroquia repetida como localidad,municipality | locality,Sansahuari,informativa,propio
3092,679634,geografia,parroquia repetida como localidad,municipality | locality,Sansahuari,informativa,propio
3093,679635,geografia,parroquia repetida como localidad,municipality | locality,Sansahuari,informativa,propio
43,680998,geografia,parroquia repetida como localidad,municipality | locality,Taura,informativa,propio
51,681181,geografia,parroquia repetida como localidad,municipality | locality,Puerto López,informativa,propio
5364,1840437,geografia,parroquia repetida como localidad,municipality | locality,Sansahuari,informativa,propio
5365,1840438,geografia,parroquia repetida como localidad,municipality | locality,Sansahuari,informativa,propio
5572,1840668,geografia,parroquia repetida como localidad,municipality | locality,Chiruisla,informativa,propio
5573,1840669,geografia,parroquia repetida como localidad,municipality | locality,Chiruisla,informativa,propio
58,681258,geografia,parroquia repetida como localidad,municipality | locality,San Antonio,informativa,propio
595,681275,geografia,parroquia repetida como localidad,municipality | locality,Nono,informativa,propio
6068,1841164,geografia,parroquia repetida como localidad,municipality | locality,Pañacocha,informativa,propio
6069,1841165,geografia,parroquia repetida como localidad,municipality | locality,Pañacocha,informativa,propio
6070,1841166,geografia,parroquia repetida como localidad,municipality | locality,Pañacocha,informativa,propio
6071,1841167,geografia,parroquia repetida como localidad,municipality | locality,Pañacocha,informativa,propio
6072,1841168,geografia,parroquia repetida como localidad,municipality | locality,Pañacocha,informativa,propio
6073,1841169,geografia,parroquia repetida como localidad,municipality | locality,Pañacocha,informativa,propio
6074,1841170,geografia,parroquia repetida como localidad,municipality | locality,Pañacocha,informativa,propio
6075,1841171,geografia,parroquia repetida como localidad,municipality | locality,Pañacocha,informativa,propio
6076,1841172,geografia,parroquia repetida como localidad,municipality | locality,Pañacocha,informativa,propio
6077,1841173,geografia,parroquia repetida como localidad,municipality | locality,Pañacocha,informativa,propio
6106,1841202,geografia,parroquia repetida como localidad,municipality | locality,Pañacocha,informativa,propio
6107,1841203,geografia,parroquia repetida como localidad,municipality | locality,Pañacocha,informativa,propio
6108,1841204,geografia,parroquia repetida como localidad,municipality | locality,Pañacocha,informativa,propio
6170,1841266,geografia,parroquia repetida como localidad,municipality | locality,Pañacocha,informativa,propio
6171,1841267,geografia,parroquia repetida como localidad,municipality | locality,Pañacocha,informativa,propio
6172,1841268,geografia,parroquia repetida como localidad,municipality | locality,Pañacocha,informativa,propio
6173,1841269,geografia,parroquia repetida como localidad,municipality | locality,Pañacocha,informativa,propio
6174,1841270,geografia,parroquia repetida como localidad,municipality | locality,Pañacocha,informativa,propio
6175,1841271,geografia,parroquia repetida como localidad,municipality | locality,Pañacocha,informativa,propio
6176,1841272,geografia,parroquia repetida como localidad,municipality | locality,Pañacocha,informativa,propio
6177,1841273,geografia,parroquia repetida como localidad,municipality | locality,Pañacocha,informativa,propio
6178,1841274,geografia,parroquia repetida como localidad,municipality | locality,Pañacocha,informativa,propio
6179,1841275,geografia,parroquia repetida como localidad,municipality | locality,Pañacocha,informativa,propio
6180,1841276,geografia,parroquia repetida como localidad,municipality | locality,Pañacocha,informativa,propio
6190,1841286,geografia,parroquia repetida como localidad,municipality | locality,Pañacocha,informativa,propio
6192,1841288,geografia,parroquia repetida como localidad,municipality | locality,Pañacocha,informativa,propio
6193,1841289,geografia,parroquia repetida como localidad,municipality | locality,Pañacocha,informativa,propio
6194,1841290,geografia,parroquia repetida como localidad,municipality | locality,Pañacocha,informativa,propio
6195,1841291,geografia,parroquia repetida como localidad,municipality | locality,Pañacocha,informativa,propio
6198,1841294,geografia,parroquia repetida como localidad,municipality | locality,Pañacocha,informativa,propio
6199,1841295,geografia,parroquia repetida como localidad,municipality | locality,Pañacocha,informativa,propio
6200,1841296,geografia,parroquia repetida como localidad,municipality | locality,Pañacocha,informativa,propio
6201,1841297,geografia,parroquia repetida como localidad,municipality | locality,Pañacocha,informativa,propio
6202,1841298,geografia,parroquia repetida como localidad,municipality | locality,Pañacocha,informativa,propio
6204,1841300,geografia,parroquia repetida como localidad,municipality | locality,Pañacocha,informativa,propio
6211,1841307,geografia,parroquia repetida como localidad,municipality | locality,Pañacocha,informativa,propio
6212,1841308,geografia,parroquia repetida como localidad,municipality | locality,Pañacocha,informativa,propio
6213,1841309,geografia,parroquia repetida como localidad,municipality | locality,Pañacocha,informativa,propio
6214,1841310,geografia,parroquia repetida como localidad,municipality | locality,Pañacocha,informativa,propio
6215,1841311,geografia,parroquia repetida como localidad,municipality | locality,Pañacocha,informativa,propio
6216,1841312,geografia,parroquia repetida como localidad,municipality | locality,Pañacocha,informativa,propio
6217,1841313,geografia,parroquia repetida como localidad,municipality | locality,Pañacocha,informativa,propio
6218,1841314,geografia,parroquia repetida como localidad,municipality | locality,Pañacocha,informativa,propio
6219,1841315,geografia,parroquia repetida como localidad,municipality | locality,Pañacocha,informativa,propio
6220,1841316,geografia,parroquia repetida como localidad,municipality | locality,Pañacocha,informativa,propio
6221,1841317,geografia,parroquia repetida como localidad,municipality | locality,Pañacocha,informativa,propio
6222,1841318,geografia,parroquia repetida como localidad,municipality | locality,Pañacocha,informativa,propio
6223,1841319,geografia,parroquia repetida como localidad,municipality | locality,Pañacocha,informativa,propio
6224,1841320,geografia,parroquia repetida como localidad,municipality | locality,Pañacocha,informativa,propio
6225,1841321,geografia,parroquia repetida como localidad,municipality | locality,Pañacocha,informativa,propio
6226,1841322,geografia,parroquia repetida como localidad,municipality | locality,Pañacocha,informativa,propio
72,681414,geografia,parroquia repetida como localidad,municipality | locality,Piñas,informativa,propio
926,681643,geografia,parroquia repetida como localidad,municipality | locality,Shell,informativa,propio
927,681644,geografia,parroquia repetida como localidad,municipality | locality,Shell,informativa,propio
928,681645,geografia,parroquia repetida como localidad,municipality | locality,Shell,informativa,propio
929,681646,geografia,parroquia repetida como localidad,municipality | locality,Shell,informativa,propio
930,681648,geografia,parroquia repetida como localidad,municipality | locality,Shell,informativa,propio
931,681649,geografia,parroquia repetida como localidad,municipality | locality,Shell,informativa,propio
932,681650,geografia,parroquia repetida como localidad,municipality | locality,Shell,informativa,propio
933,681651,geografia,parroquia repetida como localidad,municipality | locality,Shell,informativa,propio
934,681652,geografia,parroquia repetida como localidad,municipality | locality,Shell,informativa,propio
935,681653,geografia,parroquia repetida como localidad,municipality | locality,Shell,informativa,propio
936,681654,geografia,parroquia repetida como localidad,municipality | locality,Shell,informativa,propio
937,681655,geografia,parroquia repetida como localidad,municipality | locality,Shell,informativa,propio
938,681656,geografia,parroquia repetida como localidad,municipality | locality,Shell,informativa,propio
939,681657,geografia,parroquia repetida como localidad,municipality | locality,Shell,informativa,propio
1018,677284,registro,lote con numero de individuos atipicamente alto,individualCount,205,informativa,INABIO
1366,677670,registro,lote con numero de individuos atipicamente alto,individualCount,553,informativa,INABIO
1499,677817,registro,lote con numero de individuos atipicamente alto,individualCount,205,informativa,INABIO
2671,679166,registro,lote con numero de individuos atipicamente alto,individualCount,397,informativa,INABIO
5218,1840291,registro,lote con numero de individuos atipicamente alto,individualCount,679,informativa,INABIO
5226,1840299,registro,lote con numero de individuos atipicamente alto,individualCount,330,informativa,INABIO
654,681341,registro,lote con numero de individuos atipicamente alto,individualCount,429,informativa,INABIO
1000,677265,registro,"mismo punto, fecha y especie en varios catalogos",decimalLatitude | eventDate | scientificName,Astyanax henseli | 2007-09-20,informativa,INABIO
1003,677268,registro,"mismo punto, fecha y especie en varios catalogos",decimalLatitude | eventDate | scientificName,Chaetostoma | 2007-09-20,informativa,INABIO
1004,677269,registro,"mismo punto, fecha y especie en varios catalogos",decimalLatitude | eventDate | scientificName,Hypostomus niceforoi | 2007-09-20,informativa,INABIO
1007,677272,registro,"mismo punto, fecha y especie en varios catalogos",decimalLatitude | eventDate | scientificName,Charax tectifer | 2007-09-20,informativa,INABIO
1008,677273,registro,"mismo punto, fecha y especie en varios catalogos",decimalLatitude | eventDate | scientificName,Astyanax henseli | 2007-09-20,informativa,INABIO
1010,677276,registro,"mismo punto, fecha y especie en varios catalogos",decimalLatitude | eventDate | scientificName,Hypostomus niceforoi | 2007-09-20,informativa,INABIO
1028,677295,registro,"mismo punto, fecha y especie en varios catalogos",decimalLatitude | eventDate | scientificName,Astroblepus | 2007-09-17,informativa,INABIO
1029,677296,registro,"mismo punto, fecha y especie en varios catalogos",decimalLatitude | eventDate | scientificName,Astroblepus | 2007-09-17,informativa,INABIO
1051,677321,registro,"mismo punto, fecha y especie en varios catalogos",decimalLatitude | eventDate | scientificName,Astroblepus | 2007-09-17,informativa,INABIO
1052,677322,registro,"mismo punto, fecha y especie en varios catalogos",decimalLatitude | eventDate | scientificName,Astroblepus | 2007-09-17,informativa,INABIO
1055,677325,registro,"mismo punto, fecha y especie en varios catalogos",decimalLatitude | eventDate | scientificName,Astroblepus | 2007-09-17,informativa,INABIO
1056,677326,registro,"mismo punto, fecha y especie en varios catalogos",decimalLatitude | eventDate | scientificName,Astroblepus | 2007-09-17,informativa,INABIO
1057,677327,registro,"mismo punto, fecha y especie en varios catalogos",decimalLatitude | eventDate | scientificName,Astroblepus | 2007-09-17,informativa,INABIO
1058,677328,registro,"mismo punto, fecha y especie en varios catalogos",decimalLatitude | eventDate | scientificName,Astroblepus | 2007-09-17,informativa,INABIO
1059,677329,registro,"mismo punto, fecha y especie en varios catalogos",decimalLatitude | eventDate | scientificName,Astroblepus | 2007-09-17,informativa,INABIO
1064,677335,registro,"mismo punto, fecha y especie en varios catalogos",decimalLatitude | eventDate | scientificName,Astroblepus | 2007-09-17,informativa,INABIO
1065,677336,registro,"mismo punto, fecha y especie en varios catalogos",decimalLatitude | eventDate | scientificName,Astroblepus | 2007-09-17,informativa,INABIO
1066,677337,registro,"mismo punto, fecha y especie en varios catalogos",decimalLatitude | eventDate | scientificName,Astroblepus | 2007-09-17,informativa,INABIO
1073,677345,registro,"mismo punto, fecha y especie en varios catalogos",decimalLatitude | eventDate | scientificName,Chaetostoma microps | 2007-09-17,informativa,INABIO
1074,677346,registro,"mismo punto, fecha y especie en varios catalogos",decimalLatitude | eventDate | scientificName,Chaetostoma microps | 2007-09-17,informativa,INABIO
1088,677361,registro,"mismo punto, fecha y especie en varios catalogos",decimalLatitude | eventDate | scientificName,Astroblepus vaillanti | 2008-09-29,informativa,INABIO
1089,677362,registro,"mismo punto, fecha y especie en varios catalogos",decimalLatitude | eventDate | scientificName,Astroblepus vaillanti | 2008-09-29,informativa,INABIO
1091,677365,registro,"mismo punto, fecha y especie en varios catalogos",decimalLatitude | eventDate | scientificName,Astroblepus vaillanti | 2008-09-29,informativa,INABIO
1095,677369,registro,"mismo punto, fecha y especie en varios catalogos",decimalLatitude | eventDate | scientificName,Astroblepus vaillanti | 2008-08-05,informativa,INABIO
1096,677370,registro,"mismo punto, fecha y especie en varios catalogos",decimalLatitude | eventDate | scientificName,Astroblepus vaillanti | 2008-08-05,informativa,INABIO
1106,677382,registro,"mismo punto, fecha y especie en varios catalogos",decimalLatitude | eventDate | scientificName,Astroblepus whymperi | 2008-09-14,informativa,INABIO
1107,677383,registro,"mismo punto, fecha y especie en varios catalogos",decimalLatitude | eventDate | scientificName,Astroblepus whymperi | 2008-09-14,informativa,INABIO
1109,677385,registro,"mismo punto, fecha y especie en varios catalogos",decimalLatitude | eventDate | scientificName,Astroblepus vaillanti | 2008-09-18,informativa,INABIO
1110,677387,registro,"mismo punto, fecha y especie en varios catalogos",decimalLatitude | eventDate | scientificName,Astroblepus vaillanti | 2008-09-18,informativa,INABIO
1114,677391,registro,"mismo punto, fecha y especie en varios catalogos",decimalLatitude | eventDate | scientificName,Astroblepus | 2008-11-06,informativa,INABIO
1115,677392,registro,"mismo punto, fecha y especie en varios catalogos",decimalLatitude | eventDate | scientificName,Chaetostoma | 2008-11-04,informativa,INABIO
1117,677394,registro,"mismo punto, fecha y especie en varios catalogos",decimalLatitude | eventDate | scientificName,Chaetostoma | 2008-11-04,informativa,INABIO
1127,677405,registro,"mismo punto, fecha y especie en varios catalogos",decimalLatitude | eventDate | scientificName,Astroblepus | 2008-11-06,informativa,INABIO
1143,677423,registro,"mismo punto, fecha y especie en varios catalogos",decimalLatitude | eventDate | scientificName,Chaetostoma platyrhynchus | 2008-10-23,informativa,INABIO
1144,677424,registro,"mismo punto, fecha y especie en varios catalogos",decimalLatitude | eventDate | scientificName,Chaetostoma platyrhynchus | 2008-10-23,informativa,INABIO
1152,677433,registro,"mismo punto, fecha y especie en varios catalogos",decimalLatitude | eventDate | scientificName,Astroblepus | 2008-10-23,informativa,INABIO
1159,677440,registro,"mismo punto, fecha y especie en varios catalogos",decimalLatitude | eventDate | scientificName,Astroblepus | 2008-10-24,informativa,INABIO
1160,677442,registro,"mismo punto, fecha y especie en varios catalogos",decimalLatitude | eventDate | scientificName,Astroblepus | 2008-10-22,informativa,INABIO
1161,677443,registro,"mismo punto, fecha y especie en varios catalogos",decimalLatitude | eventDate | scientificName,Astroblepus | 2008-10-22,informativa,INABIO
1162,677444,registro,"mismo punto, fecha y especie en varios catalogos",decimalLatitude | eventDate | scientificName,Astroblepus | 2008-10-23,informativa,INABIO
1163,677445,registro,"mismo punto, fecha y especie en varios catalogos",decimalLatitude | eventDate | scientificName,Astroblepus | 2008-10-24,informativa,INABIO
1165,677447,registro,"mismo punto, fecha y especie en varios catalogos",decimalLatitude | eventDate | scientificName,Astroblepus | 2008-10-23,informativa,INABIO
1166,677448,registro,"mismo punto, fecha y especie en varios catalogos",decimalLatitude | eventDate | scientificName,Astroblepus | 2008-10-23,informativa,INABIO
1167,677449,registro,"mismo punto, fecha y especie en varios catalogos",decimalLatitude | eventDate | scientificName,Astroblepus | 2008-10-25,informativa,INABIO
1169,677451,registro,"mismo punto, fecha y especie en varios catalogos",decimalLatitude | eventDate | scientificName,Astroblepus | 2008-10-24,informativa,INABIO
1170,677453,registro,"mismo punto, fecha y especie en varios catalogos",decimalLatitude | eventDate | scientificName,Astroblepus | 2008-10-23,informativa,INABIO
1171,677454,registro,"mismo punto, fecha y especie en varios catalogos",decimalLatitude | eventDate | scientificName,Astroblepus | 2008-10-25,informativa,INABIO
1172,677455,registro,"mismo punto, fecha y especie en varios catalogos",decimalLatitude | eventDate | scientificName,Astroblepus | 2008-10-28,informativa,INABIO
1173,677456,registro,"mismo punto, fecha y especie en varios catalogos",decimalLatitude | eventDate | scientificName,Astroblepus | 2008-10-25,informativa,INABIO
1174,677457,registro,"mismo punto, fecha y especie en varios catalogos",decimalLatitude | eventDate | scientificName,Astroblepus | 2008-10-24,informativa,INABIO
1175,677458,registro,"mismo punto, fecha y especie en varios catalogos",decimalLatitude | eventDate | scientificName,Astroblepus | 2008-10-24,informativa,INABIO
1176,677459,registro,"mismo punto, fecha y especie en varios catalogos",decimalLatitude | eventDate | scientificName,Astroblepus | 2008-10-29,informativa,INABIO
1177,677460,registro,"mismo punto, fecha y especie en varios catalogos",decimalLatitude | eventDate | scientificName,Astroblepus | 2008-10-25,informativa,INABIO
1178,677461,registro,"mismo punto, fecha y especie en varios catalogos",decimalLatitude | eventDate | scientificName,Astroblepus | 2008-10-29,informativa,INABIO
1179,677462,registro,"mismo punto, fecha y especie en varios catalogos",decimalLatitude | eventDate | scientificName,Astroblepus | 2008-10-28,informativa,INABIO
1180,677464,registro,"mismo punto, fecha y especie en varios catalogos",decimalLatitude | eventDate | scientificName,Astroblepus | 2008-10-23,informativa,INABIO
1187,677471,registro,"mismo punto, fecha y especie en varios catalogos",decimalLatitude | eventDate | scientificName,Oncorhynchus mykiss | 2008-10-27,informativa,INABIO
1188,677472,registro,"mismo punto, fecha y especie en varios catalogos",decimalLatitude | eventDate | scientificName,Oncorhynchus mykiss | 2008-10-27,informativa,INABIO
1193,677478,registro,"mismo punto, fecha y especie en varios catalogos",decimalLatitude | eventDate | scientificName,Ceratobranchia elatior | 2008-10-29,informativa,INABIO
1197,677482,registro,"mismo punto, fecha y especie en varios catalogos",decimalLatitude | eventDate | scientificName,Ceratobranchia elatior | 2008-10-29,informativa,INABIO
1203,677490,registro,"mismo punto, fecha y especie en varios catalogos",decimalLatitude | eventDate | scientificName,Bryconamericus | 2009-02-26,informativa,INABIO
1205,677492,registro,"mismo punto, fecha y especie en varios catalogos",decimalLatitude | eventDate | scientificName,Bryconamericus | 2009-02-26,informativa,INABIO
1220,677509,registro,"mismo punto, fecha y especie en varios catalogos",decimalLatitude | eventDate | scientificName,Aequidens tetramerus | 2009-05-22,informativa,INABIO
1221,677510,registro,"mismo punto, fecha y especie en varios catalogos",decimalLatitude | eventDate | scientificName,Aequidens tetramerus | 2009-05-22,informativa,INABIO
1228,677517,registro,"mismo punto, fecha y especie en varios catalogos",decimalLatitude | eventDate | scientificName,Aequidens tetramerus | 2009-05-22,informativa,INABIO
1229,677518,registro,"mismo punto, fecha y especie en varios catalogos",decimalLatitude | eventDate | scientificName,Aequidens tetramerus | 2009-05-22,informativa,INABIO
1231,677521,registro,"mismo punto, fecha y especie en varios catalogos",decimalLatitude | eventDate | scientificName,Aequidens tetramerus | 2009-05-22,informativa,INABIO
1236,677526,registro,"mismo punto, fecha y especie en varios catalogos",decimalLatitude | eventDate | scientificName,Steindachnerina guentheri | 2009-05-24,informativa,INABIO
1239,677529,registro,"mismo punto, fecha y especie en varios catalogos",decimalLatitude | eventDate | scientificName,Bryconops caudomaculatus | 2009-05-24,informativa,INABIO
1243,677534,registro,"mismo punto, fecha y especie en varios catalogos",decimalLatitude | eventDate | scientificName,Bryconops caudomaculatus | 2009-05-24,informativa,INABIO
1245,677536,registro,"mismo punto, fecha y especie en varios catalogos",decimalLatitude | eventDate | scientificName,Steindachnerina guentheri | 2009-05-24,informativa,INABIO
1266,677559,registro,"mismo punto, fecha y especie en varios catalogos",decimalLatitude | eventDate | scientificName,Pyrrhulina semifasciata | 2008-12-20,informativa,INABIO
1274,677568,registro,"mismo punto, fecha y especie en varios catalogos",decimalLatitude | eventDate | scientificName,Pyrrhulina semifasciata | 2008-12-20,informativa,INABIO
1297,677593,registro,"mismo punto, fecha y especie en varios catalogos",decimalLatitude | eventDate | scientificName,Moenkhausia oligolepis | 2009-01-12,informativa,INABIO
1315,677614,registro,"mismo punto, fecha y especie en varios catalogos",decimalLatitude | eventDate | scientificName,Hyphessobrycon copelandi | 2009-01-14,informativa,INABIO
1326,677626,registro,"mismo punto, fecha y especie en varios catalogos",decimalLatitude | eventDate | scientificName,Bryconops caudomaculatus | 2009-01-13,informativa,INABIO
1328,677628,registro,"mismo punto, fecha y especie en varios catalogos",decimalLatitude | eventDate | scientificName,Knodus | 2009-01-14,informativa,INABIO
1341,677643,registro,"mismo punto, fecha y especie en varios catalogos",decimalLatitude | eventDate | scientificName,Hyphessobrycon copelandi | 2009-01-14,informativa,INABIO
1351,677654,registro,"mismo punto, fecha y especie en varios catalogos",decimalLatitude | eventDate | scientificName,Bryconops caudomaculatus | 2009-01-12,informativa,INABIO
1352,677655,registro,"mismo punto, fecha y especie en varios catalogos",decimalLatitude | eventDate | scientificName,Bryconops caudomaculatus | 2009-01-12,informativa,INABIO
1353,677656,registro,"mismo punto, fecha y especie en varios catalogos",decimalLatitude | eventDate | scientificName,Bryconops caudomaculatus | 2009-01-12,informativa,INABIO
1354,677657,registro,"mismo punto, fecha y especie en varios catalogos",decimalLatitude | eventDate | scientificName,Bryconops caudomaculatus | 2009-01-13,informativa,INABIO
1357,677660,registro,"mismo punto, fecha y especie en varios catalogos",decimalLatitude | eventDate | scientificName,Characidium fasciatum | 2009-01-10,informativa,INABIO
1359,677662,registro,"mismo punto, fecha y especie en varios catalogos",decimalLatitude | eventDate | scientificName,Moenkhausia oligolepis | 2009-01-10,informativa,INABIO
1364,677668,registro,"mismo punto, fecha y especie en varios catalogos",decimalLatitude | eventDate | scientificName,Hyphessobrycon copelandi | 2009-01-10,informativa,INABIO
1366,677670,registro,"mismo punto, fecha y especie en varios catalogos",decimalLatitude | eventDate | scientificName,Hyphessobrycon copelandi | 2009-01-11,informativa,INABIO
1374,677679,registro,"mismo punto, fecha y especie en varios catalogos",decimalLatitude | eventDate | scientificName,Bryconops caudomaculatus | 2009-01-10,informativa,INABIO
1377,677682,registro,"mismo punto, fecha y especie en varios catalogos",decimalLatitude | eventDate | scientificName,Hyphessobrycon copelandi | 2009-01-11,informativa,INABIO
1381,677687,registro,"mismo punto, fecha y especie en varios catalogos",decimalLatitude | eventDate | scientificName,Hyphessobrycon copelandi | 2009-01-10,informativa,INABIO
1391,677698,registro,"mismo punto, fecha y especie en varios catalogos",decimalLatitude | eventDate | scientificName,Characidium fasciatum | 2009-01-10,informativa,INABIO
1403,677712,registro,"mismo punto, fecha y especie en varios catalogos",decimalLatitude | eventDate | scientificName,Hyphessobrycon copelandi | 2008-12-22,informativa,INABIO
1407,677716,registro,"mismo punto, fecha y especie en varios catalogos",decimalLatitude | eventDate | scientificName,Hyphessobrycon copelandi | 2008-12-22,informativa,INABIO
1409,677718,registro,"mismo punto, fecha y especie en varios catalogos",decimalLatitude | eventDate | scientificName,Bryconops caudomaculatus | 2009-01-10,informativa,INABIO
1411,677721,registro,"mismo punto, fecha y especie en varios catalogos",decimalLatitude | eventDate | scientificName,Moenkhausia oligolepis | 2009-01-10,informativa,INABIO
1414,677724,registro,"mismo punto, fecha y especie en varios catalogos",decimalLatitude | eventDate | scientificName,Hyphessobrycon copelandi | 2009-01-10,informativa,INABIO
1442,677755,registro,"mismo punto, fecha y especie en varios catalogos",decimalLatitude | eventDate | scientificName,Moenkhausia oligolepis | 2009-01-12,informativa,INABIO
1452,677766,registro,"mismo punto, fecha y especie en varios catalogos",decimalLatitude | eventDate | scientificName,Astyanax | 2009-01-10,informativa,INABIO
1484,677801,registro,"mismo punto, fecha y especie en varios catalogos",decimalLatitude | eventDate | scientificName,Astyanax | 2008-05-18,informativa,INABIO
1487,677804,registro,"mismo punto, fecha y especie en varios catalogos",decimalLatitude | eventDate | scientificName,Astyanax | 2008-05-18,informativa,INABIO
1495,677813,registro,"mismo punto, fecha y especie en varios catalogos",decimalLatitude | eventDate | scientificName,Brachyhypopomus | 2008-05-22,informativa,INABIO
1503,677823,registro,"mismo punto, fecha y especie en varios catalogos",decimalLatitude | eventDate | scientificName,Brachyhypopomus | 2008-05-22,informativa,INABIO
1528,677850,registro,"mismo punto, fecha y especie en varios catalogos",decimalLatitude | eventDate | scientificName,Pseudochalceus boehlkei | 2009-09-22,informativa,INABIO
1534,677857,registro,"mismo punto, fecha y especie en varios catalogos",decimalLatitude | eventDate | scientificName,Awaous banana | 2009-09-12,informativa,INABIO
1535,677858,registro,"mismo punto, fecha y especie en varios catalogos",decimalLatitude | eventDate | scientificName,Rhamdia | 2009-09-12,informativa,INABIO
1541,677865,registro,"mismo punto, fecha y especie en varios catalogos",decimalLatitude | eventDate | scientificName,Pseudochalceus boehlkei | 2009-09-22,informativa,INABIO
1553,677878,registro,"mismo punto, fecha y especie en varios catalogos",decimalLatitude | eventDate | scientificName,Rhamdia | 2009-09-12,informativa,INABIO
1556,677881,registro,"mismo punto, fecha y especie en varios catalogos",decimalLatitude | eventDate | scientificName,Awaous banana | 2009-09-12,informativa,INABIO
1631,677965,registro,"mismo punto, fecha y especie en varios catalogos",decimalLatitude | eventDate | scientificName,Ancistrus shuar | 2009-12-27,informativa,INABIO
1632,677966,registro,"mismo punto, fecha y especie en varios catalogos",decimalLatitude | eventDate | scientificName,Chaetostoma | 2009-12-27,informativa,INABIO
1633,677967,registro,"mismo punto, fecha y especie en varios catalogos",decimalLatitude | eventDate | scientificName,Chaetostoma | 2009-12-27,informativa,INABIO
1637,677971,registro,"mismo punto, fecha y especie en varios catalogos",decimalLatitude | eventDate | scientificName,Ancistrus shuar | 2009-12-27,informativa,INABIO
1647,677982,registro,"mismo punto, fecha y especie en varios catalogos",decimalLatitude | eventDate | scientificName,Astroblepus | 2004-12-31,informativa,INABIO
1651,677987,registro,"mismo punto, fecha y especie en varios catalogos",decimalLatitude | eventDate | scientificName,Astroblepus | 2004-12-31,informativa,INABIO
1653,677989,registro,"mismo punto, fecha y especie en varios catalogos",decimalLatitude | eventDate | scientificName,Andeancistrus platycephalus | 2009-10-03,informativa,INABIO
1654,677990,registro,"mismo punto, fecha y especie en varios catalogos",decimalLatitude | eventDate | scientificName,Andeancistrus platycephalus | 2009-10-03,informativa,INABIO
1655,677991,registro,"mismo punto, fecha y especie en varios catalogos",decimalLatitude | eventDate | scientificName,Andeancistrus platycephalus | 2009-10-03,informativa,INABIO
1656,677992,registro,"mismo punto, fecha y especie en varios catalogos",decimalLatitude | eventDate | scientificName,Chaetostoma | 2009-10-06,informativa,INABIO
1657,677993,registro,"mismo punto, fecha y especie en varios catalogos",decimalLatitude | eventDate | scientificName,Chaetostoma | 2009-10-06,informativa,INABIO
1667,678004,registro,"mismo punto, fecha y especie en varios catalogos",decimalLatitude | eventDate | scientificName,Chaetostoma | 2009-09-03,informativa,INABIO
1668,678005,registro,"mismo punto, fecha y especie en varios catalogos",decimalLatitude | eventDate | scientificName,Chaetostoma | 2009-09-03,informativa,INABIO
171,678052,registro,"mismo punto, fecha y especie en varios catalogos",decimalLatitude | eventDate | scientificName,Knodus megalops | 2001-07-24,informativa,INABIO
173,678097,registro,"mismo punto, fecha y especie en varios catalogos",decimalLatitude | eventDate | scientificName,Knodus megalops | 2001-07-24,informativa,INABIO
174,678108,registro,"mismo punto, fecha y especie en varios catalogos",decimalLatitude | eventDate | scientificName,Astyanax abramis | 2001-07-24,informativa,INABIO
175,678119,registro,"mismo punto, fecha y especie en varios catalogos",decimalLatitude | eventDate | scientificName,Astyanax abramis | 2001-07-24,informativa,INABIO
177,678141,registro,"mismo punto, fecha y especie en varios catalogos",decimalLatitude | eventDate | scientificName,Characidium fasciatum | 2001-07-24,informativa,INABIO
179,678163,registro,"mismo punto, fecha y especie en varios catalogos",decimalLatitude | eventDate | scientificName,Knodus megalops | 2001-07-24,informativa,INABIO
1790,678164,registro,"mismo punto, fecha y especie en varios catalogos",decimalLatitude | eventDate | scientificName,Bryconamericus | 2010-04-23,informativa,INABIO
182,678197,registro,"mismo punto, fecha y especie en varios catalogos",decimalLatitude | eventDate | scientificName,Characidium fasciatum | 2001-07-24,informativa,INABIO
1832,678211,registro,"mismo punto, fecha y especie en varios catalogos",decimalLatitude | eventDate | scientificName,Astyanax abramis | 2010-10-05,informativa,INABIO
1840,678220,registro,"mismo punto, fecha y especie en varios catalogos",decimalLatitude | eventDate | scientificName,Astyanax abramis | 2010-10-05,informativa,INABIO
1883,678267,registro,"mismo punto, fecha y especie en varios catalogos",decimalLatitude | eventDate | scientificName,Awaous banana | 2010-08-14,informativa,INABIO
1886,678270,registro,"mismo punto, fecha y especie en varios catalogos",decimalLatitude | eventDate | scientificName,Bryconamericus | 2010-08-14,informativa,INABIO
189,678274,registro,"mismo punto, fecha y especie en varios catalogos",decimalLatitude | eventDate | scientificName,Rineloricaria simillima | 2001-07-24,informativa,INABIO
1907,678294,registro,"mismo punto, fecha y especie en varios catalogos",decimalLatitude | eventDate | scientificName,Awaous banana | 2010-08-14,informativa,INABIO
1909,678296,registro,"mismo punto, fecha y especie en varios catalogos",decimalLatitude | eventDate | scientificName,Bryconamericus | 2010-08-14,informativa,INABIO
191,678297,registro,"mismo punto, fecha y especie en varios catalogos",decimalLatitude | eventDate | scientificName,Rineloricaria simillima | 2001-07-24,informativa,INABIO
1910,678298,registro,"mismo punto, fecha y especie en varios catalogos",decimalLatitude | eventDate | scientificName,Bryconamericus | 2010-08-14,informativa,INABIO
1911,678299,registro,"mismo punto, fecha y especie en varios catalogos",decimalLatitude | eventDate | scientificName,Bryconamericus | 2010-10-08,informativa,INABIO
1912,678300,registro,"mismo punto, fecha y especie en varios catalogos",decimalLatitude | eventDate | scientificName,Bryconamericus | 2010-10-08,informativa,INABIO
194,678330,registro,"mismo punto, fecha y especie en varios catalogos",decimalLatitude | eventDate | scientificName,Leporinus friderici | 2001-07-24,informativa,INABIO
1943,678334,registro,"mismo punto, fecha y especie en varios catalogos",decimalLatitude | eventDate | scientificName,Astyanax henseli | 2010-06-16,informativa,INABIO
1945,678336,registro,"mismo punto, fecha y especie en varios catalogos",decimalLatitude | eventDate | scientificName,Astyanax henseli | 2010-06-16,informativa,INABIO
195,678341,registro,"mismo punto, fecha y especie en varios catalogos",decimalLatitude | eventDate | scientificName,Sternopygus macrurus | 2001-07-24,informativa,INABIO
196,678352,registro,"mismo punto, fecha y especie en varios catalogos",decimalLatitude | eventDate | scientificName,Sternopygus macrurus | 2001-07-24,informativa,INABIO
1971,678365,registro,"mismo punto, fecha y especie en varios catalogos",decimalLatitude | eventDate | scientificName,Moenkhausia comma | 2010-06-11,informativa,INABIO
199,678385,registro,"mismo punto, fecha y especie en varios catalogos",decimalLatitude | eventDate | scientificName,Distocyclus conirostris | 2001-07-25,informativa,INABIO
200,678398,registro,"mismo punto, fecha y especie en varios catalogos",decimalLatitude | eventDate | scientificName,Distocyclus conirostris | 2001-07-25,informativa,INABIO
2036,678438,registro,"mismo punto, fecha y especie en varios catalogos",decimalLatitude | eventDate | scientificName,Pyrrhulina semifasciata | 2011-01-21,informativa,INABIO
2039,678441,registro,"mismo punto, fecha y especie en varios catalogos",decimalLatitude | eventDate | scientificName,Pyrrhulina semifasciata | 2011-01-21,informativa,INABIO
2050,678454,registro,"mismo punto, fecha y especie en varios catalogos",decimalLatitude | eventDate | scientificName,Knodus | 2011-07-03,informativa,INABIO
2053,678457,registro,"mismo punto, fecha y especie en varios catalogos",decimalLatitude | eventDate | scientificName,Knodus | 2011-07-03,informativa,INABIO
2059,678463,registro,"mismo punto, fecha y especie en varios catalogos",decimalLatitude | eventDate | scientificName,Astroblepus cyclopus | 2011-06-15,informativa,INABIO
2060,678465,registro,"mismo punto, fecha y especie en varios catalogos",decimalLatitude | eventDate | scientificName,Astroblepus cyclopus | 2011-06-15,informativa,INABIO
2061,678466,registro,"mismo punto, fecha y especie en varios catalogos",decimalLatitude | eventDate | scientificName,Transancistrus santarosensis | 2008-07-09,informativa,INABIO
2062,678467,registro,"mismo punto, fecha y especie en varios catalogos",decimalLatitude | eventDate | scientificName,Transancistrus santarosensis | 2008-07-09,informativa,INABIO
2068,678473,registro,"mismo punto, fecha y especie en varios catalogos",decimalLatitude | eventDate | scientificName,Moenkhausia comma | 2011-08-06,informativa,INABIO
207,678475,registro,"mismo punto, fecha y especie en varios catalogos",decimalLatitude | eventDate | scientificName,Leporinus friderici | 2001-07-24,informativa,INABIO
2072,678478,registro,"mismo punto, fecha y especie en varios catalogos",decimalLatitude | eventDate | scientificName,Moenkhausia comma | 2011-08-06,informativa,INABIO
2116,678527,registro,"mismo punto, fecha y especie en varios catalogos",decimalLatitude | eventDate | scientificName,Brycon atrocaudatus | 2011-10-25,informativa,INABIO
2122,678534,registro,"mismo punto, fecha y especie en varios catalogos",decimalLatitude | eventDate | scientificName,Brycon atrocaudatus | 2011-10-25,informativa,INABIO
2202,678623,registro,"mismo punto, fecha y especie en varios catalogos",decimalLatitude | eventDate | scientificName,Astroblepus | 2011-10-27,informativa,INABIO
2203,678624,registro,"mismo punto, fecha y especie en varios catalogos",decimalLatitude | eventDate | scientificName,Astroblepus | 2011-10-27,informativa,INABIO
2204,678625,registro,"mismo punto, fecha y especie en varios catalogos",decimalLatitude | eventDate | scientificName,Astroblepus | 2011-10-27,informativa,INABIO
221,678631,registro,"mismo punto, fecha y especie en varios catalogos",decimalLatitude | eventDate | scientificName,Crenicichla saxatilis | 2001-06-03,informativa,INABIO
2212,678634,registro,"mismo punto, fecha y especie en varios catalogos",decimalLatitude | eventDate | scientificName,Rineloricaria | 2008-05-23,informativa,INABIO
2214,678636,registro,"mismo punto, fecha y especie en varios catalogos",decimalLatitude | eventDate | scientificName,Astroblepus | 2008-05-22,informativa,INABIO
2216,678638,registro,"mismo punto, fecha y especie en varios catalogos",decimalLatitude | eventDate | scientificName,Chaetostoma | 2008-05-22,informativa,INABIO
2219,678641,registro,"mismo punto, fecha y especie en varios catalogos",decimalLatitude | eventDate | scientificName,Astroblepus | 2008-05-22,informativa,INABIO
222,678642,registro,"mismo punto, fecha y especie en varios catalogos",decimalLatitude | eventDate | scientificName,Crenicichla saxatilis | 2001-06-03,informativa,INABIO
2224,678647,registro,"mismo punto, fecha y especie en varios catalogos",decimalLatitude | eventDate | scientificName,Hyphessobrycon | 2008-05-19,informativa,INABIO
2226,678649,registro,"mismo punto, fecha y especie en varios catalogos",decimalLatitude | eventDate | scientificName,Hyphessobrycon | 2008-05-19,informativa,INABIO
2254,678680,registro,"mismo punto, fecha y especie en varios catalogos",decimalLatitude | eventDate | scientificName,Rineloricaria | 2008-05-23,informativa,INABIO
2260,678687,registro,"mismo punto, fecha y especie en varios catalogos",decimalLatitude | eventDate | scientificName,Pimelodella | 2008-05-22,informativa,INABIO
2261,678688,registro,"mismo punto, fecha y especie en varios catalogos",decimalLatitude | eventDate | scientificName,Chaetostoma | 2008-05-22,informativa,INABIO
2262,678689,registro,"mismo punto, fecha y especie en varios catalogos",decimalLatitude | eventDate | scientificName,Chaetostoma | 2008-05-22,informativa,INABIO
2264,678691,registro,"mismo punto, fecha y especie en varios catalogos",decimalLatitude | eventDate | scientificName,Bryconamericus | 2008-05-22,informativa,INABIO
2265,678692,registro,"mismo punto, fecha y especie en varios catalogos",decimalLatitude | eventDate | scientificName,Bryconamericus | 2008-05-22,informativa,INABIO
2267,678694,registro,"mismo punto, fecha y especie en varios catalogos",decimalLatitude | eventDate | scientificName,Pimelodella | 2008-05-22,informativa,INABIO
2269,678696,registro,"mismo punto, fecha y especie en varios catalogos",decimalLatitude | eventDate | scientificName,Astyanax | 2008-05-19,informativa,INABIO
2271,678699,registro,"mismo punto, fecha y especie en varios catalogos",decimalLatitude | eventDate | scientificName,Astyanax | 2008-05-19,informativa,INABIO
2272,678700,registro,"mismo punto, fecha y especie en varios catalogos",decimalLatitude | eventDate | scientificName,Astyanax | 2008-05-19,informativa,INABIO
2307,678739,registro,"mismo punto, fecha y especie en varios catalogos",decimalLatitude | eventDate | scientificName,Achirus mazatlanus | 2013-02-25,informativa,INABIO
2328,678762,registro,"mismo punto, fecha y especie en varios catalogos",decimalLatitude | eventDate | scientificName,Lebiasina elongata | 2011-10-05,informativa,INABIO
2332,678767,registro,"mismo punto, fecha y especie en varios catalogos",decimalLatitude | eventDate | scientificName,Lebiasina elongata | 2011-10-05,informativa,INABIO
2383,678823,registro,"mismo punto, fecha y especie en varios catalogos",decimalLatitude | eventDate | scientificName,Serrasalmus rhombeus | 2011-09-01,informativa,INABIO
2387,678827,registro,"mismo punto, fecha y especie en varios catalogos",decimalLatitude | eventDate | scientificName,Pygocentrus nattereri | 2011-09-01,informativa,INABIO
2391,678832,registro,"mismo punto, fecha y especie en varios catalogos",decimalLatitude | eventDate | scientificName,Serrasalmus rhombeus | 2011-09-01,informativa,INABIO
2400,678843,registro,"mismo punto, fecha y especie en varios catalogos",decimalLatitude | eventDate | scientificName,Pygocentrus nattereri | 2011-09-01,informativa,INABIO
2405,678848,registro,"mismo punto, fecha y especie en varios catalogos",decimalLatitude | eventDate | scientificName,Achirus mazatlanus | 2013-02-25,informativa,INABIO
2417,678861,registro,"mismo punto, fecha y especie en varios catalogos",decimalLatitude | eventDate | scientificName,Polydactylus approximans | 2011-10-21,informativa,INABIO
2426,678871,registro,"mismo punto, fecha y especie en varios catalogos",decimalLatitude | eventDate | scientificName,Epinephelus acanthistius | 2011-10-21,informativa,INABIO
2427,678872,registro,"mismo punto, fecha y especie en varios catalogos",decimalLatitude | eventDate | scientificName,Epinephelus acanthistius | 2011-10-21,informativa,INABIO
2439,678885,registro,"mismo punto, fecha y especie en varios catalogos",decimalLatitude | eventDate | scientificName,Opisthonema libertate | 2011-10-21,informativa,INABIO
2440,678887,registro,"mismo punto, fecha y especie en varios catalogos",decimalLatitude | eventDate | scientificName,Selene peruviana | 2011-10-21,informativa,INABIO
2448,678895,registro,"mismo punto, fecha y especie en varios catalogos",decimalLatitude | eventDate | scientificName,Polydactylus approximans | 2011-10-21,informativa,INABIO
2460,678909,registro,"mismo punto, fecha y especie en varios catalogos",decimalLatitude | eventDate | scientificName,Opisthonema libertate | 2011-10-21,informativa,INABIO
2461,678910,registro,"mismo punto, fecha y especie en varios catalogos",decimalLatitude | eventDate | scientificName,Selene peruviana | 2011-10-21,informativa,INABIO
2480,678931,registro,"mismo punto, fecha y especie en varios catalogos",decimalLatitude | eventDate | scientificName,Moenkhausia oligolepis | 2011-06-18,informativa,INABIO
2481,678932,registro,"mismo punto, fecha y especie en varios catalogos",decimalLatitude | eventDate | scientificName,Moenkhausia oligolepis | 2011-06-18,informativa,INABIO
2482,678933,registro,"mismo punto, fecha y especie en varios catalogos",decimalLatitude | eventDate | scientificName,Moenkhausia oligolepis | 2011-06-18,informativa,INABIO
2525,678981,registro,"mismo punto, fecha y especie en varios catalogos",decimalLatitude | eventDate | scientificName,Ancistrus malacops | 2011-11-30,informativa,INABIO
2526,678982,registro,"mismo punto, fecha y especie en varios catalogos",decimalLatitude | eventDate | scientificName,Ancistrus malacops | 2011-11-30,informativa,INABIO
2534,678991,registro,"mismo punto, fecha y especie en varios catalogos",decimalLatitude | eventDate | scientificName,Moenkhausia comma | 2007-10-11,informativa,INABIO
2535,678992,registro,"mismo punto, fecha y especie en varios catalogos",decimalLatitude | eventDate | scientificName,Moenkhausia oligolepis | 2007-10-11,informativa,INABIO
2635,679126,registro,"mismo punto, fecha y especie en varios catalogos",decimalLatitude | eventDate | scientificName,Andinoacara rivulatus | 2013-07-28,informativa,INABIO
2638,679129,registro,"mismo punto, fecha y especie en varios catalogos",decimalLatitude | eventDate | scientificName,Chaetostoma aequinoctiale | 2013-07-30,informativa,INABIO
2646,679138,registro,"mismo punto, fecha y especie en varios catalogos",decimalLatitude | eventDate | scientificName,Saccodon wagneri | 2013-07-29,informativa,INABIO
2651,679144,registro,"mismo punto, fecha y especie en varios catalogos",decimalLatitude | eventDate | scientificName,Astroblepus | 2013-07-29,informativa,INABIO
2652,679145,registro,"mismo punto, fecha y especie en varios catalogos",decimalLatitude | eventDate | scientificName,Saccodon wagneri | 2013-07-29,informativa,INABIO
2661,679155,registro,"mismo punto, fecha y especie en varios catalogos",decimalLatitude | eventDate | scientificName,Andinoacara rivulatus | 2013-07-28,informativa,INABIO
2663,679157,registro,"mismo punto, fecha y especie en varios catalogos",decimalLatitude | eventDate | scientificName,Saccodon wagneri | 2013-07-28,informativa,INABIO
2670,679165,registro,"mismo punto, fecha y especie en varios catalogos",decimalLatitude | eventDate | scientificName,Astroblepus | 2013-07-29,informativa,INABIO
2671,679166,registro,"mismo punto, fecha y especie en varios catalogos",decimalLatitude | eventDate | scientificName,Chaetostoma aequinoctiale | 2013-07-30,informativa,INABIO
2672,679167,registro,"mismo punto, fecha y especie en varios catalogos",decimalLatitude | eventDate | scientificName,Saccodon wagneri | 2013-07-28,informativa,INABIO
2741,679244,registro,"mismo punto, fecha y especie en varios catalogos",decimalLatitude | eventDate | scientificName,Moenkhausia comma | 2013-12-06,informativa,INABIO
2765,679270,registro,"mismo punto, fecha y especie en varios catalogos",decimalLatitude | eventDate | scientificName,Moenkhausia comma | 2013-12-06,informativa,INABIO
282,679331,registro,"mismo punto, fecha y especie en varios catalogos",decimalLatitude | eventDate | scientificName,Crenicichla saxatilis | 2002-12-18,informativa,INABIO
286,679375,registro,"mismo punto, fecha y especie en varios catalogos",decimalLatitude | eventDate | scientificName,Crenicichla saxatilis | 2002-12-18,informativa,INABIO
2872,679389,registro,"mismo punto, fecha y especie en varios catalogos",decimalLatitude | eventDate | scientificName,Bryconamericus dahli | 2014-07-27,informativa,INABIO
2875,679392,registro,"mismo punto, fecha y especie en varios catalogos",decimalLatitude | eventDate | scientificName,Bryconamericus dahli | 2014-07-27,informativa,INABIO
2897,679416,registro,"mismo punto, fecha y especie en varios catalogos",decimalLatitude | eventDate | scientificName,Sicydium | 2014-07-20,informativa,INABIO
2898,679417,registro,"mismo punto, fecha y especie en varios catalogos",decimalLatitude | eventDate | scientificName,Sicydium | 2014-07-20,informativa,INABIO
296,679486,registro,"mismo punto, fecha y especie en varios catalogos",decimalLatitude | eventDate | scientificName,Moenkhausia | 2005-05-07,informativa,INABIO
297,679497,registro,"mismo punto, fecha y especie en varios catalogos",decimalLatitude | eventDate | scientificName,Moenkhausia oligolepis | 2005-05-07,informativa,INABIO
2986,679515,registro,"mismo punto, fecha y especie en varios catalogos",decimalLatitude | eventDate | scientificName,Satanoperca jurupari | 2007-10-07,informativa,INABIO
300,679532,registro,"mismo punto, fecha y especie en varios catalogos",decimalLatitude | eventDate | scientificName,Moenkhausia oligolepis | 2005-05-07,informativa,INABIO
3008,679541,registro,"mismo punto, fecha y especie en varios catalogos",decimalLatitude | eventDate | scientificName,Satanoperca jurupari | 2007-10-07,informativa,INABIO
301,679543,registro,"mismo punto, fecha y especie en varios catalogos",decimalLatitude | eventDate | scientificName,Moenkhausia | 2005-05-07,informativa,INABIO
302,679554,registro,"mismo punto, fecha y especie en varios catalogos",decimalLatitude | eventDate | scientificName,Moenkhausia comma | 2005-05-07,informativa,INABIO
3032,679568,registro,"mismo punto, fecha y especie en varios catalogos",decimalLatitude | eventDate | scientificName,Moenkhausia oligolepis | 2007-10-06,informativa,INABIO
3038,679574,registro,"mismo punto, fecha y especie en varios catalogos",decimalLatitude | eventDate | scientificName,Hoplias malabaricus | 2007-10-06,informativa,INABIO
304,679576,registro,"mismo punto, fecha y especie en varios catalogos",decimalLatitude | eventDate | scientificName,Moenkhausia comma | 2005-05-07,informativa,INABIO
3043,679580,registro,"mismo punto, fecha y especie en varios catalogos",decimalLatitude | eventDate | scientificName,Apistogramma aguarico | 2007-10-06,informativa,INABIO
3045,679582,registro,"mismo punto, fecha y especie en varios catalogos",decimalLatitude | eventDate | scientificName,Apistogramma aguarico | 2007-10-06,informativa,INABIO
3048,679585,registro,"mismo punto, fecha y especie en varios catalogos",decimalLatitude | eventDate | scientificName,Hoplias malabaricus | 2007-10-06,informativa,INABIO
3055,679593,registro,"mismo punto, fecha y especie en varios catalogos",decimalLatitude | eventDate | scientificName,Moenkhausia oligolepis | 2007-10-06,informativa,INABIO
306,679598,registro,"mismo punto, fecha y especie en varios catalogos",decimalLatitude | eventDate | scientificName,Moenkhausia | 2005-05-07,informativa,INABIO
3066,679605,registro,"mismo punto, fecha y especie en varios catalogos",decimalLatitude | eventDate | scientificName,Moenkhausia comma | 2007-10-11,informativa,INABIO
3067,679606,registro,"mismo punto, fecha y especie en varios catalogos",decimalLatitude | eventDate | scientificName,Moenkhausia oligolepis | 2007-10-11,informativa,INABIO
3082,679623,registro,"mismo punto, fecha y especie en varios catalogos",decimalLatitude | eventDate | scientificName,Bujurquina | 2010-06-13,informativa,INABIO
3084,679625,registro,"mismo punto, fecha y especie en varios catalogos",decimalLatitude | eventDate | scientificName,Moenkhausia comma | 2010-06-13,informativa,INABIO
3085,679626,registro,"mismo punto, fecha y especie en varios catalogos",decimalLatitude | eventDate | scientificName,Moenkhausia comma | 2010-06-13,informativa,INABIO
3092,679634,registro,"mismo punto, fecha y especie en varios catalogos",decimalLatitude | eventDate | scientificName,Moenkhausia comma | 2010-06-13,informativa,INABIO
3094,679636,registro,"mismo punto, fecha y especie en varios catalogos",decimalLatitude | eventDate | scientificName,Bujurquina | 2010-06-13,informativa,INABIO
3097,679639,registro,"mismo punto, fecha y especie en varios catalogos",decimalLatitude | eventDate | scientificName,Astroblepus | 2010-06-13,informativa,INABIO
3098,679640,registro,"mismo punto, fecha y especie en varios catalogos",decimalLatitude | eventDate | scientificName,Astroblepus | 2010-06-13,informativa,INABIO
310,679643,registro,"mismo punto, fecha y especie en varios catalogos",decimalLatitude | eventDate | scientificName,Otocinclus huaorani | 2005-05-09,informativa,INABIO
3108,679652,registro,"mismo punto, fecha y especie en varios catalogos",decimalLatitude | eventDate | scientificName,Astroblepus | 2015-06-29,informativa,INABIO
3109,679653,registro,"mismo punto, fecha y especie en varios catalogos",decimalLatitude | eventDate | scientificName,Astroblepus | 2015-06-29,informativa,INABIO
311,679654,registro,"mismo punto, fecha y especie en varios catalogos",decimalLatitude | eventDate | scientificName,Otocinclus huaorani | 2005-05-09,informativa,INABIO
3110,679655,registro,"mismo punto, fecha y especie en varios catalogos",decimalLatitude | eventDate | scientificName,Astroblepus | 2015-06-29,informativa,INABIO
3111,679656,registro,"mismo punto, fecha y especie en varios catalogos",decimalLatitude | eventDate | scientificName,Astroblepus | 2015-06-29,informativa,INABIO
3112,679657,registro,"mismo punto, fecha y especie en varios catalogos",decimalLatitude | eventDate | scientificName,Astroblepus | 2015-06-29,informativa,INABIO
3121,679667,registro,"mismo punto, fecha y especie en varios catalogos",decimalLatitude | eventDate | scientificName,Astroblepus trifasciatus | 2016-02-02,informativa,INABIO
3122,679668,registro,"mismo punto, fecha y especie en varios catalogos",decimalLatitude | eventDate | scientificName,Astroblepus trifasciatus | 2016-02-02,informativa,INABIO
3123,679669,registro,"mismo punto, fecha y especie en varios catalogos",decimalLatitude | eventDate | scientificName,Astroblepus trifasciatus | 2016-02-02,informativa,INABIO
3124,679670,registro,"mismo punto, fecha y especie en varios catalogos",decimalLatitude | eventDate | scientificName,Astroblepus | 2016-02-02,informativa,INABIO
3125,679671,registro,"mismo punto, fecha y especie en varios catalogos",decimalLatitude | eventDate | scientificName,Creagrutus muelleri | 2016-02-02,informativa,INABIO
3126,679672,registro,"mismo punto, fecha y especie en varios catalogos",decimalLatitude | eventDate | scientificName,Creagrutus muelleri | 2016-02-02,informativa,INABIO
3127,679673,registro,"mismo punto, fecha y especie en varios catalogos",decimalLatitude | eventDate | scientificName,Lipopterichthys carrioni | 2016-02-02,informativa,INABIO
3129,679675,registro,"mismo punto, fecha y especie en varios catalogos",decimalLatitude | eventDate | scientificName,Lipopterichthys carrioni | 2016-02-02,informativa,INABIO
3130,679677,registro,"mismo punto, fecha y especie en varios catalogos",decimalLatitude | eventDate | scientificName,Astroblepus trifasciatus | 2016-02-02,informativa,INABIO
3131,679678,registro,"mismo punto, fecha y especie en varios catalogos",decimalLatitude | eventDate | scientificName,Astroblepus trifasciatus | 2016-02-02,informativa,INABIO
3132,679679,registro,"mismo punto, fecha y especie en varios catalogos",decimalLatitude | eventDate | scientificName,Astroblepus trifasciatus | 2016-02-02,informativa,INABIO
3133,679680,registro,"mismo punto, fecha y especie en varios catalogos",decimalLatitude | eventDate | scientificName,Astroblepus trifasciatus | 2016-02-02,informativa,INABIO
3134,679681,registro,"mismo punto, fecha y especie en varios catalogos",decimalLatitude | eventDate | scientificName,Astroblepus trifasciatus | 2016-02-02,informativa,INABIO
3135,679682,registro,"mismo punto, fecha y especie en varios catalogos",decimalLatitude | eventDate | scientificName,Astroblepus trifasciatus | 2016-02-02,informativa,INABIO
3136,679683,registro,"mismo punto, fecha y especie en varios catalogos",decimalLatitude | eventDate | scientificName,Astroblepus trifasciatus | 2016-02-02,informativa,INABIO
3137,679684,registro,"mismo punto, fecha y especie en varios catalogos",decimalLatitude | eventDate | scientificName,Astroblepus | 2016-02-02,informativa,INABIO
3138,679685,registro,"mismo punto, fecha y especie en varios catalogos",decimalLatitude | eventDate | scientificName,Astroblepus | 2016-02-02,informativa,INABIO
3139,679686,registro,"mismo punto, fecha y especie en varios catalogos",decimalLatitude | eventDate | scientificName,Astroblepus | 2016-02-02,informativa,INABIO
3140,679688,registro,"mismo punto, fecha y especie en varios catalogos",decimalLatitude | eventDate | scientificName,Astroblepus | 2016-02-02,informativa,INABIO
3141,679689,registro,"mismo punto, fecha y especie en varios catalogos",decimalLatitude | eventDate | scientificName,Astroblepus | 2016-02-02,informativa,INABIO
3142,679690,registro,"mismo punto, fecha y especie en varios catalogos",decimalLatitude | eventDate | scientificName,Astroblepus trifasciatus | 2016-02-03,informativa,INABIO
3143,679691,registro,"mismo punto, fecha y especie en varios catalogos",decimalLatitude | eventDate | scientificName,Astroblepus trifasciatus | 2016-02-03,informativa,INABIO
3148,679696,registro,"mismo punto, fecha y especie en varios catalogos",decimalLatitude | eventDate | scientificName,Astroblepus trifasciatus | 2016-02-02,informativa,INABIO
3149,679697,registro,"mismo punto, fecha y especie en varios catalogos",decimalLatitude | eventDate | scientificName,Astroblepus trifasciatus | 2016-02-02,informativa,INABIO
3150,679699,registro,"mismo punto, fecha y especie en varios catalogos",decimalLatitude | eventDate | scientificName,Astroblepus trifasciatus | 2016-02-02,informativa,INABIO
3152,679701,registro,"mismo punto, fecha y especie en varios catalogos",decimalLatitude | eventDate | scientificName,Astroblepus chotae | 2016-02-01,informativa,INABIO
3153,679702,registro,"mismo punto, fecha y especie en varios catalogos",decimalLatitude | eventDate | scientificName,Astroblepus chotae | 2016-02-01,informativa,INABIO
3155,679704,registro,"mismo punto, fecha y especie en varios catalogos",decimalLatitude | eventDate | scientificName,Creagrutus muelleri | 2016-02-01,informativa,INABIO
3156,679705,registro,"mismo punto, fecha y especie en varios catalogos",decimalLatitude | eventDate | scientificName,Creagrutus muelleri | 2016-02-01,informativa,INABIO
3157,679706,registro,"mismo punto, fecha y especie en varios catalogos",decimalLatitude | eventDate | scientificName,Creagrutus muelleri | 2016-02-01,informativa,INABIO
3158,679707,registro,"mismo punto, fecha y especie en varios catalogos",decimalLatitude | eventDate | scientificName,Creagrutus muelleri | 2016-02-01,informativa,INABIO
3159,679708,registro,"mismo punto, fecha y especie en varios catalogos",decimalLatitude | eventDate | scientificName,Creagrutus muelleri | 2016-02-01,informativa,INABIO
3160,679710,registro,"mismo punto, fecha y especie en varios catalogos",decimalLatitude | eventDate | scientificName,Creagrutus muelleri | 2016-02-01,informativa,INABIO
3161,679711,registro,"mismo punto, fecha y especie en varios catalogos",decimalLatitude | eventDate | scientificName,Creagrutus | 2016-02-01,informativa,INABIO
3162,679712,registro,"mismo punto, fecha y especie en varios catalogos",decimalLatitude | eventDate | scientificName,Creagrutus muelleri | 2016-02-01,informativa,INABIO
3163,679713,registro,"mismo punto, fecha y especie en varios catalogos",decimalLatitude | eventDate | scientificName,Creagrutus muelleri | 2016-02-01,informativa,INABIO
3164,679714,registro,"mismo punto, fecha y especie en varios catalogos",decimalLatitude | eventDate | scientificName,Creagrutus muelleri | 2016-02-01,informativa,INABIO
3165,679715,registro,"mismo punto, fecha y especie en varios catalogos",decimalLatitude | eventDate | scientificName,Creagrutus muelleri | 2016-02-01,informativa,INABIO
3166,679716,registro,"mismo punto, fecha y especie en varios catalogos",decimalLatitude | eventDate | scientificName,Creagrutus muelleri | 2016-02-01,informativa,INABIO
3167,679717,registro,"mismo punto, fecha y especie en varios catalogos",decimalLatitude | eventDate | scientificName,Creagrutus muelleri | 2016-02-01,informativa,INABIO
3168,679718,registro,"mismo punto, fecha y especie en varios catalogos",decimalLatitude | eventDate | scientificName,Creagrutus muelleri | 2016-02-01,informativa,INABIO
3169,679719,registro,"mismo punto, fecha y especie en varios catalogos",decimalLatitude | eventDate | scientificName,Creagrutus muelleri | 2016-02-01,informativa,INABIO
317,679720,registro,"mismo punto, fecha y especie en varios catalogos",decimalLatitude | eventDate | scientificName,Ageneiosus | 2005-05-11,informativa,INABIO
3170,679721,registro,"mismo punto, fecha y especie en varios catalogos",decimalLatitude | eventDate | scientificName,Astroblepus trifasciatus | 2016-02-01,informativa,INABIO
3171,679722,registro,"mismo punto, fecha y especie en varios catalogos",decimalLatitude | eventDate | scientificName,Creagrutus muelleri | 2016-02-01,informativa,INABIO
3172,679723,registro,"mismo punto, fecha y especie en varios catalogos",decimalLatitude | eventDate | scientificName,Creagrutus muelleri | 2016-02-01,informativa,INABIO
3173,679724,registro,"mismo punto, fecha y especie en varios catalogos",decimalLatitude | eventDate | scientificName,Creagrutus muelleri | 2016-02-01,informativa,INABIO
3174,679725,registro,"mismo punto, fecha y especie en varios catalogos",decimalLatitude | eventDate | scientificName,Creagrutus muelleri | 2016-02-01,informativa,INABIO
3175,679726,registro,"mismo punto, fecha y especie en varios catalogos",decimalLatitude | eventDate | scientificName,Creagrutus muelleri | 2016-02-01,informativa,INABIO
3176,679727,registro,"mismo punto, fecha y especie en varios catalogos",decimalLatitude | eventDate | scientificName,Creagrutus muelleri | 2016-02-01,informativa,INABIO
3177,679728,registro,"mismo punto, fecha y especie en varios catalogos",decimalLatitude | eventDate | scientificName,Creagrutus muelleri | 2016-02-01,informativa,INABIO
3178,679729,registro,"mismo punto, fecha y especie en varios catalogos",decimalLatitude | eventDate | scientificName,Creagrutus muelleri | 2016-02-01,informativa,INABIO
3179,679730,registro,"mismo punto, fecha y especie en varios catalogos",decimalLatitude | eventDate | scientificName,Creagrutus muelleri | 2016-02-01,informativa,INABIO
318,679731,registro,"mismo punto, fecha y especie en varios catalogos",decimalLatitude | eventDate | scientificName,Ageneiosus | 2005-05-11,informativa,INABIO
3180,679732,registro,"mismo punto, fecha y especie en varios catalogos",decimalLatitude | eventDate | scientificName,Creagrutus muelleri | 2016-02-01,informativa,INABIO
3181,679733,registro,"mismo punto, fecha y especie en varios catalogos",decimalLatitude | eventDate | scientificName,Creagrutus muelleri | 2016-02-01,informativa,INABIO
3182,679734,registro,"mismo punto, fecha y especie en varios catalogos",decimalLatitude | eventDate | scientificName,Creagrutus | 2016-02-01,informativa,INABIO
3183,679735,registro,"mismo punto, fecha y especie en varios catalogos",decimalLatitude | eventDate | scientificName,Creagrutus muelleri | 2016-02-01,informativa,INABIO
3184,679736,registro,"mismo punto, fecha y especie en varios catalogos",decimalLatitude | eventDate | scientificName,Creagrutus muelleri | 2016-02-01,informativa,INABIO
3185,679737,registro,"mismo punto, fecha y especie en varios catalogos",decimalLatitude | eventDate | scientificName,Creagrutus muelleri | 2016-02-01,informativa,INABIO
3186,679738,registro,"mismo punto, fecha y especie en varios catalogos",decimalLatitude | eventDate | scientificName,Creagrutus muelleri | 2016-02-01,informativa,INABIO
3187,679739,registro,"mismo punto, fecha y especie en varios catalogos",decimalLatitude | eventDate | scientificName,Creagrutus muelleri | 2016-02-01,informativa,INABIO
3188,679740,registro,"mismo punto, fecha y especie en varios catalogos",decimalLatitude | eventDate | scientificName,Creagrutus muelleri | 2016-02-01,informativa,INABIO
3189,679741,registro,"mismo punto, fecha y especie en varios catalogos",decimalLatitude | eventDate | scientificName,Hemibrycon jabonero | 2016-02-01,informativa,INABIO
3190,679743,registro,"mismo punto, fecha y especie en varios catalogos",decimalLatitude | eventDate | scientificName,Hemibrycon jabonero | 2016-02-01,informativa,INABIO
3191,679744,registro,"mismo punto, fecha y especie en varios catalogos",decimalLatitude | eventDate | scientificName,Creagrutus muelleri | 2016-02-01,informativa,INABIO
3192,679745,registro,"mismo punto, fecha y especie en varios catalogos",decimalLatitude | eventDate | scientificName,Creagrutus muelleri | 2016-02-01,informativa,INABIO
3193,679746,registro,"mismo punto, fecha y especie en varios catalogos",decimalLatitude | eventDate | scientificName,Creagrutus muelleri | 2016-02-01,informativa,INABIO
3194,679747,registro,"mismo punto, fecha y especie en varios catalogos",decimalLatitude | eventDate | scientificName,Creagrutus muelleri | 2016-02-01,informativa,INABIO
3195,679748,registro,"mismo punto, fecha y especie en varios catalogos",decimalLatitude | eventDate | scientificName,Astroblepus trifasciatus | 2016-02-01,informativa,INABIO
3196,679749,registro,"mismo punto, fecha y especie en varios catalogos",decimalLatitude | eventDate | scientificName,Astroblepus trifasciatus | 2016-02-01,informativa,INABIO
3197,679750,registro,"mismo punto, fecha y especie en varios catalogos",decimalLatitude | eventDate | scientificName,Astroblepus trifasciatus | 2016-02-01,informativa,INABIO
3198,679751,registro,"mismo punto, fecha y especie en varios catalogos",decimalLatitude | eventDate | scientificName,Astroblepus trifasciatus | 2016-02-01,informativa,INABIO
3199,679752,registro,"mismo punto, fecha y especie en varios catalogos",decimalLatitude | eventDate | scientificName,Astroblepus trifasciatus | 2016-02-01,informativa,INABIO
3200,679755,registro,"mismo punto, fecha y especie en varios catalogos",decimalLatitude | eventDate | scientificName,Astroblepus trifasciatus | 2016-02-01,informativa,INABIO
3201,679756,registro,"mismo punto, fecha y especie en varios catalogos",decimalLatitude | eventDate | scientificName,Astroblepus trifasciatus | 2016-02-01,informativa,INABIO
3202,679757,registro,"mismo punto, fecha y especie en varios catalogos",decimalLatitude | eventDate | scientificName,Astroblepus trifasciatus | 2016-02-01,informativa,INABIO
3203,679758,registro,"mismo punto, fecha y especie en varios catalogos",decimalLatitude | eventDate | scientificName,Astroblepus trifasciatus | 2016-02-01,informativa,INABIO
3204,679759,registro,"mismo punto, fecha y especie en varios catalogos",decimalLatitude | eventDate | scientificName,Astroblepus trifasciatus | 2016-02-01,informativa,INABIO
3206,679761,registro,"mismo punto, fecha y especie en varios catalogos",decimalLatitude | eventDate | scientificName,Lipopterichthys carrioni | 2016-02-01,informativa,INABIO
3207,679762,registro,"mismo punto, fecha y especie en varios catalogos",decimalLatitude | eventDate | scientificName,Lipopterichthys carrioni | 2016-02-01,informativa,INABIO
3208,679763,registro,"mismo punto, fecha y especie en varios catalogos",decimalLatitude | eventDate | scientificName,Lipopterichthys carrioni | 2016-02-01,informativa,INABIO
3209,679764,registro,"mismo punto, fecha y especie en varios catalogos",decimalLatitude | eventDate | scientificName,Lipopterichthys carrioni | 2016-02-01,informativa,INABIO
3210,679766,registro,"mismo punto, fecha y especie en varios catalogos",decimalLatitude | eventDate | scientificName,Brycon coxeyi | 2016-02-01,informativa,INABIO
3211,679767,registro,"mismo punto, fecha y especie en varios catalogos",decimalLatitude | eventDate | scientificName,Brycon coxeyi | 2016-02-01,informativa,INABIO
3212,679768,registro,"mismo punto, fecha y especie en varios catalogos",decimalLatitude | eventDate | scientificName,Andeancistrus platycephalus | 2016-02-01,informativa,INABIO
3213,679769,registro,"mismo punto, fecha y especie en varios catalogos",decimalLatitude | eventDate | scientificName,Brycon coxeyi | 2016-02-01,informativa,INABIO
3214,679770,registro,"mismo punto, fecha y especie en varios catalogos",decimalLatitude | eventDate | scientificName,Andeancistrus platycephalus | 2016-02-01,informativa,INABIO
3216,679772,registro,"mismo punto, fecha y especie en varios catalogos",decimalLatitude | eventDate | scientificName,Andeancistrus platycephalus | 2016-02-01,informativa,INABIO
3218,679774,registro,"mismo punto, fecha y especie en varios catalogos",decimalLatitude | eventDate | scientificName,Creagrutus muelleri | 2016-01-31,informativa,INABIO
3219,679775,registro,"mismo punto, fecha y especie en varios catalogos",decimalLatitude | eventDate | scientificName,Creagrutus muelleri | 2016-01-31,informativa,INABIO
3221,679778,registro,"mismo punto, fecha y especie en varios catalogos",decimalLatitude | eventDate | scientificName,Creagrutus muelleri | 2016-01-31,informativa,INABIO
3222,679779,registro,"mismo punto, fecha y especie en varios catalogos",decimalLatitude | eventDate | scientificName,Astroblepus trifasciatus | 2016-01-31,informativa,INABIO
3223,679780,registro,"mismo punto, fecha y especie en varios catalogos",decimalLatitude | eventDate | scientificName,Astroblepus trifasciatus | 2016-01-31,informativa,INABIO
3224,679781,registro,"mismo punto, fecha y especie en varios catalogos",decimalLatitude | eventDate | scientificName,Astroblepus trifasciatus | 2016-01-31,informativa,INABIO
3225,679782,registro,"mismo punto, fecha y especie en varios catalogos",decimalLatitude | eventDate | scientificName,Astroblepus trifasciatus | 2016-01-31,informativa,INABIO
3226,679783,registro,"mismo punto, fecha y especie en varios catalogos",decimalLatitude | eventDate | scientificName,Astroblepus trifasciatus | 2016-01-31,informativa,INABIO
3227,679784,registro,"mismo punto, fecha y especie en varios catalogos",decimalLatitude | eventDate | scientificName,Astroblepus trifasciatus | 2016-01-31,informativa,INABIO
3228,679785,registro,"mismo punto, fecha y especie en varios catalogos",decimalLatitude | eventDate | scientificName,Astroblepus trifasciatus | 2016-01-31,informativa,INABIO
3229,679786,registro,"mismo punto, fecha y especie en varios catalogos",decimalLatitude | eventDate | scientificName,Astroblepus trifasciatus | 2016-01-31,informativa,INABIO
3230,679788,registro,"mismo punto, fecha y especie en varios catalogos",decimalLatitude | eventDate | scientificName,Astroblepus | 2016-01-31,informativa,INABIO
3231,679789,registro,"mismo punto, fecha y especie en varios catalogos",decimalLatitude | eventDate | scientificName,Astroblepus | 2016-01-31,informativa,INABIO
3232,679790,registro,"mismo punto, fecha y especie en varios catalogos",decimalLatitude | eventDate | scientificName,Astroblepus | 2016-01-31,informativa,INABIO
3233,679791,registro,"mismo punto, fecha y especie en varios catalogos",decimalLatitude | eventDate | scientificName,Astroblepus | 2016-01-31,informativa,INABIO
3234,679792,registro,"mismo punto, fecha y especie en varios catalogos",decimalLatitude | eventDate | scientificName,Astroblepus | 2016-01-31,informativa,INABIO
3235,679793,registro,"mismo punto, fecha y especie en varios catalogos",decimalLatitude | eventDate | scientificName,Astroblepus | 2016-01-31,informativa,INABIO
3236,679794,registro,"mismo punto, fecha y especie en varios catalogos",decimalLatitude | eventDate | scientificName,Astroblepus | 2016-01-31,informativa,INABIO
3237,679795,registro,"mismo punto, fecha y especie en varios catalogos",decimalLatitude | eventDate | scientificName,Astroblepus | 2016-01-31,informativa,INABIO
3238,679796,registro,"mismo punto, fecha y especie en varios catalogos",decimalLatitude | eventDate | scientificName,Astroblepus | 2016-01-31,informativa,INABIO
3239,679797,registro,"mismo punto, fecha y especie en varios catalogos",decimalLatitude | eventDate | scientificName,Astroblepus | 2016-01-31,informativa,INABIO
3240,679799,registro,"mismo punto, fecha y especie en varios catalogos",decimalLatitude | eventDate | scientificName,Astroblepus | 2016-01-31,informativa,INABIO
3241,679800,registro,"mismo punto, fecha y especie en varios catalogos",decimalLatitude | eventDate | scientificName,Astroblepus | 2016-01-31,informativa,INABIO
3242,679801,registro,"mismo punto, fecha y especie en varios catalogos",decimalLatitude | eventDate | scientificName,Astroblepus | 2016-01-31,informativa,INABIO
3243,679802,registro,"mismo punto, fecha y especie en varios catalogos",decimalLatitude | eventDate | scientificName,Astroblepus chotae | 2016-01-31,informativa,INABIO
3244,679803,registro,"mismo punto, fecha y especie en varios catalogos",decimalLatitude | eventDate | scientificName,Astroblepus chotae | 2016-01-31,informativa,INABIO
3245,679804,registro,"mismo punto, fecha y especie en varios catalogos",decimalLatitude | eventDate | scientificName,Astroblepus | 2016-01-31,informativa,INABIO
3246,679805,registro,"mismo punto, fecha y especie en varios catalogos",decimalLatitude | eventDate | scientificName,Astroblepus | 2016-01-31,informativa,INABIO
3247,679806,registro,"mismo punto, fecha y especie en varios catalogos",decimalLatitude | eventDate | scientificName,Astroblepus | 2016-01-31,informativa,INABIO
3248,679807,registro,"mismo punto, fecha y especie en varios catalogos",decimalLatitude | eventDate | scientificName,Astroblepus | 2016-01-31,informativa,INABIO
3249,679808,registro,"mismo punto, fecha y especie en varios catalogos",decimalLatitude | eventDate | scientificName,Astroblepus | 2016-01-31,informativa,INABIO
3250,679810,registro,"mismo punto, fecha y especie en varios catalogos",decimalLatitude | eventDate | scientificName,Astroblepus trifasciatus | 2016-01-31,informativa,INABIO
3251,679811,registro,"mismo punto, fecha y especie en varios catalogos",decimalLatitude | eventDate | scientificName,Astroblepus trifasciatus | 2016-01-31,informativa,INABIO
3252,679812,registro,"mismo punto, fecha y especie en varios catalogos",decimalLatitude | eventDate | scientificName,Astroblepus trifasciatus | 2016-01-31,informativa,INABIO
3253,679813,registro,"mismo punto, fecha y especie en varios catalogos",decimalLatitude | eventDate | scientificName,Astroblepus trifasciatus | 2016-01-31,informativa,INABIO
3254,679814,registro,"mismo punto, fecha y especie en varios catalogos",decimalLatitude | eventDate | scientificName,Astroblepus trifasciatus | 2016-01-31,informativa,INABIO
3255,679815,registro,"mismo punto, fecha y especie en varios catalogos",decimalLatitude | eventDate | scientificName,Astroblepus trifasciatus | 2016-01-31,informativa,INABIO
3256,679816,registro,"mismo punto, fecha y especie en varios catalogos",decimalLatitude | eventDate | scientificName,Astroblepus trifasciatus | 2016-01-31,informativa,INABIO
3257,679817,registro,"mismo punto, fecha y especie en varios catalogos",decimalLatitude | eventDate | scientificName,Astroblepus trifasciatus | 2016-01-31,informativa,INABIO
3258,679818,registro,"mismo punto, fecha y especie en varios catalogos",decimalLatitude | eventDate | scientificName,Astroblepus trifasciatus | 2016-01-31,informativa,INABIO
3259,679819,registro,"mismo punto, fecha y especie en varios catalogos",decimalLatitude | eventDate | scientificName,Astroblepus trifasciatus | 2016-01-31,informativa,INABIO
3260,679821,registro,"mismo punto, fecha y especie en varios catalogos",decimalLatitude | eventDate | scientificName,Astroblepus trifasciatus | 2016-01-31,informativa,INABIO
3262,679823,registro,"mismo punto, fecha y especie en varios catalogos",decimalLatitude | eventDate | scientificName,Lipopterichthys carrioni | 2016-01-31,informativa,INABIO
3263,679824,registro,"mismo punto, fecha y especie en varios catalogos",decimalLatitude | eventDate | scientificName,Lipopterichthys carrioni | 2016-01-31,informativa,INABIO
3264,679825,registro,"mismo punto, fecha y especie en varios catalogos",decimalLatitude | eventDate | scientificName,Astroblepus trifasciatus | 2016-01-31,informativa,INABIO
3265,679826,registro,"mismo punto, fecha y especie en varios catalogos",decimalLatitude | eventDate | scientificName,Astroblepus trifasciatus | 2016-01-31,informativa,INABIO
3266,679827,registro,"mismo punto, fecha y especie en varios catalogos",decimalLatitude | eventDate | scientificName,Astroblepus trifasciatus | 2016-01-31,informativa,INABIO
3267,679828,registro,"mismo punto, fecha y especie en varios catalogos",decimalLatitude | eventDate | scientificName,Astroblepus trifasciatus | 2016-01-31,informativa,INABIO
3268,679829,registro,"mismo punto, fecha y especie en varios catalogos",decimalLatitude | eventDate | scientificName,Astroblepus trifasciatus | 2016-01-31,informativa,INABIO
3269,679830,registro,"mismo punto, fecha y especie en varios catalogos",decimalLatitude | eventDate | scientificName,Astroblepus | 2016-01-31,informativa,INABIO
3270,679832,registro,"mismo punto, fecha y especie en varios catalogos",decimalLatitude | eventDate | scientificName,Astroblepus | 2016-01-31,informativa,INABIO
3271,679833,registro,"mismo punto, fecha y especie en varios catalogos",decimalLatitude | eventDate | scientificName,Astroblepus | 2016-01-31,informativa,INABIO
3273,679835,registro,"mismo punto, fecha y especie en varios catalogos",decimalLatitude | eventDate | scientificName,Creagrutus muelleri | 2016-01-31,informativa,INABIO
3274,679836,registro,"mismo punto, fecha y especie en varios catalogos",decimalLatitude | eventDate | scientificName,Creagrutus muelleri | 2016-01-31,informativa,INABIO
3275,679837,registro,"mismo punto, fecha y especie en varios catalogos",decimalLatitude | eventDate | scientificName,Creagrutus muelleri | 2016-01-31,informativa,INABIO
3276,679838,registro,"mismo punto, fecha y especie en varios catalogos",decimalLatitude | eventDate | scientificName,Creagrutus muelleri | 2016-01-31,informativa,INABIO
3277,679839,registro,"mismo punto, fecha y especie en varios catalogos",decimalLatitude | eventDate | scientificName,Creagrutus muelleri | 2016-01-31,informativa,INABIO
3278,679840,registro,"mismo punto, fecha y especie en varios catalogos",decimalLatitude | eventDate | scientificName,Creagrutus muelleri | 2016-01-31,informativa,INABIO
3279,679841,registro,"mismo punto, fecha y especie en varios catalogos",decimalLatitude | eventDate | scientificName,Creagrutus muelleri | 2016-01-31,informativa,INABIO
3280,679843,registro,"mismo punto, fecha y especie en varios catalogos",decimalLatitude | eventDate | scientificName,Creagrutus muelleri | 2016-01-31,informativa,INABIO
3281,679844,registro,"mismo punto, fecha y especie en varios catalogos",decimalLatitude | eventDate | scientificName,Creagrutus muelleri | 2016-01-31,informativa,INABIO
3282,679845,registro,"mismo punto, fecha y especie en varios catalogos",decimalLatitude | eventDate | scientificName,Creagrutus muelleri | 2016-01-31,informativa,INABIO
3283,679846,registro,"mismo punto, fecha y especie en varios catalogos",decimalLatitude | eventDate | scientificName,Creagrutus muelleri | 2016-01-31,informativa,INABIO
3284,679847,registro,"mismo punto, fecha y especie en varios catalogos",decimalLatitude | eventDate | scientificName,Creagrutus muelleri | 2016-01-31,informativa,INABIO
3285,679848,registro,"mismo punto, fecha y especie en varios catalogos",decimalLatitude | eventDate | scientificName,Creagrutus muelleri | 2016-01-31,informativa,INABIO
3289,679852,registro,"mismo punto, fecha y especie en varios catalogos",decimalLatitude | eventDate | scientificName,Astroblepus trifasciatus | 2016-02-01,informativa,INABIO
3290,679854,registro,"mismo punto, fecha y especie en varios catalogos",decimalLatitude | eventDate | scientificName,Astroblepus trifasciatus | 2016-02-01,informativa,INABIO
3291,679855,registro,"mismo punto, fecha y especie en varios catalogos",decimalLatitude | eventDate | scientificName,Astroblepus trifasciatus | 2016-02-01,informativa,INABIO
3292,679856,registro,"mismo punto, fecha y especie en varios catalogos",decimalLatitude | eventDate | scientificName,Astroblepus trifasciatus | 2016-02-01,informativa,INABIO
3293,679857,registro,"mismo punto, fecha y especie en varios catalogos",decimalLatitude | eventDate | scientificName,Astroblepus trifasciatus | 2016-02-01,informativa,INABIO
3297,679861,registro,"mismo punto, fecha y especie en varios catalogos",decimalLatitude | eventDate | scientificName,Lipopterichthys carrioni | 2016-02-01,informativa,INABIO
3298,679862,registro,"mismo punto, fecha y especie en varios catalogos",decimalLatitude | eventDate | scientificName,Lipopterichthys carrioni | 2016-02-01,informativa,INABIO
3299,679863,registro,"mismo punto, fecha y especie en varios catalogos",decimalLatitude | eventDate | scientificName,Lipopterichthys carrioni | 2016-02-01,informativa,INABIO
3300,679866,registro,"mismo punto, fecha y especie en varios catalogos",decimalLatitude | eventDate | scientificName,Lipopterichthys carrioni | 2016-02-01,informativa,INABIO
3302,679868,registro,"mismo punto, fecha y especie en varios catalogos",decimalLatitude | eventDate | scientificName,Hemibrycon jabonero | 2016-02-01,informativa,INABIO
3303,679869,registro,"mismo punto, fecha y especie en varios catalogos",decimalLatitude | eventDate | scientificName,Hemibrycon jabonero | 2016-02-01,informativa,INABIO
3304,679870,registro,"mismo punto, fecha y especie en varios catalogos",decimalLatitude | eventDate | scientificName,Hemibrycon jabonero | 2016-02-01,informativa,INABIO
3305,679871,registro,"mismo punto, fecha y especie en varios catalogos",decimalLatitude | eventDate | scientificName,Creagrutus muelleri | 2016-02-01,informativa,INABIO
3306,679872,registro,"mismo punto, fecha y especie en varios catalogos",decimalLatitude | eventDate | scientificName,Creagrutus muelleri | 2016-02-01,informativa,INABIO
3307,679873,registro,"mismo punto, fecha y especie en varios catalogos",decimalLatitude | eventDate | scientificName,Creagrutus muelleri | 2016-02-01,informativa,INABIO
3308,679874,registro,"mismo punto, fecha y especie en varios catalogos",decimalLatitude | eventDate | scientificName,Creagrutus muelleri | 2016-02-01,informativa,INABIO
3309,679875,registro,"mismo punto, fecha y especie en varios catalogos",decimalLatitude | eventDate | scientificName,Creagrutus muelleri | 2016-02-01,informativa,INABIO
3310,679877,registro,"mismo punto, fecha y especie en varios catalogos",decimalLatitude | eventDate | scientificName,Creagrutus muelleri | 2016-02-01,informativa,INABIO
3311,679878,registro,"mismo punto, fecha y especie en varios catalogos",decimalLatitude | eventDate | scientificName,Creagrutus muelleri | 2016-02-01,informativa,INABIO
3313,679880,registro,"mismo punto, fecha y especie en varios catalogos",decimalLatitude | eventDate | scientificName,Creagrutus muelleri | 2016-02-01,informativa,INABIO
3314,679881,registro,"mismo punto, fecha y especie en varios catalogos",decimalLatitude | eventDate | scientificName,Creagrutus muelleri | 2016-02-01,informativa,INABIO
3315,679882,registro,"mismo punto, fecha y especie en varios catalogos",decimalLatitude | eventDate | scientificName,Creagrutus muelleri | 2016-02-01,informativa,INABIO
3317,679884,registro,"mismo punto, fecha y especie en varios catalogos",decimalLatitude | eventDate | scientificName,Astroblepus | 2016-02-11,informativa,INABIO
3318,679885,registro,"mismo punto, fecha y especie en varios catalogos",decimalLatitude | eventDate | scientificName,Astroblepus | 2016-02-11,informativa,INABIO
3319,679886,registro,"mismo punto, fecha y especie en varios catalogos",decimalLatitude | eventDate | scientificName,Astroblepus | 2016-02-11,informativa,INABIO
3320,679888,registro,"mismo punto, fecha y especie en varios catalogos",decimalLatitude | eventDate | scientificName,Astroblepus | 2016-02-11,informativa,INABIO
3321,679889,registro,"mismo punto, fecha y especie en varios catalogos",decimalLatitude | eventDate | scientificName,Astroblepus | 2016-02-11,informativa,INABIO
3322,679890,registro,"mismo punto, fecha y especie en varios catalogos",decimalLatitude | eventDate | scientificName,Astroblepus | 2016-02-11,informativa,INABIO
3323,679891,registro,"mismo punto, fecha y especie en varios catalogos",decimalLatitude | eventDate | scientificName,Astroblepus | 2016-02-11,informativa,INABIO
3324,679892,registro,"mismo punto, fecha y especie en varios catalogos",decimalLatitude | eventDate | scientificName,Astroblepus | 2016-02-11,informativa,INABIO
3325,679893,registro,"mismo punto, fecha y especie en varios catalogos",decimalLatitude | eventDate | scientificName,Astroblepus | 2016-02-12,informativa,INABIO
3326,679894,registro,"mismo punto, fecha y especie en varios catalogos",decimalLatitude | eventDate | scientificName,Astroblepus | 2016-02-12,informativa,INABIO
3327,679895,registro,"mismo punto, fecha y especie en varios catalogos",decimalLatitude | eventDate | scientificName,Astroblepus | 2016-02-12,informativa,INABIO
3328,679896,registro,"mismo punto, fecha y especie en varios catalogos",decimalLatitude | eventDate | scientificName,Astroblepus | 2016-02-12,informativa,INABIO
3329,679897,registro,"mismo punto, fecha y especie en varios catalogos",decimalLatitude | eventDate | scientificName,Astroblepus | 2016-02-12,informativa,INABIO
3330,679899,registro,"mismo punto, fecha y especie en varios catalogos",decimalLatitude | eventDate | scientificName,Astroblepus | 2016-02-12,informativa,INABIO
3331,679900,registro,"mismo punto, fecha y especie en varios catalogos",decimalLatitude | eventDate | scientificName,Astroblepus | 2016-02-12,informativa,INABIO
3332,679901,registro,"mismo punto, fecha y especie en varios catalogos",decimalLatitude | eventDate | scientificName,Astroblepus | 2016-02-09,informativa,INABIO
3333,679902,registro,"mismo punto, fecha y especie en varios catalogos",decimalLatitude | eventDate | scientificName,Astroblepus | 2016-02-09,informativa,INABIO
3334,679903,registro,"mismo punto, fecha y especie en varios catalogos",decimalLatitude | eventDate | scientificName,Astroblepus | 2016-02-09,informativa,INABIO
3335,679904,registro,"mismo punto, fecha y especie en varios catalogos",decimalLatitude | eventDate | scientificName,Astroblepus | 2016-02-09,informativa,INABIO
3336,679905,registro,"mismo punto, fecha y especie en varios catalogos",decimalLatitude | eventDate | scientificName,Astroblepus | 2016-02-09,informativa,INABIO
3337,679906,registro,"mismo punto, fecha y especie en varios catalogos",decimalLatitude | eventDate | scientificName,Astroblepus | 2016-02-09,informativa,INABIO
3338,679907,registro,"mismo punto, fecha y especie en varios catalogos",decimalLatitude | eventDate | scientificName,Astroblepus | 2016-02-09,informativa,INABIO
3339,679908,registro,"mismo punto, fecha y especie en varios catalogos",decimalLatitude | eventDate | scientificName,Astroblepus | 2016-02-09,informativa,INABIO
3340,679910,registro,"mismo punto, fecha y especie en varios catalogos",decimalLatitude | eventDate | scientificName,Astroblepus | 2016-02-09,informativa,INABIO
3341,679911,registro,"mismo punto, fecha y especie en varios catalogos",decimalLatitude | eventDate | scientificName,Brycon oligolepis | 2016-02-09,informativa,INABIO
3342,679912,registro,"mismo punto, fecha y especie en varios catalogos",decimalLatitude | eventDate | scientificName,Brycon oligolepis | 2016-02-09,informativa,INABIO
3343,679913,registro,"mismo punto, fecha y especie en varios catalogos",decimalLatitude | eventDate | scientificName,Brycon oligolepis | 2016-02-09,informativa,INABIO
3344,679914,registro,"mismo punto, fecha y especie en varios catalogos",decimalLatitude | eventDate | scientificName,Brycon oligolepis | 2016-02-09,informativa,INABIO
3345,679915,registro,"mismo punto, fecha y especie en varios catalogos",decimalLatitude | eventDate | scientificName,Brycon oligolepis | 2016-02-09,informativa,INABIO
335,679920,registro,"mismo punto, fecha y especie en varios catalogos",decimalLatitude | eventDate | scientificName,Astyanax abramis | 2005-01-04,informativa,INABIO
3353,679924,registro,"mismo punto, fecha y especie en varios catalogos",decimalLatitude | eventDate | scientificName,Astroblepus | 2016-02-11,informativa,INABIO
3354,679925,registro,"mismo punto, fecha y especie en varios catalogos",decimalLatitude | eventDate | scientificName,Astroblepus | 2016-02-11,informativa,INABIO
3355,679926,registro,"mismo punto, fecha y especie en varios catalogos",decimalLatitude | eventDate | scientificName,Astroblepus | 2016-02-11,informativa,INABIO
3356,679927,registro,"mismo punto, fecha y especie en varios catalogos",decimalLatitude | eventDate | scientificName,Astroblepus | 2016-02-11,informativa,INABIO
3357,679928,registro,"mismo punto, fecha y especie en varios catalogos",decimalLatitude | eventDate | scientificName,Astroblepus | 2016-02-11,informativa,INABIO
3358,679929,registro,"mismo punto, fecha y especie en varios catalogos",decimalLatitude | eventDate | scientificName,Astroblepus | 2016-02-11,informativa,INABIO
3359,679930,registro,"mismo punto, fecha y especie en varios catalogos",decimalLatitude | eventDate | scientificName,Astroblepus | 2016-02-11,informativa,INABIO
3360,679932,registro,"mismo punto, fecha y especie en varios catalogos",decimalLatitude | eventDate | scientificName,Astroblepus | 2016-02-11,informativa,INABIO
3361,679933,registro,"mismo punto, fecha y especie en varios catalogos",decimalLatitude | eventDate | scientificName,Astroblepus | 2016-02-11,informativa,INABIO
3362,679934,registro,"mismo punto, fecha y especie en varios catalogos",decimalLatitude | eventDate | scientificName,Astroblepus | 2016-02-08,informativa,INABIO
3363,679935,registro,"mismo punto, fecha y especie en varios catalogos",decimalLatitude | eventDate | scientificName,Astroblepus | 2016-02-08,informativa,INABIO
3364,679936,registro,"mismo punto, fecha y especie en varios catalogos",decimalLatitude | eventDate | scientificName,Astroblepus | 2016-02-08,informativa,INABIO
3365,679937,registro,"mismo punto, fecha y especie en varios catalogos",decimalLatitude | eventDate | scientificName,Bryconamericus dahli | 2016-02-08,informativa,INABIO
3366,679938,registro,"mismo punto, fecha y especie en varios catalogos",decimalLatitude | eventDate | scientificName,Bryconamericus dahli | 2016-02-08,informativa,INABIO
3367,679939,registro,"mismo punto, fecha y especie en varios catalogos",decimalLatitude | eventDate | scientificName,Bryconamericus dahli | 2016-02-08,informativa,INABIO
3368,679940,registro,"mismo punto, fecha y especie en varios catalogos",decimalLatitude | eventDate | scientificName,Bryconamericus dahli | 2016-02-08,informativa,INABIO
337,679942,registro,"mismo punto, fecha y especie en varios catalogos",decimalLatitude | eventDate | scientificName,Astyanax abramis | 2005-01-04,informativa,INABIO
338,679953,registro,"mismo punto, fecha y especie en varios catalogos",decimalLatitude | eventDate | scientificName,Astyanax abramis | 2005-01-04,informativa,INABIO
3391,679966,registro,"mismo punto, fecha y especie en varios catalogos",decimalLatitude | eventDate | scientificName,Astroblepus | 2016-02-10,informativa,INABIO
3392,679967,registro,"mismo punto, fecha y especie en varios catalogos",decimalLatitude | eventDate | scientificName,Astroblepus | 2016-02-10,informativa,INABIO
341,679987,registro,"mismo punto, fecha y especie en varios catalogos",decimalLatitude | eventDate | scientificName,Astroblepus | 2002-11-17,informativa,INABIO
342,679998,registro,"mismo punto, fecha y especie en varios catalogos",decimalLatitude | eventDate | scientificName,Astroblepus | 2002-11-17,informativa,INABIO
3424,680003,registro,"mismo punto, fecha y especie en varios catalogos",decimalLatitude | eventDate | scientificName,Astroblepus | 2015-09-04,informativa,INABIO
3426,680005,registro,"mismo punto, fecha y especie en varios catalogos",decimalLatitude | eventDate | scientificName,Astroblepus | 2015-09-04,informativa,INABIO
343,680009,registro,"mismo punto, fecha y especie en varios catalogos",decimalLatitude | eventDate | scientificName,Astroblepus | 2002-11-17,informativa,INABIO
344,680020,registro,"mismo punto, fecha y especie en varios catalogos",decimalLatitude | eventDate | scientificName,Astroblepus | 2002-11-17,informativa,INABIO
345,680031,registro,"mismo punto, fecha y especie en varios catalogos",decimalLatitude | eventDate | scientificName,Astroblepus | 2002-11-17,informativa,INABIO
3458,680040,registro,"mismo punto, fecha y especie en varios catalogos",decimalLatitude | eventDate | scientificName,Astroblepus | 2015-08-21,informativa,INABIO
3459,680041,registro,"mismo punto, fecha y especie en varios catalogos",decimalLatitude | eventDate | scientificName,Astroblepus | 2015-08-21,informativa,INABIO
346,680042,registro,"mismo punto, fecha y especie en varios catalogos",decimalLatitude | eventDate | scientificName,Astroblepus | 2002-11-17,informativa,INABIO
347,680053,registro,"mismo punto, fecha y especie en varios catalogos",decimalLatitude | eventDate | scientificName,Astroblepus | 2002-11-17,informativa,INABIO
348,680064,registro,"mismo punto, fecha y especie en varios catalogos",decimalLatitude | eventDate | scientificName,Astroblepus | 2002-11-17,informativa,INABIO
349,680075,registro,"mismo punto, fecha y especie en varios catalogos",decimalLatitude | eventDate | scientificName,Astroblepus | 2002-11-17,informativa,INABIO
357,680187,registro,"mismo punto, fecha y especie en varios catalogos",decimalLatitude | eventDate | scientificName,Hemigrammus | 2005-08-14,informativa,INABIO
362,680243,registro,"mismo punto, fecha y especie en varios catalogos",decimalLatitude | eventDate | scientificName,Astyanax henseli | 2005-08-14,informativa,INABIO
363,680254,registro,"mismo punto, fecha y especie en varios catalogos",decimalLatitude | eventDate | scientificName,Astyanax henseli | 2005-08-14,informativa,INABIO
364,680265,registro,"mismo punto, fecha y especie en varios catalogos",decimalLatitude | eventDate | scientificName,Hemigrammus | 2005-08-14,informativa,INABIO
3791,680433,registro,"mismo punto, fecha y especie en varios catalogos",decimalLatitude | eventDate | scientificName,Astyanax bimaculatus | 2005-09-01,informativa,INABIO
3792,680434,registro,"mismo punto, fecha y especie en varios catalogos",decimalLatitude | eventDate | scientificName,Astyanax bimaculatus | 2005-09-01,informativa,INABIO
380,680443,registro,"mismo punto, fecha y especie en varios catalogos",decimalLatitude | eventDate | scientificName,Otocinclus | 2005-08-19,informativa,INABIO
381,680454,registro,"mismo punto, fecha y especie en varios catalogos",decimalLatitude | eventDate | scientificName,Otocinclus | 2005-08-19,informativa,INABIO
3835,680482,registro,"mismo punto, fecha y especie en varios catalogos",decimalLatitude | eventDate | scientificName,Sternopygus macrurus | 2005-09-01,informativa,INABIO
3840,680488,registro,"mismo punto, fecha y especie en varios catalogos",decimalLatitude | eventDate | scientificName,Sternopygus macrurus | 2005-09-01,informativa,INABIO
389,680542,registro,"mismo punto, fecha y especie en varios catalogos",decimalLatitude | eventDate | scientificName,Astyanax henseli | 2005-08-20,informativa,INABIO
390,680554,registro,"mismo punto, fecha y especie en varios catalogos",decimalLatitude | eventDate | scientificName,Astyanax henseli | 2005-08-20,informativa,INABIO
4016,680684,registro,"mismo punto, fecha y especie en varios catalogos",decimalLatitude | eventDate | scientificName,Cichlasoma amazonarum | 2017-10-18,informativa,INABIO
4017,680685,registro,"mismo punto, fecha y especie en varios catalogos",decimalLatitude | eventDate | scientificName,Cichlasoma amazonarum | 2017-10-18,informativa,INABIO
4053,680725,registro,"mismo punto, fecha y especie en varios catalogos",decimalLatitude | eventDate | scientificName,Cichlasoma amazonarum | 2017-10-16,informativa,INABIO
4058,680730,registro,"mismo punto, fecha y especie en varios catalogos",decimalLatitude | eventDate | scientificName,Cichlasoma amazonarum | 2017-10-16,informativa,INABIO
408,680754,registro,"mismo punto, fecha y especie en varios catalogos",decimalLatitude | eventDate | scientificName,Astroblepus | 2006-02-17,informativa,INABIO
4094,680770,registro,"mismo punto, fecha y especie en varios catalogos",decimalLatitude | eventDate | scientificName,Astroblepus | 2018-11-14,informativa,INABIO
4096,680772,registro,"mismo punto, fecha y especie en varios catalogos",decimalLatitude | eventDate | scientificName,Astroblepus | 2018-11-14,informativa,INABIO
410,680777,registro,"mismo punto, fecha y especie en varios catalogos",decimalLatitude | eventDate | scientificName,Astroblepus | 2006-02-17,informativa,INABIO
4108,680786,registro,"mismo punto, fecha y especie en varios catalogos",decimalLatitude | eventDate | scientificName,Astroblepus | 2018-11-14,informativa,INABIO
4109,680787,registro,"mismo punto, fecha y especie en varios catalogos",decimalLatitude | eventDate | scientificName,Astroblepus | 2018-11-14,informativa,INABIO
4130,680811,registro,"mismo punto, fecha y especie en varios catalogos",decimalLatitude | eventDate | scientificName,Carnegiella strigata | 2007-07-10,informativa,INABIO
4132,680813,registro,"mismo punto, fecha y especie en varios catalogos",decimalLatitude | eventDate | scientificName,Carnegiella strigata | 2007-07-10,informativa,INABIO
4141,680823,registro,"mismo punto, fecha y especie en varios catalogos",decimalLatitude | eventDate | scientificName,Hemigrammus | 2007-10-18,informativa,INABIO
4142,680824,registro,"mismo punto, fecha y especie en varios catalogos",decimalLatitude | eventDate | scientificName,Hemigrammus | 2007-10-18,informativa,INABIO
4202,680891,registro,"mismo punto, fecha y especie en varios catalogos",decimalLatitude | eventDate | scientificName,Brycon atrocaudatus | 2019-06-08,informativa,INABIO
4207,680896,registro,"mismo punto, fecha y especie en varios catalogos",decimalLatitude | eventDate | scientificName,Pimelodella modestus | 2019-06-08,informativa,INABIO
4208,680897,registro,"mismo punto, fecha y especie en varios catalogos",decimalLatitude | eventDate | scientificName,Pimelodella modestus | 2019-06-08,informativa,INABIO
4210,680900,registro,"mismo punto, fecha y especie en varios catalogos",decimalLatitude | eventDate | scientificName,Brycon atrocaudatus | 2019-06-08,informativa,INABIO
4228,680919,registro,"mismo punto, fecha y especie en varios catalogos",decimalLatitude | eventDate | scientificName,Astroblepus | 2019-06-10,informativa,INABIO
4229,680920,registro,"mismo punto, fecha y especie en varios catalogos",decimalLatitude | eventDate | scientificName,Astroblepus | 2019-06-10,informativa,INABIO
426,680954,registro,"mismo punto, fecha y especie en varios catalogos",decimalLatitude | eventDate | scientificName,Poecilia | 2006-02-18,informativa,INABIO
427,680965,registro,"mismo punto, fecha y especie en varios catalogos",decimalLatitude | eventDate | scientificName,Poecilia | 2006-02-18,informativa,INABIO
428,680976,registro,"mismo punto, fecha y especie en varios catalogos",decimalLatitude | eventDate | scientificName,Bryconamericus | 2006-02-18,informativa,INABIO
429,680987,registro,"mismo punto, fecha y especie en varios catalogos",decimalLatitude | eventDate | scientificName,Aequidens | 2006-02-18,informativa,INABIO
4299,680997,registro,"mismo punto, fecha y especie en varios catalogos",decimalLatitude | eventDate | scientificName,Malacoctenus sudensis | 2019-08-18,informativa,INABIO
430,680999,registro,"mismo punto, fecha y especie en varios catalogos",decimalLatitude | eventDate | scientificName,Pseudochalceus | 2006-02-18,informativa,INABIO
4300,681000,registro,"mismo punto, fecha y especie en varios catalogos",decimalLatitude | eventDate | scientificName,Malacoctenus sudensis | 2019-08-18,informativa,INABIO
4339,681042,registro,"mismo punto, fecha y especie en varios catalogos",decimalLatitude | eventDate | scientificName,Rhoadsia minor | 2019-08-28,informativa,INABIO
4340,681044,registro,"mismo punto, fecha y especie en varios catalogos",decimalLatitude | eventDate | scientificName,Astyanax ruberrimus | 2019-08-28,informativa,INABIO
4342,681046,registro,"mismo punto, fecha y especie en varios catalogos",decimalLatitude | eventDate | scientificName,Astroblepus longifilis | 2019-08-28,informativa,INABIO
4343,681047,registro,"mismo punto, fecha y especie en varios catalogos",decimalLatitude | eventDate | scientificName,Astyanax ruberrimus | 2019-08-28,informativa,INABIO
4345,681049,registro,"mismo punto, fecha y especie en varios catalogos",decimalLatitude | eventDate | scientificName,Astroblepus cyclopus | 2019-08-28,informativa,INABIO
4346,681050,registro,"mismo punto, fecha y especie en varios catalogos",decimalLatitude | eventDate | scientificName,Rhoadsia minor | 2019-08-28,informativa,INABIO
4347,681051,registro,"mismo punto, fecha y especie en varios catalogos",decimalLatitude | eventDate | scientificName,Astroblepus longifilis | 2019-08-28,informativa,INABIO
4348,681052,registro,"mismo punto, fecha y especie en varios catalogos",decimalLatitude | eventDate | scientificName,Astyanax ruberrimus | 2019-08-28,informativa,INABIO
435,681054,registro,"mismo punto, fecha y especie en varios catalogos",decimalLatitude | eventDate | scientificName,Poecilia | 2006-02-18,informativa,INABIO
4351,681056,registro,"mismo punto, fecha y especie en varios catalogos",decimalLatitude | eventDate | scientificName,Astroblepus cyclopus | 2019-08-28,informativa,INABIO
436,681065,registro,"mismo punto, fecha y especie en varios catalogos",decimalLatitude | eventDate | scientificName,Astroblepus | 2006-02-18,informativa,INABIO
437,681076,registro,"mismo punto, fecha y especie en varios catalogos",decimalLatitude | eventDate | scientificName,Poecilia | 2006-02-18,informativa,INABIO
440,681081,registro,"mismo punto, fecha y especie en varios catalogos",decimalLatitude | eventDate | scientificName,Pseudochalceus | 2006-02-18,informativa,INABIO
441,681082,registro,"mismo punto, fecha y especie en varios catalogos",decimalLatitude | eventDate | scientificName,Bryconamericus | 2006-02-18,informativa,INABIO
443,681084,registro,"mismo punto, fecha y especie en varios catalogos",decimalLatitude | eventDate | scientificName,Poecilia | 2006-02-18,informativa,INABIO
444,681085,registro,"mismo punto, fecha y especie en varios catalogos",decimalLatitude | eventDate | scientificName,Aequidens | 2006-02-18,informativa,INABIO
445,681086,registro,"mismo punto, fecha y especie en varios catalogos",decimalLatitude | eventDate | scientificName,Astroblepus | 2006-02-18,informativa,INABIO
447,681088,registro,"mismo punto, fecha y especie en varios catalogos",decimalLatitude | eventDate | scientificName,Poecilia | 2006-02-18,informativa,INABIO
448,681089,registro,"mismo punto, fecha y especie en varios catalogos",decimalLatitude | eventDate | scientificName,Poecilia | 2006-02-18,informativa,INABIO
449,681090,registro,"mismo punto, fecha y especie en varios catalogos",decimalLatitude | eventDate | scientificName,Poecilia | 2006-02-18,informativa,INABIO
4510,677203,registro,"mismo punto, fecha y especie en varios catalogos",decimalLatitude | eventDate | scientificName,Characidium | 2021-08-08,informativa,INABIO
4514,677207,registro,"mismo punto, fecha y especie en varios catalogos",decimalLatitude | eventDate | scientificName,Chrysobrycon hesperus | 2021-08-08,informativa,INABIO
4518,677211,registro,"mismo punto, fecha y especie en varios catalogos",decimalLatitude | eventDate | scientificName,Characidium | 2021-08-08,informativa,INABIO
4519,677212,registro,"mismo punto, fecha y especie en varios catalogos",decimalLatitude | eventDate | scientificName,Chrysobrycon hesperus | 2021-08-08,informativa,INABIO
4534,677227,registro,"mismo punto, fecha y especie en varios catalogos",decimalLatitude | eventDate | scientificName,Astroblepus | 2020-10-22,informativa,INABIO
4535,677228,registro,"mismo punto, fecha y especie en varios catalogos",decimalLatitude | eventDate | scientificName,Astroblepus | 2020-10-22,informativa,INABIO
4729,1839802,registro,"mismo punto, fecha y especie en varios catalogos",decimalLatitude | eventDate | scientificName,Ancistrus shuar | 2022-03,informativa,INABIO
4731,1839804,registro,"mismo punto, fecha y especie en varios catalogos",decimalLatitude | eventDate | scientificName,Charax caudimaculatus | 2022-03,informativa,INABIO
4732,1839805,registro,"mismo punto, fecha y especie en varios catalogos",decimalLatitude | eventDate | scientificName,Bujurquina moriorum | 2022-03,informativa,INABIO
4735,1839808,registro,"mismo punto, fecha y especie en varios catalogos",decimalLatitude | eventDate | scientificName,Crenicichla lucius | 2022-03,informativa,INABIO
4736,1839809,registro,"mismo punto, fecha y especie en varios catalogos",decimalLatitude | eventDate | scientificName,Creagrutus kunturus | 2022-03,informativa,INABIO
4738,1839811,registro,"mismo punto, fecha y especie en varios catalogos",decimalLatitude | eventDate | scientificName,Astyanax bimaculatus | 2022-03,informativa,INABIO
4740,1839813,registro,"mismo punto, fecha y especie en varios catalogos",decimalLatitude | eventDate | scientificName,Charax caudimaculatus | 2022-03,informativa,INABIO
4741,1839814,registro,"mismo punto, fecha y especie en varios catalogos",decimalLatitude | eventDate | scientificName,Bujurquina moriorum | 2022-03,informativa,INABIO
4743,1839816,registro,"mismo punto, fecha y especie en varios catalogos",decimalLatitude | eventDate | scientificName,Ancistrus shuar | 2022-03,informativa,INABIO
4744,1839817,registro,"mismo punto, fecha y especie en varios catalogos",decimalLatitude | eventDate | scientificName,Astyanax bimaculatus | 2022-03,informativa,INABIO
4747,1839820,registro,"mismo punto, fecha y especie en varios catalogos",decimalLatitude | eventDate | scientificName,Crenicichla lucius | 2022-03,informativa,INABIO
4749,1839822,registro,"mismo punto, fecha y especie en varios catalogos",decimalLatitude | eventDate | scientificName,Creagrutus kunturus | 2022-03,informativa,INABIO
4759,1839832,registro,"mismo punto, fecha y especie en varios catalogos",decimalLatitude | eventDate | scientificName,Anablepsoides | 2021-09,informativa,INABIO
478,681122,registro,"mismo punto, fecha y especie en varios catalogos",decimalLatitude | eventDate | scientificName,Ageneiosus | 2003-08-01,informativa,INABIO
4780,1839853,registro,"mismo punto, fecha y especie en varios catalogos",decimalLatitude | eventDate | scientificName,Pimelodus blochii | 2021-09,informativa,INABIO
4781,1839854,registro,"mismo punto, fecha y especie en varios catalogos",decimalLatitude | eventDate | scientificName,Cetopsis coecutiens | 2021-09,informativa,INABIO
4783,1839856,registro,"mismo punto, fecha y especie en varios catalogos",decimalLatitude | eventDate | scientificName,Sturisoma graffini | 2022-03,informativa,INABIO
4785,1839858,registro,"mismo punto, fecha y especie en varios catalogos",decimalLatitude | eventDate | scientificName,Sturisoma graffini | 2022-03,informativa,INABIO
4814,1839887,registro,"mismo punto, fecha y especie en varios catalogos",decimalLatitude | eventDate | scientificName,Pimelodus blochii | 2021-09,informativa,INABIO
4817,1839890,registro,"mismo punto, fecha y especie en varios catalogos",decimalLatitude | eventDate | scientificName,Cetopsis coecutiens | 2021-09,informativa,INABIO
482,681127,registro,"mismo punto, fecha y especie en varios catalogos",decimalLatitude | eventDate | scientificName,Ageneiosus | 2003-08-01,informativa,INABIO
4827,1839900,registro,"mismo punto, fecha y especie en varios catalogos",decimalLatitude | eventDate | scientificName,Anablepsoides | 2021-09,informativa,INABIO
4842,1839915,registro,"mismo punto, fecha y especie en varios catalogos",decimalLatitude | eventDate | scientificName,Synbranchus marmoratus | 2022-05,informativa,INABIO
4878,1839951,registro,"mismo punto, fecha y especie en varios catalogos",decimalLatitude | eventDate | scientificName,Synbranchus marmoratus | 2022-05,informativa,INABIO
488,681156,registro,"mismo punto, fecha y especie en varios catalogos",decimalLatitude | eventDate | scientificName,Bryconamericus | 2004-03-21,informativa,INABIO
4889,1839962,registro,"mismo punto, fecha y especie en varios catalogos",decimalLatitude | eventDate | scientificName,Gymnotus coatesi | 2022-05,informativa,INABIO
489,681157,registro,"mismo punto, fecha y especie en varios catalogos",decimalLatitude | eventDate | scientificName,Bryconamericus | 2004-03-21,informativa,INABIO
4890,1839963,registro,"mismo punto, fecha y especie en varios catalogos",decimalLatitude | eventDate | scientificName,Gymnotus coatesi | 2022-05,informativa,INABIO
4897,1839970,registro,"mismo punto, fecha y especie en varios catalogos",decimalLatitude | eventDate | scientificName,Astyanax bimaculatus | 2022-05,informativa,INABIO
4898,1839971,registro,"mismo punto, fecha y especie en varios catalogos",decimalLatitude | eventDate | scientificName,Astyanax bimaculatus | 2022-05,informativa,INABIO
4904,1839977,registro,"mismo punto, fecha y especie en varios catalogos",decimalLatitude | eventDate | scientificName,Astyanax bimaculatus | 2022-05,informativa,INABIO
491,681160,registro,"mismo punto, fecha y especie en varios catalogos",decimalLatitude | eventDate | scientificName,Chaetostoma | 2004-03-22,informativa,INABIO
492,681161,registro,"mismo punto, fecha y especie en varios catalogos",decimalLatitude | eventDate | scientificName,Chaetostoma | 2004-03-22,informativa,INABIO
494,681163,registro,"mismo punto, fecha y especie en varios catalogos",decimalLatitude | eventDate | scientificName,Bryconamericus | 2004-03-22,informativa,INABIO
495,681164,registro,"mismo punto, fecha y especie en varios catalogos",decimalLatitude | eventDate | scientificName,Bryconamericus | 2004-03-22,informativa,INABIO
498,681167,registro,"mismo punto, fecha y especie en varios catalogos",decimalLatitude | eventDate | scientificName,Astroblepus | 2004-03-20,informativa,INABIO
499,681168,registro,"mismo punto, fecha y especie en varios catalogos",decimalLatitude | eventDate | scientificName,Astroblepus | 2004-03-20,informativa,INABIO
500,681171,registro,"mismo punto, fecha y especie en varios catalogos",decimalLatitude | eventDate | scientificName,Astroblepus | 2004-03-20,informativa,INABIO
501,681172,registro,"mismo punto, fecha y especie en varios catalogos",decimalLatitude | eventDate | scientificName,Astroblepus | 2004-03-20,informativa,INABIO
5038,1840111,registro,"mismo punto, fecha y especie en varios catalogos",decimalLatitude | eventDate | scientificName,Astroblepus | 2007-09-17,informativa,INABIO
5045,1840118,registro,"mismo punto, fecha y especie en varios catalogos",decimalLatitude | eventDate | scientificName,Knodus | 2009-01-14,informativa,INABIO
505,681176,registro,"mismo punto, fecha y especie en varios catalogos",decimalLatitude | eventDate | scientificName,Bryconamericus | 2004-03-20,informativa,INABIO
5056,1840129,registro,"mismo punto, fecha y especie en varios catalogos",decimalLatitude | eventDate | scientificName,Astyanax | 2009-01-10,informativa,INABIO
5057,1840130,registro,"mismo punto, fecha y especie en varios catalogos",decimalLatitude | eventDate | scientificName,Bryconops caudomaculatus | 2009-01-10,informativa,INABIO
506,681177,registro,"mismo punto, fecha y especie en varios catalogos",decimalLatitude | eventDate | scientificName,Bryconamericus | 2004-03-20,informativa,INABIO
508,681179,registro,"mismo punto, fecha y especie en varios catalogos",decimalLatitude | eventDate | scientificName,Astroblepus | 2004-03-20,informativa,INABIO
509,681180,registro,"mismo punto, fecha y especie en varios catalogos",decimalLatitude | eventDate | scientificName,Astroblepus | 2004-03-20,informativa,INABIO
513,681185,registro,"mismo punto, fecha y especie en varios catalogos",decimalLatitude | eventDate | scientificName,Chaetostoma | 2004-03-20,informativa,INABIO
5130,1840203,registro,"mismo punto, fecha y especie en varios catalogos",decimalLatitude | eventDate | scientificName,Aequidens tetramerus | 2010-03-21,informativa,INABIO
5131,1840204,registro,"mismo punto, fecha y especie en varios catalogos",decimalLatitude | eventDate | scientificName,Aequidens tetramerus | 2010-03-21,informativa,INABIO
514,681186,registro,"mismo punto, fecha y especie en varios catalogos",decimalLatitude | eventDate | scientificName,Chaetostoma | 2004-03-20,informativa,INABIO
5159,1840232,registro,"mismo punto, fecha y especie en varios catalogos",decimalLatitude | eventDate | scientificName,Bryconamericus | 2010-04-23,informativa,INABIO
5184,1840257,registro,"mismo punto, fecha y especie en varios catalogos",decimalLatitude | eventDate | scientificName,Hyphessobrycon copelandi | 1994-03-29,informativa,INABIO
5189,1840262,registro,"mismo punto, fecha y especie en varios catalogos",decimalLatitude | eventDate | scientificName,Hyphessobrycon copelandi | 1994-03-29,informativa,INABIO
5221,1840294,registro,"mismo punto, fecha y especie en varios catalogos",decimalLatitude | eventDate | scientificName,Moenkhausia comma | 2010-06-11,informativa,INABIO
5296,1840369,registro,"mismo punto, fecha y especie en varios catalogos",decimalLatitude | eventDate | scientificName,Oligoplites refulgens | 1988-07-02,informativa,INABIO
53,681203,registro,"mismo punto, fecha y especie en varios catalogos",decimalLatitude | eventDate | scientificName,Aequidens tetramerus | 1985-01-01,informativa,INABIO
5353,1840426,registro,"mismo punto, fecha y especie en varios catalogos",decimalLatitude | eventDate | scientificName,Oligoplites refulgens | 1988-07-02,informativa,INABIO
5376,1840449,registro,"mismo punto, fecha y especie en varios catalogos",decimalLatitude | eventDate | scientificName,Ophioscion imiceps | 1988-07-02,informativa,INABIO
5521,1840594,registro,"mismo punto, fecha y especie en varios catalogos",decimalLatitude | eventDate | scientificName,Ophioscion imiceps | 1988-07-02,informativa,INABIO
554,681230,registro,"mismo punto, fecha y especie en varios catalogos",decimalLatitude | eventDate | scientificName,Bujurquina moriorum | 2006-07-24,informativa,INABIO
557,681233,registro,"mismo punto, fecha y especie en varios catalogos",decimalLatitude | eventDate | scientificName,Bujurquina moriorum | 2006-07-24,informativa,INABIO
5691,1840787,registro,"mismo punto, fecha y especie en varios catalogos",decimalLatitude | eventDate | scientificName,Symphurus elongatus | 1988-05-14,informativa,INABIO
5712,1840808,registro,"mismo punto, fecha y especie en varios catalogos",decimalLatitude | eventDate | scientificName,Symphurus elongatus | 1988-05-14,informativa,INABIO
588,681267,registro,"mismo punto, fecha y especie en varios catalogos",decimalLatitude | eventDate | scientificName,Hypostomus niceforoi | 2006-11-11,informativa,INABIO
5907,1841003,registro,"mismo punto, fecha y especie en varios catalogos",decimalLatitude | eventDate | scientificName,Curimatella meyeri | 2023-09-30,informativa,INABIO
5908,1841004,registro,"mismo punto, fecha y especie en varios catalogos",decimalLatitude | eventDate | scientificName,Triportheus angulatus | 2023-09-30,informativa,INABIO
592,681272,registro,"mismo punto, fecha y especie en varios catalogos",decimalLatitude | eventDate | scientificName,Hypostomus niceforoi | 2006-11-11,informativa,INABIO
5931,1841027,registro,"mismo punto, fecha y especie en varios catalogos",decimalLatitude | eventDate | scientificName,Curimatella meyeri | 2023-09-30,informativa,INABIO
5932,1841028,registro,"mismo punto, fecha y especie en varios catalogos",decimalLatitude | eventDate | scientificName,Triportheus angulatus | 2023-09-30,informativa,INABIO
5997,1841093,registro,"mismo punto, fecha y especie en varios catalogos",decimalLatitude | eventDate | scientificName,Moenkhausia dichroura | 2023-10-03,informativa,INABIO
6024,1841120,registro,"mismo punto, fecha y especie en varios catalogos",decimalLatitude | eventDate | scientificName,Moenkhausia dichroura | 2023-10-03,informativa,INABIO
6037,1841133,registro,"mismo punto, fecha y especie en varios catalogos",decimalLatitude | eventDate | scientificName,Pseudoplatystoma fasciatum | 2023-10-03,informativa,INABIO
6039,1841135,registro,"mismo punto, fecha y especie en varios catalogos",decimalLatitude | eventDate | scientificName,Pseudoplatystoma fasciatum | 2023-10-03,informativa,INABIO
613,681296,registro,"mismo punto, fecha y especie en varios catalogos",decimalLatitude | eventDate | scientificName,Cetopsorhamdia orinoco | 2007-02-05,informativa,INABIO
615,681298,registro,"mismo punto, fecha y especie en varios catalogos",decimalLatitude | eventDate | scientificName,Cetopsorhamdia orinoco | 2007-02-05,informativa,INABIO
6232,1841328,registro,"mismo punto, fecha y especie en varios catalogos",decimalLatitude | eventDate | scientificName,Leporinus friderici | 2024-11-13,informativa,INABIO
6248,1841344,registro,"mismo punto, fecha y especie en varios catalogos",decimalLatitude | eventDate | scientificName,Sternopygus macrurus | 2024-11-13,informativa,INABIO
6249,1841345,registro,"mismo punto, fecha y especie en varios catalogos",decimalLatitude | eventDate | scientificName,Gymnotus carapo | 2024-11-15,informativa,INABIO
6254,1841350,registro,"mismo punto, fecha y especie en varios catalogos",decimalLatitude | eventDate | scientificName,Leporinus friderici | 2024-11-13,informativa,INABIO
6269,1841365,registro,"mismo punto, fecha y especie en varios catalogos",decimalLatitude | eventDate | scientificName,Sternopygus macrurus | 2024-11-13,informativa,INABIO
6285,1841381,registro,"mismo punto, fecha y especie en varios catalogos",decimalLatitude | eventDate | scientificName,Megalechis thoracata | 2024-11-15,informativa,INABIO
6296,1841392,registro,"mismo punto, fecha y especie en varios catalogos",decimalLatitude | eventDate | scientificName,Gymnotus carapo | 2024-11-15,informativa,INABIO
6300,1841396,registro,"mismo punto, fecha y especie en varios catalogos",decimalLatitude | eventDate | scientificName,Megalechis thoracata | 2024-11-15,informativa,INABIO
6316,1841412,registro,"mismo punto, fecha y especie en varios catalogos",decimalLatitude | eventDate | scientificName,Hoplias malabaricus | 2025-03-08,informativa,INABIO
6388,1841484,registro,"mismo punto, fecha y especie en varios catalogos",decimalLatitude | eventDate | scientificName,Hoplias malabaricus | 2025-03-08,informativa,INABIO
64,681325,registro,"mismo punto, fecha y especie en varios catalogos",decimalLatitude | eventDate | scientificName,Bodianus diplotaenia | 1990-04-01,informativa,INABIO
6404,1841500,registro,"mismo punto, fecha y especie en varios catalogos",decimalLatitude | eventDate | scientificName,Panaqolus nocturnus | 2025-03-08,informativa,INABIO
6415,1841511,registro,"mismo punto, fecha y especie en varios catalogos",decimalLatitude | eventDate | scientificName,Panaqolus nocturnus | 2025-03-08,informativa,INABIO
65,681336,registro,"mismo punto, fecha y especie en varios catalogos",decimalLatitude | eventDate | scientificName,Bodianus diplotaenia | 1990-04-01,informativa,INABIO
660,681348,registro,"mismo punto, fecha y especie en varios catalogos",decimalLatitude | eventDate | scientificName,Astroblepus | 2007-01-28,informativa,INABIO
661,681349,registro,"mismo punto, fecha y especie en varios catalogos",decimalLatitude | eventDate | scientificName,Astroblepus | 2007-01-28,informativa,INABIO
668,681356,registro,"mismo punto, fecha y especie en varios catalogos",decimalLatitude | eventDate | scientificName,Astroblepus | 2007-01-30,informativa,INABIO
669,681357,registro,"mismo punto, fecha y especie en varios catalogos",decimalLatitude | eventDate | scientificName,Astroblepus | 2007-01-30,informativa,INABIO
670,681359,registro,"mismo punto, fecha y especie en varios catalogos",decimalLatitude | eventDate | scientificName,Astroblepus | 2007-01-30,informativa,INABIO
671,681360,registro,"mismo punto, fecha y especie en varios catalogos",decimalLatitude | eventDate | scientificName,Astroblepus | 2007-01-31,informativa,INABIO
673,681362,registro,"mismo punto, fecha y especie en varios catalogos",decimalLatitude | eventDate | scientificName,Astroblepus | 2007-01-31,informativa,INABIO
675,681364,registro,"mismo punto, fecha y especie en varios catalogos",decimalLatitude | eventDate | scientificName,Astroblepus | 2007-02-28,informativa,INABIO
676,681365,registro,"mismo punto, fecha y especie en varios catalogos",decimalLatitude | eventDate | scientificName,Astroblepus | 2007-02-28,informativa,INABIO
680,681370,registro,"mismo punto, fecha y especie en varios catalogos",decimalLatitude | eventDate | scientificName,Bryconamericus | 2007-03-01,informativa,INABIO
681,681371,registro,"mismo punto, fecha y especie en varios catalogos",decimalLatitude | eventDate | scientificName,Bryconamericus | 2007-03-01,informativa,INABIO
683,681373,registro,"mismo punto, fecha y especie en varios catalogos",decimalLatitude | eventDate | scientificName,Oncorhynchus mykiss | 2007-02-28,informativa,INABIO
684,681374,registro,"mismo punto, fecha y especie en varios catalogos",decimalLatitude | eventDate | scientificName,Oncorhynchus mykiss | 2007-02-28,informativa,INABIO
687,681377,registro,"mismo punto, fecha y especie en varios catalogos",decimalLatitude | eventDate | scientificName,Astroblepus cyclopus | 2007-04-03,informativa,INABIO
689,681379,registro,"mismo punto, fecha y especie en varios catalogos",decimalLatitude | eventDate | scientificName,Astroblepus cyclopus | 2007-04-03,informativa,INABIO
692,681383,registro,"mismo punto, fecha y especie en varios catalogos",decimalLatitude | eventDate | scientificName,Astroblepus | 2007-04-04,informativa,INABIO
693,681384,registro,"mismo punto, fecha y especie en varios catalogos",decimalLatitude | eventDate | scientificName,Astroblepus | 2007-04-04,informativa,INABIO
694,681385,registro,"mismo punto, fecha y especie en varios catalogos",decimalLatitude | eventDate | scientificName,Astroblepus | 2007-04-05,informativa,INABIO
695,681386,registro,"mismo punto, fecha y especie en varios catalogos",decimalLatitude | eventDate | scientificName,Astroblepus | 2007-04-05,informativa,INABIO
704,681397,registro,"mismo punto, fecha y especie en varios catalogos",decimalLatitude | eventDate | scientificName,Astroblepus cyclopus | 2007-05-05,informativa,INABIO
705,681398,registro,"mismo punto, fecha y especie en varios catalogos",decimalLatitude | eventDate | scientificName,Astroblepus mindoensis | 2007-05-05,informativa,INABIO
706,681399,registro,"mismo punto, fecha y especie en varios catalogos",decimalLatitude | eventDate | scientificName,Astroblepus mindoensis | 2007-05-05,informativa,INABIO
707,681400,registro,"mismo punto, fecha y especie en varios catalogos",decimalLatitude | eventDate | scientificName,Astroblepus cyclopus | 2007-05-05,informativa,INABIO
708,681401,registro,"mismo punto, fecha y especie en varios catalogos",decimalLatitude | eventDate | scientificName,Astroblepus mindoensis | 2007-05-05,informativa,INABIO
73,681425,registro,"mismo punto, fecha y especie en varios catalogos",decimalLatitude | eventDate | scientificName,Aequidens tetramerus | 1985-01-01,informativa,INABIO
745,681442,registro,"mismo punto, fecha y especie en varios catalogos",decimalLatitude | eventDate | scientificName,Bryconamericus | 2007-05-08,informativa,INABIO
746,681443,registro,"mismo punto, fecha y especie en varios catalogos",decimalLatitude | eventDate | scientificName,Bryconamericus | 2007-05-08,informativa,INABIO
755,681453,registro,"mismo punto, fecha y especie en varios catalogos",decimalLatitude | eventDate | scientificName,Knodus | 2007-05-24,informativa,INABIO
759,681457,registro,"mismo punto, fecha y especie en varios catalogos",decimalLatitude | eventDate | scientificName,Knodus | 2007-05-24,informativa,INABIO
760,681459,registro,"mismo punto, fecha y especie en varios catalogos",decimalLatitude | eventDate | scientificName,Characidae | 2007-05-24,informativa,INABIO
761,681460,registro,"mismo punto, fecha y especie en varios catalogos",decimalLatitude | eventDate | scientificName,Characidae | 2007-05-24,informativa,INABIO
792,681494,registro,"mismo punto, fecha y especie en varios catalogos",decimalLatitude | eventDate | scientificName,Knodus | 2007-05-25,informativa,INABIO
793,681495,registro,"mismo punto, fecha y especie en varios catalogos",decimalLatitude | eventDate | scientificName,Knodus | 2007-05-25,informativa,INABIO
794,681496,registro,"mismo punto, fecha y especie en varios catalogos",decimalLatitude | eventDate | scientificName,Knodus | 2007-05-25,informativa,INABIO
805,681509,registro,"mismo punto, fecha y especie en varios catalogos",decimalLatitude | eventDate | scientificName,Bujurquina mariae | 2007-05-27,informativa,INABIO
806,681510,registro,"mismo punto, fecha y especie en varios catalogos",decimalLatitude | eventDate | scientificName,Chrysobrycon hesperus | 2007-05-27,informativa,INABIO
812,681517,registro,"mismo punto, fecha y especie en varios catalogos",decimalLatitude | eventDate | scientificName,Chrysobrycon hesperus | 2007-05-27,informativa,INABIO
814,681519,registro,"mismo punto, fecha y especie en varios catalogos",decimalLatitude | eventDate | scientificName,Bujurquina mariae | 2007-05-27,informativa,INABIO
839,681546,registro,"mismo punto, fecha y especie en varios catalogos",decimalLatitude | eventDate | scientificName,Pyrrhulina brevis | 2007-05-31,informativa,INABIO
840,681548,registro,"mismo punto, fecha y especie en varios catalogos",decimalLatitude | eventDate | scientificName,Pyrrhulina brevis | 2007-05-31,informativa,INABIO
848,681556,registro,"mismo punto, fecha y especie en varios catalogos",decimalLatitude | eventDate | scientificName,Astroblepus cyclopus | 2007-06-15,informativa,INABIO
849,681557,registro,"mismo punto, fecha y especie en varios catalogos",decimalLatitude | eventDate | scientificName,Astroblepus cyclopus | 2007-06-15,informativa,INABIO
851,681560,registro,"mismo punto, fecha y especie en varios catalogos",decimalLatitude | eventDate | scientificName,Astroblepus mindoensis | 2007-06-18,informativa,INABIO
854,681563,registro,"mismo punto, fecha y especie en varios catalogos",decimalLatitude | eventDate | scientificName,Astroblepus mindoensis | 2007-06-18,informativa,INABIO
856,681565,registro,"mismo punto, fecha y especie en varios catalogos",decimalLatitude | eventDate | scientificName,Astroblepus mindoensis | 2007-06-18,informativa,INABIO
864,681574,registro,"mismo punto, fecha y especie en varios catalogos",decimalLatitude | eventDate | scientificName,Astroblepus | 2007-06-19,informativa,INABIO
865,681575,registro,"mismo punto, fecha y especie en varios catalogos",decimalLatitude | eventDate | scientificName,Astroblepus | 2007-06-19,informativa,INABIO
902,681617,registro,"mismo punto, fecha y especie en varios catalogos",decimalLatitude | eventDate | scientificName,Astroblepus whymperi | 2007-07-23,informativa,INABIO
903,681618,registro,"mismo punto, fecha y especie en varios catalogos",decimalLatitude | eventDate | scientificName,Astroblepus whymperi | 2007-07-23,informativa,INABIO
911,681627,registro,"mismo punto, fecha y especie en varios catalogos",decimalLatitude | eventDate | scientificName,Astroblepus | 2007-08-13,informativa,INABIO
912,681628,registro,"mismo punto, fecha y especie en varios catalogos",decimalLatitude | eventDate | scientificName,Astroblepus | 2007-08-13,informativa,INABIO
917,681633,registro,"mismo punto, fecha y especie en varios catalogos",decimalLatitude | eventDate | scientificName,Astroblepus mindoensis | 2007-08-28,informativa,INABIO
918,681634,registro,"mismo punto, fecha y especie en varios catalogos",decimalLatitude | eventDate | scientificName,Astroblepus mindoensis | 2007-08-28,informativa,INABIO
921,681638,registro,"mismo punto, fecha y especie en varios catalogos",decimalLatitude | eventDate | scientificName,Bryconamericus | 2007-08-29,informativa,INABIO
924,681641,registro,"mismo punto, fecha y especie en varios catalogos",decimalLatitude | eventDate | scientificName,Bryconamericus | 2007-08-29,informativa,INABIO
932,681650,registro,"mismo punto, fecha y especie en varios catalogos",decimalLatitude | eventDate | scientificName,Bryconamericus pachacuti | 2007-09-17,informativa,INABIO
933,681651,registro,"mismo punto, fecha y especie en varios catalogos",decimalLatitude | eventDate | scientificName,Chaetostoma microps | 2007-09-17,informativa,INABIO
935,681653,registro,"mismo punto, fecha y especie en varios catalogos",decimalLatitude | eventDate | scientificName,Chaetostoma microps | 2007-09-17,informativa,INABIO
936,681654,registro,"mismo punto, fecha y especie en varios catalogos",decimalLatitude | eventDate | scientificName,Chaetostoma microps | 2007-09-17,informativa,INABIO
939,681657,registro,"mismo punto, fecha y especie en varios catalogos",decimalLatitude | eventDate | scientificName,Bryconamericus pachacuti | 2007-09-17,informativa,INABIO
945,681664,registro,"mismo punto, fecha y especie en varios catalogos",decimalLatitude | eventDate | scientificName,Chaetostoma microps | 2007-09-17,informativa,INABIO
948,681667,registro,"mismo punto, fecha y especie en varios catalogos",decimalLatitude | eventDate | scientificName,Chaetostoma microps | 2007-09-17,informativa,INABIO
949,681668,registro,"mismo punto, fecha y especie en varios catalogos",decimalLatitude | eventDate | scientificName,Chaetostoma microps | 2007-09-17,informativa,INABIO
950,681670,registro,"mismo punto, fecha y especie en varios catalogos",decimalLatitude | eventDate | scientificName,Chaetostoma microps | 2007-09-17,informativa,INABIO
951,681671,registro,"mismo punto, fecha y especie en varios catalogos",decimalLatitude | eventDate | scientificName,Chaetostoma microps | 2007-09-17,informativa,INABIO
955,681675,registro,"mismo punto, fecha y especie en varios catalogos",decimalLatitude | eventDate | scientificName,Chaetostoma | 2007-09-18,informativa,INABIO
956,681676,registro,"mismo punto, fecha y especie en varios catalogos",decimalLatitude | eventDate | scientificName,Chaetostoma | 2007-09-18,informativa,INABIO
959,681679,registro,"mismo punto, fecha y especie en varios catalogos",decimalLatitude | eventDate | scientificName,Astroblepus | 2007-09-18,informativa,INABIO
960,681681,registro,"mismo punto, fecha y especie en varios catalogos",decimalLatitude | eventDate | scientificName,Astroblepus | 2007-09-18,informativa,INABIO
961,681682,registro,"mismo punto, fecha y especie en varios catalogos",decimalLatitude | eventDate | scientificName,Chaetostoma | 2007-09-18,informativa,INABIO
977,681699,registro,"mismo punto, fecha y especie en varios catalogos",decimalLatitude | eventDate | scientificName,Hoplias malabaricus | 2007-09-20,informativa,INABIO
983,681706,registro,"mismo punto, fecha y especie en varios catalogos",decimalLatitude | eventDate | scientificName,Charax tectifer | 2007-09-20,informativa,INABIO
985,681708,registro,"mismo punto, fecha y especie en varios catalogos",decimalLatitude | eventDate | scientificName,Characidium purpuratum | 2007-09-20,informativa,INABIO
986,681709,registro,"mismo punto, fecha y especie en varios catalogos",decimalLatitude | eventDate | scientificName,Characidium purpuratum | 2007-09-20,informativa,INABIO
987,681710,registro,"mismo punto, fecha y especie en varios catalogos",decimalLatitude | eventDate | scientificName,Characidium purpuratum | 2007-09-20,informativa,INABIO
989,681712,registro,"mismo punto, fecha y especie en varios catalogos",decimalLatitude | eventDate | scientificName,Chaetostoma | 2007-09-20,informativa,INABIO
991,681715,registro,"mismo punto, fecha y especie en varios catalogos",decimalLatitude | eventDate | scientificName,Astyanax henseli | 2007-09-20,informativa,INABIO
992,681716,registro,"mismo punto, fecha y especie en varios catalogos",decimalLatitude | eventDate | scientificName,Hoplias malabaricus | 2007-09-20,informativa,INABIO
993,681717,registro,"mismo punto, fecha y especie en varios catalogos",decimalLatitude | eventDate | scientificName,Charax tectifer | 2007-09-20,informativa,INABIO
3767,680406,registro,sello dcterms:modified fuera de los lotes de carga conocidos,modified,2020-01-16T11:04:51,informativa,propio
6410,1841506,registro,sello dcterms:modified fuera de los lotes de carga conocidos,modified,2025-11-07T17:58:17,informativa,propio
10,677263,temporal,ano de colecta atipico para el colector,eventDate | recordedBy,1979-12-07 | Jonathan Santiago Valdiviezo Rivera,informativa,propio
2298,678728,temporal,ano de colecta atipico para el colector,eventDate | recordedBy,2013-02-25 | Jonathan Santiago Valdiviezo Rivera,informativa,propio
2299,678729,temporal,ano de colecta atipico para el colector,eventDate | recordedBy,2013-02-25 | Jonathan Santiago Valdiviezo Rivera,informativa,propio
2300,678732,temporal,ano de colecta atipico para el colector,eventDate | recordedBy,2013-02-25 | Jonathan Santiago Valdiviezo Rivera,informativa,propio
2301,678733,temporal,ano de colecta atipico para el colector,eventDate | recordedBy,2013-02-25 | Jonathan Santiago Valdiviezo Rivera,informativa,propio
2302,678734,temporal,ano de colecta atipico para el colector,eventDate | recordedBy,2013-02-25 | Jonathan Santiago Valdiviezo Rivera,informativa,propio
2303,678735,temporal,ano de colecta atipico para el colector,eventDate | recordedBy,2013-02-25 | Jonathan Santiago Valdiviezo Rivera,informativa,propio
2304,678736,temporal,ano de colecta atipico para el colector,eventDate | recordedBy,2013-02-25 | Jonathan Santiago Valdiviezo Rivera,informativa,propio
2305,678737,temporal,ano de colecta atipico para el colector,eventDate | recordedBy,2013-02-25 | Jonathan Santiago Valdiviezo Rivera,informativa,propio
2306,678738,temporal,ano de colecta atipico para el colector,eventDate | recordedBy,2013-02-25 | Jonathan Santiago Valdiviezo Rivera,informativa,propio
2307,678739,temporal,ano de colecta atipico para el colector,eventDate | recordedBy,2013-02-25 | Jonathan Santiago Valdiviezo Rivera,informativa,propio
2401,678844,temporal,ano de colecta atipico para el colector,eventDate | recordedBy,2007-01-29 | Jonathan Santiago Valdiviezo Rivera,informativa,propio
2402,678845,temporal,ano de colecta atipico para el colector,eventDate | recordedBy,2007-05-04 | Jonathan Santiago Valdiviezo Rivera,informativa,propio
2403,678846,temporal,ano de colecta atipico para el colector,eventDate | recordedBy,2007-05-08 | Jonathan Santiago Valdiviezo Rivera,informativa,propio
2404,678847,temporal,ano de colecta atipico para el colector,eventDate | recordedBy,2007-06-15 | Jonathan Santiago Valdiviezo Rivera,informativa,propio
2405,678848,temporal,ano de colecta atipico para el colector,eventDate | recordedBy,2013-02-25 | Jonathan Santiago Valdiviezo Rivera,informativa,propio
2406,678849,temporal,ano de colecta atipico para el colector,eventDate | recordedBy,2013-02-25 | Jonathan Santiago Valdiviezo Rivera,informativa,propio
2407,678850,temporal,ano de colecta atipico para el colector,eventDate | recordedBy,2007-06-19 | Jonathan Santiago Valdiviezo Rivera,informativa,propio
2408,678851,temporal,ano de colecta atipico para el colector,eventDate | recordedBy,2007-08-28 | Jonathan Santiago Valdiviezo Rivera,informativa,propio
2409,678852,temporal,ano de colecta atipico para el colector,eventDate | recordedBy,2007-08-29 | Jonathan Santiago Valdiviezo Rivera,informativa,propio
2410,678854,temporal,ano de colecta atipico para el colector,eventDate | recordedBy,2007-08-07 | Jonathan Santiago Valdiviezo Rivera,informativa,propio
296,679486,temporal,ano de colecta atipico para el colector,eventDate | recordedBy,2005-05-07 | Jonathan Santiago Valdiviezo Rivera,informativa,propio
297,679497,temporal,ano de colecta atipico para el colector,eventDate | recordedBy,2005-05-07 | Jonathan Santiago Valdiviezo Rivera,informativa,propio
298,679508,temporal,ano de colecta atipico para el colector,eventDate | recordedBy,2005-05-07 | Jonathan Santiago Valdiviezo Rivera,informativa,propio
299,679519,temporal,ano de colecta atipico para el colector,eventDate | recordedBy,2005-05-07 | Jonathan Santiago Valdiviezo Rivera,informativa,propio
300,679532,temporal,ano de colecta atipico para el colector,eventDate | recordedBy,2005-05-07 | Jonathan Santiago Valdiviezo Rivera,informativa,propio
301,679543,temporal,ano de colecta atipico para el colector,eventDate | recordedBy,2005-05-07 | Jonathan Santiago Valdiviezo Rivera,informativa,propio
302,679554,temporal,ano de colecta atipico para el colector,eventDate | recordedBy,2005-05-07 | Jonathan Santiago Valdiviezo Rivera,informativa,propio
303,679565,temporal,ano de colecta atipico para el colector,eventDate | recordedBy,2005-05-07 | Jonathan Santiago Valdiviezo Rivera,informativa,propio
304,679576,temporal,ano de colecta atipico para el colector,eventDate | recordedBy,2005-05-07 | Jonathan Santiago Valdiviezo Rivera,informativa,propio
305,679587,temporal,ano de colecta atipico para el colector,eventDate | recordedBy,2005-05-07 | Jonathan Santiago Valdiviezo Rivera,informativa,propio
306,679598,temporal,ano de colecta atipico para el colector,eventDate | recordedBy,2005-05-07 | Jonathan Santiago Valdiviezo Rivera,informativa,propio
307,679609,temporal,ano de colecta atipico para el colector,eventDate | recordedBy,2005-05-07 | Jonathan Santiago Valdiviezo Rivera,informativa,propio
308,679620,temporal,ano de colecta atipico para el colector,eventDate | recordedBy,2005-05-07 | Jonathan Santiago Valdiviezo Rivera,informativa,propio
309,679631,temporal,ano de colecta atipico para el colector,eventDate | recordedBy,2005-05-07 | Jonathan Santiago Valdiviezo Rivera,informativa,propio
310,679643,temporal,ano de colecta atipico para el colector,eventDate | recordedBy,2005-05-09 | Jonathan Santiago Valdiviezo Rivera,informativa,propio
311,679654,temporal,ano de colecta atipico para el colector,eventDate | recordedBy,2005-05-09 | Jonathan Santiago Valdiviezo Rivera,informativa,propio
312,679665,temporal,ano de colecta atipico para el colector,eventDate | recordedBy,2005-05-09 | Jonathan Santiago Valdiviezo Rivera,informativa,propio
313,679676,temporal,ano de colecta atipico para el colector,eventDate | recordedBy,2005-05-09 | Jonathan Santiago Valdiviezo Rivera,informativa,propio
314,679687,temporal,ano de colecta atipico para el colector,eventDate | recordedBy,2005-05-09 | Jonathan Santiago Valdiviezo Rivera,informativa,propio
315,679698,temporal,ano de colecta atipico para el colector,eventDate | recordedBy,2005-05-08 | Jonathan Santiago Valdiviezo Rivera,informativa,propio
316,679709,temporal,ano de colecta atipico para el colector,eventDate | recordedBy,2005-05-11 | Jonathan Santiago Valdiviezo Rivera,informativa,propio
317,679720,temporal,ano de colecta atipico para el colector,eventDate | recordedBy,2005-05-11 | Jonathan Santiago Valdiviezo Rivera,informativa,propio
318,679731,temporal,ano de colecta atipico para el colector,eventDate | recordedBy,2005-05-11 | Jonathan Santiago Valdiviezo Rivera,informativa,propio
319,679742,temporal,ano de colecta atipico para el colector,eventDate | recordedBy,2005-05-11 | Jonathan Santiago Valdiviezo Rivera,informativa,propio
320,679754,temporal,ano de colecta atipico para el colector,eventDate | recordedBy,2005-05-11 | Jonathan Santiago Valdiviezo Rivera,informativa,propio
321,679765,temporal,ano de colecta atipico para el colector,eventDate | recordedBy,2005-05-11 | Jonathan Santiago Valdiviezo Rivera,informativa,propio
322,679776,temporal,ano de colecta atipico para el colector,eventDate | recordedBy,2005-05-12 | Jonathan Santiago Valdiviezo Rivera,informativa,propio
323,679787,temporal,ano de colecta atipico para el colector,eventDate | recordedBy,2005-05-12 | Jonathan Santiago Valdiviezo Rivera,informativa,propio
324,679798,temporal,ano de colecta atipico para el colector,eventDate | recordedBy,2005-05-12 | Jonathan Santiago Valdiviezo Rivera,informativa,propio
325,679809,temporal,ano de colecta atipico para el colector,eventDate | recordedBy,2005-05-12 | Jonathan Santiago Valdiviezo Rivera,informativa,propio
3370,679943,temporal,ano de colecta atipico para el colector,eventDate | recordedBy,2014-10-21 | Gueppi,informativa,propio
3371,679944,temporal,ano de colecta atipico para el colector,eventDate | recordedBy,2014-10-21 | Gueppi,informativa,propio
3372,679945,temporal,ano de colecta atipico para el colector,eventDate | recordedBy,2014-10-21 | Gueppi,informativa,propio
3373,679946,temporal,ano de colecta atipico para el colector,eventDate | recordedBy,2014-10-21 | Gueppi,informativa,propio
3374,679947,temporal,ano de colecta atipico para el colector,eventDate | recordedBy,2014-10-21 | Gueppi,informativa,propio
3375,679948,temporal,ano de colecta atipico para el colector,eventDate | recordedBy,2014-10-21 | Gueppi,informativa,propio
3376,679949,temporal,ano de colecta atipico para el colector,eventDate | recordedBy,2014-10-21 | Gueppi,informativa,propio
3377,679950,temporal,ano de colecta atipico para el colector,eventDate | recordedBy,2014-10-21 | Gueppi,informativa,propio
3378,679951,temporal,ano de colecta atipico para el colector,eventDate | recordedBy,2014-10-21 | Gueppi,informativa,propio
3379,679952,temporal,ano de colecta atipico para el colector,eventDate | recordedBy,2014-10-21 | Gueppi,informativa,propio
3380,679954,temporal,ano de colecta atipico para el colector,eventDate | recordedBy,2014-10-21 | Gueppi,informativa,propio
3381,679955,temporal,ano de colecta atipico para el colector,eventDate | recordedBy,2014-10-21 | Gueppi,informativa,propio
3382,679956,temporal,ano de colecta atipico para el colector,eventDate | recordedBy,2014-10-21 | Gueppi,informativa,propio
3383,679957,temporal,ano de colecta atipico para el colector,eventDate | recordedBy,2014-10-21 | Gueppi,informativa,propio
3384,679958,temporal,ano de colecta atipico para el colector,eventDate | recordedBy,2014-10-21 | Gueppi,informativa,propio
3389,679963,temporal,ano de colecta atipico para el colector,eventDate | recordedBy,2014-10-21 | Gueppi,informativa,propio
3390,679965,temporal,ano de colecta atipico para el colector,eventDate | recordedBy,2016-02-21 | Gueppi,informativa,propio
3868,680518,temporal,ano de colecta atipico para el colector,eventDate | recordedBy,2016-08-20 | Jonathan Santiago Valdiviezo Rivera,informativa,propio
3869,680519,temporal,ano de colecta atipico para el colector,eventDate | recordedBy,2016-08-20 | Jonathan Santiago Valdiviezo Rivera,informativa,propio
3870,680521,temporal,ano de colecta atipico para el colector,eventDate | recordedBy,2016-10-20 | Jonathan Santiago Valdiviezo Rivera,informativa,propio
392,680576,temporal,ano de colecta atipico para el colector,eventDate | recordedBy,2005-05-11 | Jonathan Santiago Valdiviezo Rivera,informativa,propio
393,680587,temporal,ano de colecta atipico para el colector,eventDate | recordedBy,2005-05-11 | Jonathan Santiago Valdiviezo Rivera,informativa,propio
3945,680604,temporal,ano de colecta atipico para el colector,eventDate | recordedBy,2017-11-23 | Jonathan Santiago Valdiviezo Rivera,informativa,propio
3946,680605,temporal,ano de colecta atipico para el colector,eventDate | recordedBy,2017-11-23 | Jonathan Santiago Valdiviezo Rivera,informativa,propio
3947,680606,temporal,ano de colecta atipico para el colector,eventDate | recordedBy,2017-11-23 | Jonathan Santiago Valdiviezo Rivera,informativa,propio
3948,680607,temporal,ano de colecta atipico para el colector,eventDate | recordedBy,2017-11-23 | Jonathan Santiago Valdiviezo Rivera,informativa,propio
3949,680608,temporal,ano de colecta atipico para el colector,eventDate | recordedBy,2017-11-23 | Jonathan Santiago Valdiviezo Rivera,informativa,propio
3954,680614,temporal,ano de colecta atipico para el colector,eventDate | recordedBy,2017-11-23 | Jonathan Santiago Valdiviezo Rivera,informativa,propio
4002,680669,temporal,ano de colecta atipico para el colector,eventDate | recordedBy,2017-09-04 | Jonathan Santiago Valdiviezo Rivera,informativa,propio
4003,680670,temporal,ano de colecta atipico para el colector,eventDate | recordedBy,2017-09-04 | Jonathan Santiago Valdiviezo Rivera,informativa,propio
4004,680671,temporal,ano de colecta atipico para el colector,eventDate | recordedBy,2017-09-04 | Jonathan Santiago Valdiviezo Rivera,informativa,propio
4005,680672,temporal,ano de colecta atipico para el colector,eventDate | recordedBy,2017-09-04 | Jonathan Santiago Valdiviezo Rivera,informativa,propio
4006,680673,temporal,ano de colecta atipico para el colector,eventDate | recordedBy,2017-09-04 | Jonathan Santiago Valdiviezo Rivera,informativa,propio
4007,680674,temporal,ano de colecta atipico para el colector,eventDate | recordedBy,2017-09-04 | Jonathan Santiago Valdiviezo Rivera,informativa,propio
4008,680675,temporal,ano de colecta atipico para el colector,eventDate | recordedBy,2017-09-05 | Jonathan Santiago Valdiviezo Rivera,informativa,propio
4009,680676,temporal,ano de colecta atipico para el colector,eventDate | recordedBy,2017-09-05 | Jonathan Santiago Valdiviezo Rivera,informativa,propio
4010,680678,temporal,ano de colecta atipico para el colector,eventDate | recordedBy,2017-09-05 | Jonathan Santiago Valdiviezo Rivera,informativa,propio
4011,680679,temporal,ano de colecta atipico para el colector,eventDate | recordedBy,2017-10-17 | Jonathan Santiago Valdiviezo Rivera,informativa,propio
4152,680835,temporal,ano de colecta atipico para el colector,eventDate | recordedBy,2019-05-11 | Jonathan Santiago Valdiviezo Rivera,informativa,propio
4153,680836,temporal,ano de colecta atipico para el colector,eventDate | recordedBy,2019-05-11 | Jonathan Santiago Valdiviezo Rivera,informativa,propio
4154,680837,temporal,ano de colecta atipico para el colector,eventDate | recordedBy,2019-05-11 | Jonathan Santiago Valdiviezo Rivera,informativa,propio
4155,680838,temporal,ano de colecta atipico para el colector,eventDate | recordedBy,2019-05-11 | Jonathan Santiago Valdiviezo Rivera,informativa,propio
4156,680839,temporal,ano de colecta atipico para el colector,eventDate | recordedBy,2019-05-11 | Jonathan Santiago Valdiviezo Rivera,informativa,propio
4157,680840,temporal,ano de colecta atipico para el colector,eventDate | recordedBy,2019-05-11 | Jonathan Santiago Valdiviezo Rivera,informativa,propio
4158,680841,temporal,ano de colecta atipico para el colector,eventDate | recordedBy,2019-05-11 | Jonathan Santiago Valdiviezo Rivera,informativa,propio
4159,680842,temporal,ano de colecta atipico para el colector,eventDate | recordedBy,2019-05-11 | Jonathan Santiago Valdiviezo Rivera,informativa,propio
4160,680844,temporal,ano de colecta atipico para el colector,eventDate | recordedBy,2019-05-11 | Jonathan Santiago Valdiviezo Rivera,informativa,propio
4161,680845,temporal,ano de colecta atipico para el colector,eventDate | recordedBy,2019-05-11 | Jonathan Santiago Valdiviezo Rivera,informativa,propio
4162,680846,temporal,ano de colecta atipico para el colector,eventDate | recordedBy,2019-05-11 | Jonathan Santiago Valdiviezo Rivera,informativa,propio
4163,680847,temporal,ano de colecta atipico para el colector,eventDate | recordedBy,2019-05-11 | Jonathan Santiago Valdiviezo Rivera,informativa,propio
4164,680848,temporal,ano de colecta atipico para el colector,eventDate | recordedBy,2019-05-11 | Jonathan Santiago Valdiviezo Rivera,informativa,propio
4165,680849,temporal,ano de colecta atipico para el colector,eventDate | recordedBy,2019-05-11 | Jonathan Santiago Valdiviezo Rivera,informativa,propio
4166,680850,temporal,ano de colecta atipico para el colector,eventDate | recordedBy,2019-05-11 | Jonathan Santiago Valdiviezo Rivera,informativa,propio
4167,680851,temporal,ano de colecta atipico para el colector,eventDate | recordedBy,2019-05-12 | Jonathan Santiago Valdiviezo Rivera,informativa,propio
4168,680852,temporal,ano de colecta atipico para el colector,eventDate | recordedBy,2019-05-12 | Jonathan Santiago Valdiviezo Rivera,informativa,propio
4169,680853,temporal,ano de colecta atipico para el colector,eventDate | recordedBy,2019-05-12 | Jonathan Santiago Valdiviezo Rivera,informativa,propio
4170,680855,temporal,ano de colecta atipico para el colector,eventDate | recordedBy,2019-05-12 | Jonathan Santiago Valdiviezo Rivera,informativa,propio
4171,680856,temporal,ano de colecta atipico para el colector,eventDate | recordedBy,2019-05-12 | Jonathan Santiago Valdiviezo Rivera,informativa,propio
4172,680857,temporal,ano de colecta atipico para el colector,eventDate | recordedBy,2019-05-12 | Jonathan Santiago Valdiviezo Rivera,informativa,propio
4173,680858,temporal,ano de colecta atipico para el colector,eventDate | recordedBy,2019-05-13 | Jonathan Santiago Valdiviezo Rivera,informativa,propio
4174,680859,temporal,ano de colecta atipico para el colector,eventDate | recordedBy,2019-05-13 | Jonathan Santiago Valdiviezo Rivera,informativa,propio
4175,680860,temporal,ano de colecta atipico para el colector,eventDate | recordedBy,2019-05-13 | Jonathan Santiago Valdiviezo Rivera,informativa,propio
4176,680861,temporal,ano de colecta atipico para el colector,eventDate | recordedBy,2019-05-15 | Jonathan Santiago Valdiviezo Rivera,informativa,propio
4177,680862,temporal,ano de colecta atipico para el colector,eventDate | recordedBy,2019-05-15 | Jonathan Santiago Valdiviezo Rivera,informativa,propio
4178,680863,temporal,ano de colecta atipico para el colector,eventDate | recordedBy,2019-05-15 | Jonathan Santiago Valdiviezo Rivera,informativa,propio
4258,680952,temporal,ano de colecta atipico para el colector,eventDate | recordedBy,2019-07-20 | Jonathan Santiago Valdiviezo Rivera,informativa,propio
4259,680953,temporal,ano de colecta atipico para el colector,eventDate | recordedBy,2019-07-20 | Jonathan Santiago Valdiviezo Rivera,informativa,propio
4260,680955,temporal,ano de colecta atipico para el colector,eventDate | recordedBy,2019-07-20 | Jonathan Santiago Valdiviezo Rivera,informativa,propio
4261,680956,temporal,ano de colecta atipico para el colector,eventDate | recordedBy,2019-07-20 | Jonathan Santiago Valdiviezo Rivera,informativa,propio
4262,680957,temporal,ano de colecta atipico para el colector,eventDate | recordedBy,2019-07-20 | Jonathan Santiago Valdiviezo Rivera,informativa,propio
4263,680958,temporal,ano de colecta atipico para el colector,eventDate | recordedBy,2019-07-20 | Jonathan Santiago Valdiviezo Rivera,informativa,propio
4307,681007,temporal,ano de colecta atipico para el colector,eventDate | recordedBy,2019-10-24 | Paúl Tufiño,informativa,propio
4308,681008,temporal,ano de colecta atipico para el colector,eventDate | recordedBy,2019-10-24 | Paúl Tufiño,informativa,propio
4309,681009,temporal,ano de colecta atipico para el colector,eventDate | recordedBy,2019-10-24 | Paúl Tufiño,informativa,propio
4310,681011,temporal,ano de colecta atipico para el colector,eventDate | recordedBy,2019-10-24 | Paúl Tufiño,informativa,propio
4311,681012,temporal,ano de colecta atipico para el colector,eventDate | recordedBy,2019-10-24 | Paúl Tufiño,informativa,propio
4312,681013,temporal,ano de colecta atipico para el colector,eventDate | recordedBy,2019-10-25 | Paúl Tufiño,informativa,propio
4313,681014,temporal,ano de colecta atipico para el colector,eventDate | recordedBy,2019-10-25 | Paúl Tufiño,informativa,propio
4314,681015,temporal,ano de colecta atipico para el colector,eventDate | recordedBy,2019-10-25 | Paúl Tufiño,informativa,propio
4315,681016,temporal,ano de colecta atipico para el colector,eventDate | recordedBy,2019-10-25 | Paúl Tufiño,informativa,propio
4316,681017,temporal,ano de colecta atipico para el colector,eventDate | recordedBy,2019-10-25 | Paúl Tufiño,informativa,propio
4317,681018,temporal,ano de colecta atipico para el colector,eventDate | recordedBy,2019-10-25 | Paúl Tufiño,informativa,propio
4318,681019,temporal,ano de colecta atipico para el colector,eventDate | recordedBy,2019-10-23 | Paúl Tufiño,informativa,propio
4319,681020,temporal,ano de colecta atipico para el colector,eventDate | recordedBy,2019-10-23 | Paúl Tufiño,informativa,propio
4320,681022,temporal,ano de colecta atipico para el colector,eventDate | recordedBy,2019-10-23 | Paúl Tufiño,informativa,propio
4321,681023,temporal,ano de colecta atipico para el colector,eventDate | recordedBy,2019-10-23 | Paúl Tufiño,informativa,propio
4322,681024,temporal,ano de colecta atipico para el colector,eventDate | recordedBy,2019-10-23 | Paúl Tufiño,informativa,propio
4323,681025,temporal,ano de colecta atipico para el colector,eventDate | recordedBy,2019-10-23 | Paúl Tufiño,informativa,propio
4324,681026,temporal,ano de colecta atipico para el colector,eventDate | recordedBy,2019-10-23 | Paúl Tufiño,informativa,propio
4325,681027,temporal,ano de colecta atipico para el colector,eventDate | recordedBy,2019-10-20 | Paúl Tufiño,informativa,propio
4326,681028,temporal,ano de colecta atipico para el colector,eventDate | recordedBy,2019-10-20 | Paúl Tufiño,informativa,propio
4327,681029,temporal,ano de colecta atipico para el colector,eventDate | recordedBy,2019-10-20 | Paúl Tufiño,informativa,propio
4328,681030,temporal,ano de colecta atipico para el colector,eventDate | recordedBy,2019-10-20 | Paúl Tufiño,informativa,propio
4329,681031,temporal,ano de colecta atipico para el colector,eventDate | recordedBy,2019-10-23 | Paúl Tufiño,informativa,propio
4330,681033,temporal,ano de colecta atipico para el colector,eventDate | recordedBy,2019-10-23 | Paúl Tufiño,informativa,propio
4331,681034,temporal,ano de colecta atipico para el colector,eventDate | recordedBy,2019-10-23 | Paúl Tufiño,informativa,propio
4332,681035,temporal,ano de colecta atipico para el colector,eventDate | recordedBy,2019-10-23 | Paúl Tufiño,informativa,propio
4333,681036,temporal,ano de colecta atipico para el colector,eventDate | recordedBy,2019-10-23 | Paúl Tufiño,informativa,propio
4334,681037,temporal,ano de colecta atipico para el colector,eventDate | recordedBy,2019-10-23 | Paúl Tufiño,informativa,propio
4335,681038,temporal,ano de colecta atipico para el colector,eventDate | recordedBy,2019-10-23 | Paúl Tufiño,informativa,propio
4336,681039,temporal,ano de colecta atipico para el colector,eventDate | recordedBy,2019-10-21 | Paúl Tufiño,informativa,propio
4337,681040,temporal,ano de colecta atipico para el colector,eventDate | recordedBy,2019-10-25 | Paúl Tufiño,informativa,propio
4338,681041,temporal,ano de colecta atipico para el colector,eventDate | recordedBy,2019-10-25 | Paúl Tufiño,informativa,propio
4353,681058,temporal,ano de colecta atipico para el colector,eventDate | recordedBy,2019-11-20 | Jonathan Santiago Valdiviezo Rivera,informativa,propio
4354,681059,temporal,ano de colecta atipico para el colector,eventDate | recordedBy,2019-11-20 | Jonathan Santiago Valdiviezo Rivera,informativa,propio
4355,681060,temporal,ano de colecta atipico para el colector,eventDate | recordedBy,2019-11-27 | Mauricio Gabriel Herrera Madrid,informativa,propio
4356,681061,temporal,ano de colecta atipico para el colector,eventDate | recordedBy,2019-11-27 | Mauricio Gabriel Herrera Madrid,informativa,propio
4357,681062,temporal,ano de colecta atipico para el colector,eventDate | recordedBy,2019-11-26 | Mauricio Gabriel Herrera Madrid,informativa,propio
4375,677068,temporal,ano de colecta atipico para el colector,eventDate | recordedBy,2020-12-07 | Martha Buenaño Carriel,informativa,propio
4376,677069,temporal,ano de colecta atipico para el colector,eventDate | recordedBy,2020-12-03 | Martha Buenaño Carriel,informativa,propio
4377,677070,temporal,ano de colecta atipico para el colector,eventDate | recordedBy,2020-12-03 | Martha Buenaño Carriel,informativa,propio
4378,677071,temporal,ano de colecta atipico para el colector,eventDate | recordedBy,2020-12-03 | Martha Buenaño Carriel,informativa,propio
4379,677072,temporal,ano de colecta atipico para el colector,eventDate | recordedBy,2020-12-03 | Martha Buenaño Carriel,informativa,propio
4380,677073,temporal,ano de colecta atipico para el colector,eventDate | recordedBy,2020-12-03 | Martha Buenaño Carriel,informativa,propio
4381,677074,temporal,ano de colecta atipico para el colector,eventDate | recordedBy,2020-12-03 | Martha Buenaño Carriel,informativa,propio
4382,677075,temporal,ano de colecta atipico para el colector,eventDate | recordedBy,2020-12-03 | Martha Buenaño Carriel,informativa,propio
4383,677076,temporal,ano de colecta atipico para el colector,eventDate | recordedBy,2020-12-03 | Martha Buenaño Carriel,informativa,propio
4384,677077,temporal,ano de colecta atipico para el colector,eventDate | recordedBy,2020-12-03 | Martha Buenaño Carriel,informativa,propio
4385,677078,temporal,ano de colecta atipico para el colector,eventDate | recordedBy,2020-12-03 | Martha Buenaño Carriel,informativa,propio
4386,677079,temporal,ano de colecta atipico para el colector,eventDate | recordedBy,2020-12-03 | Martha Buenaño Carriel,informativa,propio
4387,677080,temporal,ano de colecta atipico para el colector,eventDate | recordedBy,2020-12-04 | Martha Buenaño Carriel,informativa,propio
4388,677081,temporal,ano de colecta atipico para el colector,eventDate | recordedBy,2020-12-04 | Martha Buenaño Carriel,informativa,propio
4389,677082,temporal,ano de colecta atipico para el colector,eventDate | recordedBy,2020-12-05 | Martha Buenaño Carriel,informativa,propio
4390,677083,temporal,ano de colecta atipico para el colector,eventDate | recordedBy,2020-12-05 | Martha Buenaño Carriel,informativa,propio
4391,677084,temporal,ano de colecta atipico para el colector,eventDate | recordedBy,2020-12-05 | Martha Buenaño Carriel,informativa,propio
4392,677085,temporal,ano de colecta atipico para el colector,eventDate | recordedBy,2020-12-05 | Martha Buenaño Carriel,informativa,propio
4393,677086,temporal,ano de colecta atipico para el colector,eventDate | recordedBy,2020-12-05 | Martha Buenaño Carriel,informativa,propio
4394,677087,temporal,ano de colecta atipico para el colector,eventDate | recordedBy,2020-12-05 | Martha Buenaño Carriel,informativa,propio
4395,677088,temporal,ano de colecta atipico para el colector,eventDate | recordedBy,2020-12-07 | Martha Buenaño Carriel,informativa,propio
4396,677089,temporal,ano de colecta atipico para el colector,eventDate | recordedBy,2020-12-07 | Martha Buenaño Carriel,informativa,propio
4397,677090,temporal,ano de colecta atipico para el colector,eventDate | recordedBy,2020-12-07 | Martha Buenaño Carriel,informativa,propio
4398,677091,temporal,ano de colecta atipico para el colector,eventDate | recordedBy,2020-12-07 | Martha Buenaño Carriel,informativa,propio
4399,677092,temporal,ano de colecta atipico para el colector,eventDate | recordedBy,2020-12-07 | Martha Buenaño Carriel,informativa,propio
4400,677093,temporal,ano de colecta atipico para el colector,eventDate | recordedBy,2020-12-07 | Martha Buenaño Carriel,informativa,propio
4401,677094,temporal,ano de colecta atipico para el colector,eventDate | recordedBy,2020-12-07 | Martha Buenaño Carriel,informativa,propio
4402,677095,temporal,ano de colecta atipico para el colector,eventDate | recordedBy,2020-12-07 | Martha Buenaño Carriel,informativa,propio
4403,677096,temporal,ano de colecta atipico para el colector,eventDate | recordedBy,2021-08-08 | Jonathan Santiago Valdiviezo Rivera,informativa,propio
4404,677097,temporal,ano de colecta atipico para el colector,eventDate | recordedBy,2021-08-08 | Jonathan Santiago Valdiviezo Rivera,informativa,propio
4405,677098,temporal,ano de colecta atipico para el colector,eventDate | recordedBy,2021-08-08 | Jonathan Santiago Valdiviezo Rivera,informativa,propio
4406,677099,temporal,ano de colecta atipico para el colector,eventDate | recordedBy,2021-08-08 | Jonathan Santiago Valdiviezo Rivera,informativa,propio
4442,677135,temporal,ano de colecta atipico para el colector,eventDate | recordedBy,2021-08-08 | Jonathan Santiago Valdiviezo Rivera,informativa,propio
4443,677136,temporal,ano de colecta atipico para el colector,eventDate | recordedBy,2021-08-08 | Jonathan Santiago Valdiviezo Rivera,informativa,propio
4444,677137,temporal,ano de colecta atipico para el colector,eventDate | recordedBy,2021-08-08 | Jonathan Santiago Valdiviezo Rivera,informativa,propio
4445,677138,temporal,ano de colecta atipico para el colector,eventDate | recordedBy,2021-08-08 | Jonathan Santiago Valdiviezo Rivera,informativa,propio
4446,677139,temporal,ano de colecta atipico para el colector,eventDate | recordedBy,2021-08-08 | Jonathan Santiago Valdiviezo Rivera,informativa,propio
4447,677140,temporal,ano de colecta atipico para el colector,eventDate | recordedBy,2021-08-08 | Jonathan Santiago Valdiviezo Rivera,informativa,propio
4506,677199,temporal,ano de colecta atipico para el colector,eventDate | recordedBy,2021-09-02 | Jonathan Santiago Valdiviezo Rivera,informativa,propio
4536,677229,temporal,ano de colecta atipico para el colector,eventDate | recordedBy,2021-02-02 | Martha Buenaño Carriel,informativa,propio
4537,677230,temporal,ano de colecta atipico para el colector,eventDate | recordedBy,2021-02-02 | Martha Buenaño Carriel,informativa,propio
4538,677231,temporal,ano de colecta atipico para el colector,eventDate | recordedBy,2021-02-03 | Martha Buenaño Carriel,informativa,propio
4539,677232,temporal,ano de colecta atipico para el colector,eventDate | recordedBy,2021-02-03 | Martha Buenaño Carriel,informativa,propio
4540,677233,temporal,ano de colecta atipico para el colector,eventDate | recordedBy,2021-02-04 | Martha Buenaño Carriel,informativa,propio
4541,677234,temporal,ano de colecta atipico para el colector,eventDate | recordedBy,2021-02-04 | Martha Buenaño Carriel,informativa,propio
4542,677235,temporal,ano de colecta atipico para el colector,eventDate | recordedBy,2021-02-04 | Martha Buenaño Carriel,informativa,propio
4543,677236,temporal,ano de colecta atipico para el colector,eventDate | recordedBy,2021-03-27 | Martha Buenaño Carriel,informativa,propio
4544,677237,temporal,ano de colecta atipico para el colector,eventDate | recordedBy,2021-03-24 | Martha Buenaño Carriel,informativa,propio
4545,677238,temporal,ano de colecta atipico para el colector,eventDate | recordedBy,2021-03-24 | Martha Buenaño Carriel,informativa,propio
4546,677239,temporal,ano de colecta atipico para el colector,eventDate | recordedBy,2021-03-25 | Martha Buenaño Carriel,informativa,propio
4547,677240,temporal,ano de colecta atipico para el colector,eventDate | recordedBy,2021-03-25 | Martha Buenaño Carriel,informativa,propio
4548,677241,temporal,ano de colecta atipico para el colector,eventDate | recordedBy,2021-03-24 | Martha Buenaño Carriel,informativa,propio
4549,677242,temporal,ano de colecta atipico para el colector,eventDate | recordedBy,2021-03-24 | Martha Buenaño Carriel,informativa,propio
4550,677243,temporal,ano de colecta atipico para el colector,eventDate | recordedBy,2021-03-24 | Martha Buenaño Carriel,informativa,propio
4551,677244,temporal,ano de colecta atipico para el colector,eventDate | recordedBy,2021-04-02 | Martha Buenaño Carriel,informativa,propio
4552,677245,temporal,ano de colecta atipico para el colector,eventDate | recordedBy,2021-04-02 | Martha Buenaño Carriel,informativa,propio
4553,677246,temporal,ano de colecta atipico para el colector,eventDate | recordedBy,2021-04-04 | Martha Buenaño Carriel,informativa,propio
4554,677247,temporal,ano de colecta atipico para el colector,eventDate | recordedBy,2021-04-03 | Martha Buenaño Carriel,informativa,propio
4555,677248,temporal,ano de colecta atipico para el colector,eventDate | recordedBy,2021-04-03 | Martha Buenaño Carriel,informativa,propio
4556,677249,temporal,ano de colecta atipico para el colector,eventDate | recordedBy,2021-04-03 | Martha Buenaño Carriel,informativa,propio
4557,677250,temporal,ano de colecta atipico para el colector,eventDate | recordedBy,2021-04-03 | Martha Buenaño Carriel,informativa,propio
4558,677251,temporal,ano de colecta atipico para el colector,eventDate | recordedBy,2021-04-05 | Martha Buenaño Carriel,informativa,propio
4559,677252,temporal,ano de colecta atipico para el colector,eventDate | recordedBy,2021-04-07 | Martha Buenaño Carriel,informativa,propio
4560,677253,temporal,ano de colecta atipico para el colector,eventDate | recordedBy,2021-04-07 | Martha Buenaño Carriel,informativa,propio
4760,1839833,temporal,ano de colecta atipico para el colector,eventDate | recordedBy,2021-04 | Fernando Anaguano Yancha,informativa,propio
4914,1839987,temporal,ano de colecta atipico para el colector,eventDate | recordedBy,2022-08-01 | Jonathan Santiago Valdiviezo Rivera,informativa,propio
4947,1840020,temporal,ano de colecta atipico para el colector,eventDate | recordedBy,2022-02-01 | Juan Francisco Rivadeneira,informativa,propio
4948,1840021,temporal,ano de colecta atipico para el colector,eventDate | recordedBy,2022-02-01 | Juan Francisco Rivadeneira,informativa,propio
4949,1840022,temporal,ano de colecta atipico para el colector,eventDate | recordedBy,2022-02-01 | Juan Francisco Rivadeneira,informativa,propio
4950,1840023,temporal,ano de colecta atipico para el colector,eventDate | recordedBy,2021-09-01 | Juan Francisco Rivadeneira,informativa,propio
4951,1840024,temporal,ano de colecta atipico para el colector,eventDate | recordedBy,2020-11-02 | Juan Francisco Rivadeneira,informativa,propio
4952,1840025,temporal,ano de colecta atipico para el colector,eventDate | recordedBy,2021-09-01 | Juan Francisco Rivadeneira,informativa,propio
4953,1840026,temporal,ano de colecta atipico para el colector,eventDate | recordedBy,2021-09-01 | Juan Francisco Rivadeneira,informativa,propio
4954,1840027,temporal,ano de colecta atipico para el colector,eventDate | recordedBy,2021-09-01 | Juan Francisco Rivadeneira,informativa,propio
4955,1840028,temporal,ano de colecta atipico para el colector,eventDate | recordedBy,2022-08-01 | Juan Francisco Rivadeneira,informativa,propio
4956,1840029,temporal,ano de colecta atipico para el colector,eventDate | recordedBy,2022-02-01 | Juan Francisco Rivadeneira,informativa,propio
4957,1840030,temporal,ano de colecta atipico para el colector,eventDate | recordedBy,2021-09-01 | Juan Francisco Rivadeneira,informativa,propio
5,681169,temporal,ano de colecta atipico para el colector,eventDate | recordedBy,1979-12-07 | Jonathan Santiago Valdiviezo Rivera,informativa,propio
5014,1840087,temporal,ano de colecta atipico para el colector,eventDate | recordedBy,2023-01-25 | Fernando Anaguano Yancha,informativa,propio
5456,1840529,temporal,ano de colecta atipico para el colector,eventDate | recordedBy,2002-01-12 | QCAZ | C. Puertas,informativa,propio
5492,1840565,temporal,ano de colecta atipico para el colector,eventDate | recordedBy,1905-06-27 | Lida Guarderas,informativa,propio
5684,1840780,temporal,ano de colecta atipico para el colector,eventDate | recordedBy,2027-10-18 | Mauricio Gabriel Herrera Madrid,informativa,propio
5687,1840783,temporal,ano de colecta atipico para el colector,eventDate | recordedBy,2027-10-16 | Mauricio Gabriel Herrera Madrid,informativa,propio
6,681280,temporal,ano de colecta atipico para el colector,eventDate | recordedBy,1979-12-07 | Jonathan Santiago Valdiviezo Rivera,informativa,propio
6168,1841264,temporal,ano de colecta atipico para el colector,eventDate | recordedBy,2013-11-08 | Jonathan Santiago Valdiviezo Rivera,informativa,propio
6169,1841265,temporal,ano de colecta atipico para el colector,eventDate | recordedBy,2013-11-06 | Jonathan Santiago Valdiviezo Rivera,informativa,propio
682,681372,temporal,ano de colecta atipico para el colector,eventDate | recordedBy,2007-02-27 | Mauricio Gabriel Herrera Madrid,informativa,propio
683,681373,temporal,ano de colecta atipico para el colector,eventDate | recordedBy,2007-02-28 | Mauricio Gabriel Herrera Madrid,informativa,propio
684,681374,temporal,ano de colecta atipico para el colector,eventDate | recordedBy,2007-02-28 | Mauricio Gabriel Herrera Madrid,informativa,propio
685,681375,temporal,ano de colecta atipico para el colector,eventDate | recordedBy,2007-02-28 | Mauricio Gabriel Herrera Madrid,informativa,propio
686,681376,temporal,ano de colecta atipico para el colector,eventDate | recordedBy,2007-03-04 | Mauricio Gabriel Herrera Madrid,informativa,propio
7,681391,temporal,ano de colecta atipico para el colector,eventDate | recordedBy,1979-12-07 | Jonathan Santiago Valdiviezo Rivera,informativa,propio
8,681502,temporal,ano de colecta atipico para el colector,eventDate | recordedBy,1979-12-07 | Jonathan Santiago Valdiviezo Rivera,informativa,propio
9,681613,temporal,ano de colecta atipico para el colector,eventDate | recordedBy,1979-12-07 | Jonathan Santiago Valdiviezo Rivera,informativa,propio
4728,1839801,temporal,eventDate parcial sin startDayOfYear (grano no diario),eventDate | startDayOfYear,2022-03,informativa,propio
4729,1839802,temporal,eventDate parcial sin startDayOfYear (grano no diario),eventDate | startDayOfYear,2022-03,informativa,propio
4730,1839803,temporal,eventDate parcial sin startDayOfYear (grano no diario),eventDate | startDayOfYear,2022-03,informativa,propio
4731,1839804,temporal,eventDate parcial sin startDayOfYear (grano no diario),eventDate | startDayOfYear,2022-03,informativa,propio
4732,1839805,temporal,eventDate parcial sin startDayOfYear (grano no diario),eventDate | startDayOfYear,2022-03,informativa,propio
4733,1839806,temporal,eventDate parcial sin startDayOfYear (grano no diario),eventDate | startDayOfYear,2022-03,informativa,propio
4734,1839807,temporal,eventDate parcial sin startDayOfYear (grano no diario),eventDate | startDayOfYear,2022-03,informativa,propio
4735,1839808,temporal,eventDate parcial sin startDayOfYear (grano no diario),eventDate | startDayOfYear,2022-03,informativa,propio
4736,1839809,temporal,eventDate parcial sin startDayOfYear (grano no diario),eventDate | startDayOfYear,2022-03,informativa,propio
4737,1839810,temporal,eventDate parcial sin startDayOfYear (grano no diario),eventDate | startDayOfYear,2022-03,informativa,propio
4738,1839811,temporal,eventDate parcial sin startDayOfYear (grano no diario),eventDate | startDayOfYear,2022-03,informativa,propio
4739,1839812,temporal,eventDate parcial sin startDayOfYear (grano no diario),eventDate | startDayOfYear,2022-03,informativa,propio
4740,1839813,temporal,eventDate parcial sin startDayOfYear (grano no diario),eventDate | startDayOfYear,2022-03,informativa,propio
4741,1839814,temporal,eventDate parcial sin startDayOfYear (grano no diario),eventDate | startDayOfYear,2022-03,informativa,propio
4742,1839815,temporal,eventDate parcial sin startDayOfYear (grano no diario),eventDate | startDayOfYear,2022-03,informativa,propio
4743,1839816,temporal,eventDate parcial sin startDayOfYear (grano no diario),eventDate | startDayOfYear,2022-03,informativa,propio
4744,1839817,temporal,eventDate parcial sin startDayOfYear (grano no diario),eventDate | startDayOfYear,2022-03,informativa,propio
4745,1839818,temporal,eventDate parcial sin startDayOfYear (grano no diario),eventDate | startDayOfYear,2022-03,informativa,propio
4746,1839819,temporal,eventDate parcial sin startDayOfYear (grano no diario),eventDate | startDayOfYear,2022-03,informativa,propio
4747,1839820,temporal,eventDate parcial sin startDayOfYear (grano no diario),eventDate | startDayOfYear,2022-03,informativa,propio
4748,1839821,temporal,eventDate parcial sin startDayOfYear (grano no diario),eventDate | startDayOfYear,2022-03,informativa,propio
4749,1839822,temporal,eventDate parcial sin startDayOfYear (grano no diario),eventDate | startDayOfYear,2022-03,informativa,propio
4750,1839823,temporal,eventDate parcial sin startDayOfYear (grano no diario),eventDate | startDayOfYear,2021-09,informativa,propio
4751,1839824,temporal,eventDate parcial sin startDayOfYear (grano no diario),eventDate | startDayOfYear,2021-09,informativa,propio
4752,1839825,temporal,eventDate parcial sin startDayOfYear (grano no diario),eventDate | startDayOfYear,2021-09,informativa,propio
4753,1839826,temporal,eventDate parcial sin startDayOfYear (grano no diario),eventDate | startDayOfYear,2021-09,informativa,propio
4754,1839827,temporal,eventDate parcial sin startDayOfYear (grano no diario),eventDate | startDayOfYear,2021-09,informativa,propio
4755,1839828,temporal,eventDate parcial sin startDayOfYear (grano no diario),eventDate | startDayOfYear,2021-09,informativa,propio
4756,1839829,temporal,eventDate parcial sin startDayOfYear (grano no diario),eventDate | startDayOfYear,2021-09,informativa,propio
4757,1839830,temporal,eventDate parcial sin startDayOfYear (grano no diario),eventDate | startDayOfYear,2021-09,informativa,propio
4758,1839831,temporal,eventDate parcial sin startDayOfYear (grano no diario),eventDate | startDayOfYear,2021-09,informativa,propio
4759,1839832,temporal,eventDate parcial sin startDayOfYear (grano no diario),eventDate | startDayOfYear,2021-09,informativa,propio
4760,1839833,temporal,eventDate parcial sin startDayOfYear (grano no diario),eventDate | startDayOfYear,2021-04,informativa,propio
4761,1839834,temporal,eventDate parcial sin startDayOfYear (grano no diario),eventDate | startDayOfYear,2021-09,informativa,propio
4762,1839835,temporal,eventDate parcial sin startDayOfYear (grano no diario),eventDate | startDayOfYear,2021-09,informativa,propio
4763,1839836,temporal,eventDate parcial sin startDayOfYear (grano no diario),eventDate | startDayOfYear,2021-09,informativa,propio
4764,1839837,temporal,eventDate parcial sin startDayOfYear (grano no diario),eventDate | startDayOfYear,2021-09,informativa,propio
4765,1839838,temporal,eventDate parcial sin startDayOfYear (grano no diario),eventDate | startDayOfYear,2021-09,informativa,propio
4766,1839839,temporal,eventDate parcial sin startDayOfYear (grano no diario),eventDate | startDayOfYear,2021-09,informativa,propio
4767,1839840,temporal,eventDate parcial sin startDayOfYear (grano no diario),eventDate | startDayOfYear,2021-09,informativa,propio
4768,1839841,temporal,eventDate parcial sin startDayOfYear (grano no diario),eventDate | startDayOfYear,2021-09,informativa,propio
4769,1839842,temporal,eventDate parcial sin startDayOfYear (grano no diario),eventDate | startDayOfYear,2021-09,informativa,propio
4770,1839843,temporal,eventDate parcial sin startDayOfYear (grano no diario),eventDate | startDayOfYear,2021-09,informativa,propio
4771,1839844,temporal,eventDate parcial sin startDayOfYear (grano no diario),eventDate | startDayOfYear,2021-09,informativa,propio
4772,1839845,temporal,eventDate parcial sin startDayOfYear (grano no diario),eventDate | startDayOfYear,2021-09,informativa,propio
4773,1839846,temporal,eventDate parcial sin startDayOfYear (grano no diario),eventDate | startDayOfYear,2021-09,informativa,propio
4774,1839847,temporal,eventDate parcial sin startDayOfYear (grano no diario),eventDate | startDayOfYear,2021-09,informativa,propio
4775,1839848,temporal,eventDate parcial sin startDayOfYear (grano no diario),eventDate | startDayOfYear,2021-09,informativa,propio
4776,1839849,temporal,eventDate parcial sin startDayOfYear (grano no diario),eventDate | startDayOfYear,2021-09,informativa,propio
4777,1839850,temporal,eventDate parcial sin startDayOfYear (grano no diario),eventDate | startDayOfYear,2021-09,informativa,propio
4778,1839851,temporal,eventDate parcial sin startDayOfYear (grano no diario),eventDate | startDayOfYear,2021-09,informativa,propio
4779,1839852,temporal,eventDate parcial sin startDayOfYear (grano no diario),eventDate | startDayOfYear,2021-09,informativa,propio
4780,1839853,temporal,eventDate parcial sin startDayOfYear (grano no diario),eventDate | startDayOfYear,2021-09,informativa,propio
4781,1839854,temporal,eventDate parcial sin startDayOfYear (grano no diario),eventDate | startDayOfYear,2021-09,informativa,propio
4782,1839855,temporal,eventDate parcial sin startDayOfYear (grano no diario),eventDate | startDayOfYear,2022-03,informativa,propio
4783,1839856,temporal,eventDate parcial sin startDayOfYear (grano no diario),eventDate | startDayOfYear,2022-03,informativa,propio
4784,1839857,temporal,eventDate parcial sin startDayOfYear (grano no diario),eventDate | startDayOfYear,2022-03,informativa,propio
4785,1839858,temporal,eventDate parcial sin startDayOfYear (grano no diario),eventDate | startDayOfYear,2022-03,informativa,propio
4786,1839859,temporal,eventDate parcial sin startDayOfYear (grano no diario),eventDate | startDayOfYear,2022-03,informativa,propio
4787,1839860,temporal,eventDate parcial sin startDayOfYear (grano no diario),eventDate | startDayOfYear,2022-03,informativa,propio
4788,1839861,temporal,eventDate parcial sin startDayOfYear (grano no diario),eventDate | startDayOfYear,2022-03,informativa,propio
4789,1839862,temporal,eventDate parcial sin startDayOfYear (grano no diario),eventDate | startDayOfYear,2022-03,informativa,propio
4790,1839863,temporal,eventDate parcial sin startDayOfYear (grano no diario),eventDate | startDayOfYear,2022-03,informativa,propio
4791,1839864,temporal,eventDate parcial sin startDayOfYear (grano no diario),eventDate | startDayOfYear,2022-03,informativa,propio
4792,1839865,temporal,eventDate parcial sin startDayOfYear (grano no diario),eventDate | startDayOfYear,2022-03,informativa,propio
4793,1839866,temporal,eventDate parcial sin startDayOfYear (grano no diario),eventDate | startDayOfYear,2022-03,informativa,propio
4794,1839867,temporal,eventDate parcial sin startDayOfYear (grano no diario),eventDate | startDayOfYear,2022-03,informativa,propio
4795,1839868,temporal,eventDate parcial sin startDayOfYear (grano no diario),eventDate | startDayOfYear,2022-03,informativa,propio
4796,1839869,temporal,eventDate parcial sin startDayOfYear (grano no diario),eventDate | startDayOfYear,2022-03,informativa,propio
4797,1839870,temporal,eventDate parcial sin startDayOfYear (grano no diario),eventDate | startDayOfYear,2022-03,informativa,propio
4798,1839871,temporal,eventDate parcial sin startDayOfYear (grano no diario),eventDate | startDayOfYear,2022-03,informativa,propio
4799,1839872,temporal,eventDate parcial sin startDayOfYear (grano no diario),eventDate | startDayOfYear,2022-03,informativa,propio
4800,1839873,temporal,eventDate parcial sin startDayOfYear (grano no diario),eventDate | startDayOfYear,2022-03,informativa,propio
4801,1839874,temporal,eventDate parcial sin startDayOfYear (grano no diario),eventDate | startDayOfYear,2022-03,informativa,propio
4802,1839875,temporal,eventDate parcial sin startDayOfYear (grano no diario),eventDate | startDayOfYear,2022-03,informativa,propio
4803,1839876,temporal,eventDate parcial sin startDayOfYear (grano no diario),eventDate | startDayOfYear,2022-03,informativa,propio
4804,1839877,temporal,eventDate parcial sin startDayOfYear (grano no diario),eventDate | startDayOfYear,2022-03,informativa,propio
4805,1839878,temporal,eventDate parcial sin startDayOfYear (grano no diario),eventDate | startDayOfYear,2021-09,informativa,propio
4806,1839879,temporal,eventDate parcial sin startDayOfYear (grano no diario),eventDate | startDayOfYear,2021-09,informativa,propio
4807,1839880,temporal,eventDate parcial sin startDayOfYear (grano no diario),eventDate | startDayOfYear,2021-09,informativa,propio
4808,1839881,temporal,eventDate parcial sin startDayOfYear (grano no diario),eventDate | startDayOfYear,2021-09,informativa,propio
4809,1839882,temporal,eventDate parcial sin startDayOfYear (grano no diario),eventDate | startDayOfYear,2021-09,informativa,propio
4810,1839883,temporal,eventDate parcial sin startDayOfYear (grano no diario),eventDate | startDayOfYear,2021-09,informativa,propio
4811,1839884,temporal,eventDate parcial sin startDayOfYear (grano no diario),eventDate | startDayOfYear,2021-09,informativa,propio
4812,1839885,temporal,eventDate parcial sin startDayOfYear (grano no diario),eventDate | startDayOfYear,2021-09,informativa,propio
4813,1839886,temporal,eventDate parcial sin startDayOfYear (grano no diario),eventDate | startDayOfYear,2021-09,informativa,propio
4814,1839887,temporal,eventDate parcial sin startDayOfYear (grano no diario),eventDate | startDayOfYear,2021-09,informativa,propio
4815,1839888,temporal,eventDate parcial sin startDayOfYear (grano no diario),eventDate | startDayOfYear,2021-09,informativa,propio
4816,1839889,temporal,eventDate parcial sin startDayOfYear (grano no diario),eventDate | startDayOfYear,2021-09,informativa,propio
4817,1839890,temporal,eventDate parcial sin startDayOfYear (grano no diario),eventDate | startDayOfYear,2021-09,informativa,propio
4818,1839891,temporal,eventDate parcial sin startDayOfYear (grano no diario),eventDate | startDayOfYear,2021-09,informativa,propio
4819,1839892,temporal,eventDate parcial sin startDayOfYear (grano no diario),eventDate | startDayOfYear,2021-09,informativa,propio
4820,1839893,temporal,eventDate parcial sin startDayOfYear (grano no diario),eventDate | startDayOfYear,2021-09,informativa,propio
4821,1839894,temporal,eventDate parcial sin startDayOfYear (grano no diario),eventDate | startDayOfYear,2021-09,informativa,propio
4822,1839895,temporal,eventDate parcial sin startDayOfYear (grano no diario),eventDate | startDayOfYear,2021-09,informativa,propio
4823,1839896,temporal,eventDate parcial sin startDayOfYear (grano no diario),eventDate | startDayOfYear,2021-09,informativa,propio
4824,1839897,temporal,eventDate parcial sin startDayOfYear (grano no diario),eventDate | startDayOfYear,2021-09,informativa,propio
4825,1839898,temporal,eventDate parcial sin startDayOfYear (grano no diario),eventDate | startDayOfYear,2021-09,informativa,propio
4826,1839899,temporal,eventDate parcial sin startDayOfYear (grano no diario),eventDate | startDayOfYear,2021-09,informativa,propio
4827,1839900,temporal,eventDate parcial sin startDayOfYear (grano no diario),eventDate | startDayOfYear,2021-09,informativa,propio
4828,1839901,temporal,eventDate parcial sin startDayOfYear (grano no diario),eventDate | startDayOfYear,2022-03,informativa,propio
4829,1839902,temporal,eventDate parcial sin startDayOfYear (grano no diario),eventDate | startDayOfYear,2022-03,informativa,propio
4830,1839903,temporal,eventDate parcial sin startDayOfYear (grano no diario),eventDate | startDayOfYear,2022-03,informativa,propio
4831,1839904,temporal,eventDate parcial sin startDayOfYear (grano no diario),eventDate | startDayOfYear,2022-03,informativa,propio
4832,1839905,temporal,eventDate parcial sin startDayOfYear (grano no diario),eventDate | startDayOfYear,2022-03,informativa,propio
4833,1839906,temporal,eventDate parcial sin startDayOfYear (grano no diario),eventDate | startDayOfYear,2022-03,informativa,propio
4834,1839907,temporal,eventDate parcial sin startDayOfYear (grano no diario),eventDate | startDayOfYear,2022-03,informativa,propio
4835,1839908,temporal,eventDate parcial sin startDayOfYear (grano no diario),eventDate | startDayOfYear,2022-03,informativa,propio
4836,1839909,temporal,eventDate parcial sin startDayOfYear (grano no diario),eventDate | startDayOfYear,2022-03,informativa,propio
4837,1839910,temporal,eventDate parcial sin startDayOfYear (grano no diario),eventDate | startDayOfYear,2022-03,informativa,propio
4838,1839911,temporal,eventDate parcial sin startDayOfYear (grano no diario),eventDate | startDayOfYear,2022-03,informativa,propio
4839,1839912,temporal,eventDate parcial sin startDayOfYear (grano no diario),eventDate | startDayOfYear,2022-05,informativa,propio
4840,1839913,temporal,eventDate parcial sin startDayOfYear (grano no diario),eventDate | startDayOfYear,2022-05,informativa,propio
4841,1839914,temporal,eventDate parcial sin startDayOfYear (grano no diario),eventDate | startDayOfYear,2022-05,informativa,propio
4842,1839915,temporal,eventDate parcial sin startDayOfYear (grano no diario),eventDate | startDayOfYear,2022-05,informativa,propio
4843,1839916,temporal,eventDate parcial sin startDayOfYear (grano no diario),eventDate | startDayOfYear,2022-05,informativa,propio
4844,1839917,temporal,eventDate parcial sin startDayOfYear (grano no diario),eventDate | startDayOfYear,2022-05,informativa,propio
4845,1839918,temporal,eventDate parcial sin startDayOfYear (grano no diario),eventDate | startDayOfYear,2022-05,informativa,propio
4846,1839919,temporal,eventDate parcial sin startDayOfYear (grano no diario),eventDate | startDayOfYear,2022-05,informativa,propio
4847,1839920,temporal,eventDate parcial sin startDayOfYear (grano no diario),eventDate | startDayOfYear,2022-05,informativa,propio
4848,1839921,temporal,eventDate parcial sin startDayOfYear (grano no diario),eventDate | startDayOfYear,2022-05,informativa,propio
4849,1839922,temporal,eventDate parcial sin startDayOfYear (grano no diario),eventDate | startDayOfYear,2022-05,informativa,propio
4850,1839923,temporal,eventDate parcial sin startDayOfYear (grano no diario),eventDate | startDayOfYear,2022-05,informativa,propio
4851,1839924,temporal,eventDate parcial sin startDayOfYear (grano no diario),eventDate | startDayOfYear,2022-05,informativa,propio
4852,1839925,temporal,eventDate parcial sin startDayOfYear (grano no diario),eventDate | startDayOfYear,2022-05,informativa,propio
4853,1839926,temporal,eventDate parcial sin startDayOfYear (grano no diario),eventDate | startDayOfYear,2022-05,informativa,propio
4854,1839927,temporal,eventDate parcial sin startDayOfYear (grano no diario),eventDate | startDayOfYear,2022-05,informativa,propio
4855,1839928,temporal,eventDate parcial sin startDayOfYear (grano no diario),eventDate | startDayOfYear,2022-05,informativa,propio
4856,1839929,temporal,eventDate parcial sin startDayOfYear (grano no diario),eventDate | startDayOfYear,2022-05,informativa,propio
4857,1839930,temporal,eventDate parcial sin startDayOfYear (grano no diario),eventDate | startDayOfYear,2022-05,informativa,propio
4858,1839931,temporal,eventDate parcial sin startDayOfYear (grano no diario),eventDate | startDayOfYear,2022-05,informativa,propio
4859,1839932,temporal,eventDate parcial sin startDayOfYear (grano no diario),eventDate | startDayOfYear,2022-05,informativa,propio
4860,1839933,temporal,eventDate parcial sin startDayOfYear (grano no diario),eventDate | startDayOfYear,2022-05,informativa,propio
4861,1839934,temporal,eventDate parcial sin startDayOfYear (grano no diario),eventDate | startDayOfYear,2022-05,informativa,propio
4862,1839935,temporal,eventDate parcial sin startDayOfYear (grano no diario),eventDate | startDayOfYear,2022-05,informativa,propio
4863,1839936,temporal,eventDate parcial sin startDayOfYear (grano no diario),eventDate | startDayOfYear,2022-05,informativa,propio
4864,1839937,temporal,eventDate parcial sin startDayOfYear (grano no diario),eventDate | startDayOfYear,2022-05,informativa,propio
4865,1839938,temporal,eventDate parcial sin startDayOfYear (grano no diario),eventDate | startDayOfYear,2022-05,informativa,propio
4866,1839939,temporal,eventDate parcial sin startDayOfYear (grano no diario),eventDate | startDayOfYear,2022-05,informativa,propio
4867,1839940,temporal,eventDate parcial sin startDayOfYear (grano no diario),eventDate | startDayOfYear,2022-05,informativa,propio
4868,1839941,temporal,eventDate parcial sin startDayOfYear (grano no diario),eventDate | startDayOfYear,2022-05,informativa,propio
4869,1839942,temporal,eventDate parcial sin startDayOfYear (grano no diario),eventDate | startDayOfYear,2022-05,informativa,propio
4870,1839943,temporal,eventDate parcial sin startDayOfYear (grano no diario),eventDate | startDayOfYear,2022-05,informativa,propio
4871,1839944,temporal,eventDate parcial sin startDayOfYear (grano no diario),eventDate | startDayOfYear,2022-05,informativa,propio
4872,1839945,temporal,eventDate parcial sin startDayOfYear (grano no diario),eventDate | startDayOfYear,2022-05,informativa,propio
4873,1839946,temporal,eventDate parcial sin startDayOfYear (grano no diario),eventDate | startDayOfYear,2022-05,informativa,propio
4874,1839947,temporal,eventDate parcial sin startDayOfYear (grano no diario),eventDate | startDayOfYear,2022-05,informativa,propio
4875,1839948,temporal,eventDate parcial sin startDayOfYear (grano no diario),eventDate | startDayOfYear,2022-05,informativa,propio
4876,1839949,temporal,eventDate parcial sin startDayOfYear (grano no diario),eventDate | startDayOfYear,2022-05,informativa,propio
4877,1839950,temporal,eventDate parcial sin startDayOfYear (grano no diario),eventDate | startDayOfYear,2022-05,informativa,propio
4878,1839951,temporal,eventDate parcial sin startDayOfYear (grano no diario),eventDate | startDayOfYear,2022-05,informativa,propio
4879,1839952,temporal,eventDate parcial sin startDayOfYear (grano no diario),eventDate | startDayOfYear,2022-05,informativa,propio
4880,1839953,temporal,eventDate parcial sin startDayOfYear (grano no diario),eventDate | startDayOfYear,2022-05,informativa,propio
4881,1839954,temporal,eventDate parcial sin startDayOfYear (grano no diario),eventDate | startDayOfYear,2022-05,informativa,propio
4882,1839955,temporal,eventDate parcial sin startDayOfYear (grano no diario),eventDate | startDayOfYear,2022-05,informativa,propio
4883,1839956,temporal,eventDate parcial sin startDayOfYear (grano no diario),eventDate | startDayOfYear,2022-05,informativa,propio
4884,1839957,temporal,eventDate parcial sin startDayOfYear (grano no diario),eventDate | startDayOfYear,2022-05,informativa,propio
4885,1839958,temporal,eventDate parcial sin startDayOfYear (grano no diario),eventDate | startDayOfYear,2022-05,informativa,propio
4886,1839959,temporal,eventDate parcial sin startDayOfYear (grano no diario),eventDate | startDayOfYear,2022-05,informativa,propio
4887,1839960,temporal,eventDate parcial sin startDayOfYear (grano no diario),eventDate | startDayOfYear,2022-03,informativa,propio
4888,1839961,temporal,eventDate parcial sin startDayOfYear (grano no diario),eventDate | startDayOfYear,2022-03,informativa,propio
4889,1839962,temporal,eventDate parcial sin startDayOfYear (grano no diario),eventDate | startDayOfYear,2022-05,informativa,propio
4890,1839963,temporal,eventDate parcial sin startDayOfYear (grano no diario),eventDate | startDayOfYear,2022-05,informativa,propio
4891,1839964,temporal,eventDate parcial sin startDayOfYear (grano no diario),eventDate | startDayOfYear,2022-05,informativa,propio
4892,1839965,temporal,eventDate parcial sin startDayOfYear (grano no diario),eventDate | startDayOfYear,2022-05,informativa,propio
4893,1839966,temporal,eventDate parcial sin startDayOfYear (grano no diario),eventDate | startDayOfYear,2022-05,informativa,propio
4894,1839967,temporal,eventDate parcial sin startDayOfYear (grano no diario),eventDate | startDayOfYear,2022-05,informativa,propio
4895,1839968,temporal,eventDate parcial sin startDayOfYear (grano no diario),eventDate | startDayOfYear,2022-05,informativa,propio
4896,1839969,temporal,eventDate parcial sin startDayOfYear (grano no diario),eventDate | startDayOfYear,2022-05,informativa,propio
4897,1839970,temporal,eventDate parcial sin startDayOfYear (grano no diario),eventDate | startDayOfYear,2022-05,informativa,propio
4898,1839971,temporal,eventDate parcial sin startDayOfYear (grano no diario),eventDate | startDayOfYear,2022-05,informativa,propio
4899,1839972,temporal,eventDate parcial sin startDayOfYear (grano no diario),eventDate | startDayOfYear,2021-09,informativa,propio
4900,1839973,temporal,eventDate parcial sin startDayOfYear (grano no diario),eventDate | startDayOfYear,2022-05,informativa,propio
4901,1839974,temporal,eventDate parcial sin startDayOfYear (grano no diario),eventDate | startDayOfYear,2022-05,informativa,propio
4902,1839975,temporal,eventDate parcial sin startDayOfYear (grano no diario),eventDate | startDayOfYear,2022-05,informativa,propio
4903,1839976,temporal,eventDate parcial sin startDayOfYear (grano no diario),eventDate | startDayOfYear,2022-05,informativa,propio
4904,1839977,temporal,eventDate parcial sin startDayOfYear (grano no diario),eventDate | startDayOfYear,2022-05,informativa,propio
4905,1839978,temporal,eventDate parcial sin startDayOfYear (grano no diario),eventDate | startDayOfYear,2022-05,informativa,propio
4906,1839979,temporal,eventDate parcial sin startDayOfYear (grano no diario),eventDate | startDayOfYear,2021-09,informativa,propio
4907,1839980,temporal,eventDate parcial sin startDayOfYear (grano no diario),eventDate | startDayOfYear,2022-05,informativa,propio
4908,1839981,temporal,eventDate parcial sin startDayOfYear (grano no diario),eventDate | startDayOfYear,2021-09,informativa,propio
4909,1839982,temporal,eventDate parcial sin startDayOfYear (grano no diario),eventDate | startDayOfYear,2021-09,informativa,propio
4910,1839983,temporal,eventDate parcial sin startDayOfYear (grano no diario),eventDate | startDayOfYear,2022-05,informativa,propio
4911,1839984,temporal,eventDate parcial sin startDayOfYear (grano no diario),eventDate | startDayOfYear,2021-09,informativa,propio
4912,1839985,temporal,eventDate parcial sin startDayOfYear (grano no diario),eventDate | startDayOfYear,2021-09,informativa,propio
4963,1840036,temporal,eventDate parcial sin startDayOfYear (grano no diario),eventDate | startDayOfYear,2022-10,informativa,propio
4964,1840037,temporal,eventDate parcial sin startDayOfYear (grano no diario),eventDate | startDayOfYear,2022-10,informativa,propio
4965,1840038,temporal,eventDate parcial sin startDayOfYear (grano no diario),eventDate | startDayOfYear,2022-10,informativa,propio
4966,1840039,temporal,eventDate parcial sin startDayOfYear (grano no diario),eventDate | startDayOfYear,2022-10,informativa,propio
4967,1840040,temporal,eventDate parcial sin startDayOfYear (grano no diario),eventDate | startDayOfYear,2022-10,informativa,propio
4968,1840041,temporal,eventDate parcial sin startDayOfYear (grano no diario),eventDate | startDayOfYear,2022-10,informativa,propio
4969,1840042,temporal,eventDate parcial sin startDayOfYear (grano no diario),eventDate | startDayOfYear,2022-10,informativa,propio
4970,1840043,temporal,eventDate parcial sin startDayOfYear (grano no diario),eventDate | startDayOfYear,2022-10,informativa,propio
4971,1840044,temporal,eventDate parcial sin startDayOfYear (grano no diario),eventDate | startDayOfYear,2022-10,informativa,propio
4972,1840045,temporal,eventDate parcial sin startDayOfYear (grano no diario),eventDate | startDayOfYear,2022-10,informativa,propio
4973,1840046,temporal,eventDate parcial sin startDayOfYear (grano no diario),eventDate | startDayOfYear,2022-10,informativa,propio
4974,1840047,temporal,eventDate parcial sin startDayOfYear (grano no diario),eventDate | startDayOfYear,2022-10,informativa,propio
4975,1840048,temporal,eventDate parcial sin startDayOfYear (grano no diario),eventDate | startDayOfYear,2022-10,informativa,propio
4976,1840049,temporal,eventDate parcial sin startDayOfYear (grano no diario),eventDate | startDayOfYear,2022-10,informativa,propio
4977,1840050,temporal,eventDate parcial sin startDayOfYear (grano no diario),eventDate | startDayOfYear,2022-10,informativa,propio
4978,1840051,temporal,eventDate parcial sin startDayOfYear (grano no diario),eventDate | startDayOfYear,2022-10,informativa,propio
4979,1840052,temporal,eventDate parcial sin startDayOfYear (grano no diario),eventDate | startDayOfYear,2022-10,informativa,propio
4980,1840053,temporal,eventDate parcial sin startDayOfYear (grano no diario),eventDate | startDayOfYear,2022-10,informativa,propio
4981,1840054,temporal,eventDate parcial sin startDayOfYear (grano no diario),eventDate | startDayOfYear,2022-10,informativa,propio
4982,1840055,temporal,eventDate parcial sin startDayOfYear (grano no diario),eventDate | startDayOfYear,2022-10,informativa,propio
4983,1840056,temporal,eventDate parcial sin startDayOfYear (grano no diario),eventDate | startDayOfYear,2022-10,informativa,propio
4984,1840057,temporal,eventDate parcial sin startDayOfYear (grano no diario),eventDate | startDayOfYear,2022-10,informativa,propio
4985,1840058,temporal,eventDate parcial sin startDayOfYear (grano no diario),eventDate | startDayOfYear,2022-10,informativa,propio
4986,1840059,temporal,eventDate parcial sin startDayOfYear (grano no diario),eventDate | startDayOfYear,2022-10,informativa,propio
4987,1840060,temporal,eventDate parcial sin startDayOfYear (grano no diario),eventDate | startDayOfYear,2022-10,informativa,propio
4988,1840061,temporal,eventDate parcial sin startDayOfYear (grano no diario),eventDate | startDayOfYear,2022-10,informativa,propio
4989,1840062,temporal,eventDate parcial sin startDayOfYear (grano no diario),eventDate | startDayOfYear,2021-09,informativa,propio
4990,1840063,temporal,eventDate parcial sin startDayOfYear (grano no diario),eventDate | startDayOfYear,2022-10,informativa,propio
4991,1840064,temporal,eventDate parcial sin startDayOfYear (grano no diario),eventDate | startDayOfYear,2022-10,informativa,propio
4992,1840065,temporal,eventDate parcial sin startDayOfYear (grano no diario),eventDate | startDayOfYear,2022-05,informativa,propio
4993,1840066,temporal,eventDate parcial sin startDayOfYear (grano no diario),eventDate | startDayOfYear,2021-09,informativa,propio
4994,1840067,temporal,eventDate parcial sin startDayOfYear (grano no diario),eventDate | startDayOfYear,2022-05,informativa,propio
4995,1840068,temporal,eventDate parcial sin startDayOfYear (grano no diario),eventDate | startDayOfYear,2022-05,informativa,propio
4996,1840069,temporal,eventDate parcial sin startDayOfYear (grano no diario),eventDate | startDayOfYear,2022-05,informativa,propio
4997,1840070,temporal,eventDate parcial sin startDayOfYear (grano no diario),eventDate | startDayOfYear,2022-09,informativa,propio
4998,1840071,temporal,eventDate parcial sin startDayOfYear (grano no diario),eventDate | startDayOfYear,2022-09,informativa,propio
4999,1840072,temporal,eventDate parcial sin startDayOfYear (grano no diario),eventDate | startDayOfYear,2022-09,informativa,propio
5000,1840073,temporal,eventDate parcial sin startDayOfYear (grano no diario),eventDate | startDayOfYear,2022-09,informativa,propio
5001,1840074,temporal,eventDate parcial sin startDayOfYear (grano no diario),eventDate | startDayOfYear,2022-09,informativa,propio
5002,1840075,temporal,eventDate parcial sin startDayOfYear (grano no diario),eventDate | startDayOfYear,2022-09,informativa,propio
5003,1840076,temporal,eventDate parcial sin startDayOfYear (grano no diario),eventDate | startDayOfYear,2021-09,informativa,propio
5005,1840078,temporal,eventDate parcial sin startDayOfYear (grano no diario),eventDate | startDayOfYear,2021-09,informativa,propio
5006,1840079,temporal,eventDate parcial sin startDayOfYear (grano no diario),eventDate | startDayOfYear,2022-10,informativa,propio
5163,1840236,temporal,eventDate parcial sin startDayOfYear (grano no diario),eventDate | startDayOfYear,1988,informativa,propio
5531,1840604,temporal,eventDate parcial sin startDayOfYear (grano no diario),eventDate | startDayOfYear,1993,informativa,propio
5796,1840892,temporal,eventDate parcial sin startDayOfYear (grano no diario),eventDate | startDayOfYear,2005-06,informativa,propio
5799,1840895,temporal,eventDate parcial sin startDayOfYear (grano no diario),eventDate | startDayOfYear,2021-09,informativa,propio
6260,1841356,temporal,eventDate parcial sin startDayOfYear (grano no diario),eventDate | startDayOfYear,2024-11,informativa,propio
6264,1841360,temporal,eventDate parcial sin startDayOfYear (grano no diario),eventDate | startDayOfYear,2024,informativa,propio
